player_id,team_id,season_id,points_per_game,assists_per_game,rebounds_per_game,blocks_per_game
1630173,1610612748,2020,304,29,208,28
1630173,1610612761,2021,664,82,473,41
1630173,1610612761,2022,508,50,328,30
1630173,1610612761,2023,193,44,136,12
1630173,1610612752,2023,372,53,351,56
1630173,0,2023,565,97,487,68
1630173,1610612752,2024,379,55,317,42
203500,1610612740,2020,438,111,514,38
203500,1610612763,2021,528,256,760,60
203500,1610612763,2022,361,97,485,46
203500,1610612745,2024,225,66,327,28
1628389,1610612748,2020,1197,346,573,66
1628389,1610612748,2021,1068,190,564,44
1628389,1610612748,2022,1529,240,688,61
1628389,1610612748,2023,1367,278,737,66
1628389,1610612748,2024,1410,337,749,53
1630534,1610612762,2022,467,67,121,15
1630534,1610612762,2023,274,47,126,29
1630534,1610612761,2023,181,36,90,15
1630534,0,2023,455,83,216,44
1630534,1610612761,2024,667,98,242,30
1630583,1610612763,2021,132,21,87,10
1630583,1610612763,2022,696,97,371,48
1630583,1610612763,2023,654,138,352,54
1630583,1610612763,2024,811,188,416,29
1641725,1610612743,2024,32,11,12,1
1629638,1610612740,2020,508,102,144,22
1629638,1610612740,2021,639,139,164,19
1629638,1610612762,2021,53,17,23,4
1629638,0,2021,692,156,187,23
1629638,1610612762,2022,228,76,59,14
1629638,1610612750,2022,135,32,42,7
1629638,0,2022,363,108,101,21
1629638,1610612750,2023,655,204,167,42
1629638,1610612750,2024,773,223,265,34
1628960,1610612763,2020,532,108,160,8
1628960,1610612749,2021,733,100,222,18
1628960,1610612749,2022,750,163,237,14
1628960,1610612756,2023,1014,227,295,45
1628960,1610612756,2024,680,137,194,19
1628386,1610612751,2020,134,20,125,19
1628386,1610612739,2020,672,86,506,71
1628386,0,2020,806,106,631,90
1628386,1610612739,2021,904,92,602,75
1628386,1610612739,2022,969,113,666,84
1628386,1610612739,2023,1271,210,811,81
1628386,1610612739,2024,1103,158,798,73
1630631,1610612740,2021,330,152,100,7
1630631,1610612740,2022,550,186,141,10
1630631,1610612740,2023,397,117,128,15
1630631,1610612740,2024,579,259,136,14
203937,1610612763,2020,854,250,396,57
203937,1610612763,2021,521,183,368,45
203937,1610612750,2022,647,335,368,63
203937,1610612750,2023,506,331,273,47
203937,1610612744,2024,189,81,110,20
203937,1610612748,2024,168,64,96,13
203937,0,2024,357,145,206,33
203507,1610612749,2020,1717,357,671,73
203507,1610612749,2021,2002,388,778,91
203507,1610612749,2022,1959,359,742,51
203507,1610612749,2023,2222,476,841,79
203507,1610612749,2024,2036,433,798,78
1630175,1610612753,2020,605,192,221,18
1630175,1610612753,2021,1062,369,348,17
1630175,1610612753,2022,781,235,288,31
1630175,1610612753,2023,937,236,311,37
1630175,1610612753,2024,630,191,204,32
1628384,1610612761,2020,682,94,237,32
1628384,1610612761,2021,822,125,264,25
1628384,1610612761,2022,1124,131,332,50
1628384,1610612761,2023,408,72,106,13
1628384,1610612752,2023,325,35,102,23
1628384,0,2023,733,107,208,36
1628384,1610612752,2024,1332,164,358,65
1630166,1610612764,2020,342,63,262,15
1630166,1610612764,2021,685,167,425,44
1630166,1610612764,2022,697,211,487,29
1630166,1610612764,2023,1102,286,540,36
1630166,1610612757,2024,1219,281,522,35
1629028,1610612756,2020,997,99,727,81
1629028,1610612756,2021,997,84,593,40
1629028,1610612756,2022,1203,115,667,53
1629028,1610612757,2023,920,90,609,42
1629028,1610612757,2024,576,64,406,39
1630542,1610612755,2024,67,10,70,12
1628963,1610612758,2020,608,43,318,21
1628963,1610612758,2021,278,17,215,11
1628963,1610612765,2021,262,19,123,7
1628963,0,2021,540,36,338,18
1628963,1610612765,2022,504,36,269,30
1628963,1610612765,2023,265,27,118,14
1628963,1610612764,2023,318,28,194,19
1628963,0,2023,583,55,312,33
1628963,1610612764,2024,93,7,56,5
1628963,1610612763,2024,43,4,28,3
1628963,0,2024,136,11,84,8
1631116,1610612744,2022,122,11,40,4
1631116,1610612764,2023,168,29,123,15
1631116,1610612764,2024,47,2,22,2
1631116,1610612746,2024,6,1,3,0
1631116,0,2024,53,3,25,2
1630163,1610612766,2020,803,313,302,18
1630163,1610612766,2021,1508,571,501,30
1630163,1610612766,2022,838,304,231,11
1630163,1610612766,2023,526,176,113,4
1630163,1610612766,2024,1184,346,232,13
1628366,1610612740,2020,802,316,263,31
1628366,1610612741,2021,455,178,190,31
1628366,1610612741,2024,267,115,118,17
1628964,1610612753,2020,367,35,265,58
1628964,1610612753,2021,756,85,572,118
1628964,1610612753,2022,290,42,184,38
1628964,1610612747,2022,33,4,41,5
1628964,0,2022,323,46,225,43
1628964,1610612755,2023,253,41,238,60
1628964,1610612746,2024,128,16,120,28
1628964,1610612740,2024,10,2,25,3
1628964,0,2024,138,18,145,31
1631094,1610612753,2022,1437,269,497,39
1631094,1610612753,2023,1804,431,554,47
1631094,1610612753,2024,1191,219,345,28
1630217,1610612763,2020,625,118,210,16
1630217,1610612763,2021,1384,208,334,29
1630217,1610612763,2022,1247,254,291,22
1630217,1610612763,2023,997,230,185,22
1630217,1610612763,2024,1327,369,418,28
1630625,1610612761,2021,205,99,124,10
1630625,1610612761,2022,142,36,45,13
1630625,1610612738,2023,56,19,35,3
1630625,1610612757,2023,501,108,143,17
1630625,0,2023,557,127,178,20
1630625,1610612757,2024,559,160,135,34
1631230,1610612759,2022,110,24,102,19
1631230,1610612759,2023,144,36,113,14
1631230,1610612737,2024,148,19,85,16
203084,1610612758,2020,933,201,385,11
203084,1610612758,2021,1265,186,432,14
203084,1610612758,2022,1230,128,366,10
203084,1610612758,2023,1000,99,249,12
203084,1610612759,2024,1011,136,310,14
1630567,1610612761,2021,1134,256,557,55
1630567,1610612761,2022,1179,371,512,61
1630567,1610612761,2023,1191,363,494,88
1630567,1610612761,2024,1252,378,502,63
1629628,1610612752,2020,1264,217,414,20
1629628,1610612752,2021,1402,208,408,16
1629628,1610612752,2022,1431,201,368,15
1629628,1610612752,2023,474,63,111,9
1629628,1610612761,2023,696,130,204,13
1629628,0,2023,1170,193,315,22
1629628,1610612761,2024,1223,314,366,17
1629646,1610612755,2021,69,7,62,17
1629646,1610612759,2022,199,48,193,33
1629646,1610612759,2023,63,21,76,17
1629646,1610612759,2024,157,17,152,30
1641734,1610612739,2023,41,10,14,2
1641734,1610612739,2024,37,8,7,1
1642419,1610612761,2024,419,53,158,10
201587,1610612746,2020,540,148,316,37
201587,1610612746,2021,491,100,254,42
201587,1610612746,2022,478,121,299,44
201587,1610612746,2023,8,5,7,4
201587,1610612755,2023,312,123,241,34
201587,0,2023,320,128,248,38
201587,1610612746,2024,313,84,218,36
1641878,1610612766,2024,109,56,50,2
203078,1610612764,2020,1878,265,283,22
203078,1610612764,2021,928,265,189,15
203078,1610612764,2022,1160,271,196,33
203078,1610612756,2023,964,265,232,27
203078,1610612756,2024,902,195,177,28
1627736,1610612750,2020,724,88,162,7
1627736,1610612750,2021,953,116,227,12
1627736,1610612762,2022,736,93,197,8
1627736,1610612747,2022,289,31,86,1
1627736,0,2022,1025,124,283,9
1627736,1610612749,2023,889,108,290,9
1627736,1610612765,2024,1336,139,214,5
1630699,1610612749,2022,266,35,115,7
1630699,1610612749,2023,211,31,99,7
1630699,1610612749,2024,52,8,32,1
1630699,1610612746,2024,12,2,3,0
1630699,1610612752,2024,15,1,9,0
1630699,0,2024,79,11,44,1
1641736,1610612744,2024,2,1,1,0
1641736,1610612751,2024,91,62,38,2
1641736,0,2024,93,63,39,2
1630180,1610612765,2020,857,95,318,14
1630180,1610612765,2021,1321,233,441,16
1630180,1610612765,2022,771,84,242,12
1630180,1610612737,2022,291,34,120,1
1630180,0,2022,1062,118,362,13
1630180,1610612737,2023,863,92,411,11
1629048,1610612754,2020,231,37,150,60
1629048,1610612754,2021,349,55,177,42
1629048,1610612754,2022,69,18,49,10
1629048,1610612753,2022,98,21,88,16
1629048,0,2022,167,39,137,26
1629048,1610612753,2023,311,79,286,72
1629048,1610612753,2024,502,137,463,98
202687,1610612766,2020,331,81,347,74
202687,1610612756,2021,210,23,167,26
202687,1610612756,2022,263,56,260,88
202687,1610612763,2023,156,51,191,34
202687,1610612760,2023,18,2,18,3
202687,0,2023,174,53,209,37
202687,1610612759,2024,144,31,158,23
1641710,1610612753,2023,316,91,139,21
1641710,1610612753,2024,736,240,230,48
203992,1610612737,2020,720,147,160,13
203992,1610612737,2021,950,194,250,14
203992,1610612737,2022,756,150,165,18
203992,1610612737,2023,1333,247,272,26
203992,1610612737,2024,240,49,66,6
203992,1610612746,2024,343,97,93,5
203992,0,2024,583,146,159,11
1629626,1610612743,2020,69,7,24,10
1629626,1610612743,2021,33,5,20,2
1629626,1610612753,2022,634,69,405,85
1629626,1610612756,2023,223,17,137,25
1629626,1610612756,2024,244,22,104,25
1641737,1610612755,2024,337,27,245,69
1626164,1610612756,2020,1712,289,281,16
1626164,1610612756,2021,1822,329,342,26
1626164,1610612756,2022,1471,293,240,18
1626164,1610612756,2023,1841,472,308,28
1626164,1610612756,2024,1923,529,305,16
1630527,1610612746,2021,343,51,111,13
1630527,1610612746,2022,143,20,30,0
1630527,1610612746,2023,167,13,52,8
1630527,1610612740,2024,448,92,134,9
1628449,1610612761,2020,818,63,404,111
1628449,1610612761,2021,754,25,494,75
1628449,1610612761,2022,712,29,421,64
1628449,1610612761,2023,322,23,207,24
1628449,1610612761,2024,502,33,224,25
1631123,1610612748,2022,15,4,5,2
1631123,1610612764,2022,0,0,1,0
1631123,0,2022,15,4,6,2
1631123,1610612757,2023,10,8,10,0
1631123,1610612759,2023,11,3,9,0
1631123,0,2023,21,11,19,0
1631123,1610612749,2024,17,10,5,2
1628396,1610612755,2020,109,17,104,13
1628396,1610612760,2020,191,20,135,17
1628396,0,2020,300,37,239,30
1628396,1610612741,2021,163,27,186,33
1628396,1610612741,2022,19,1,11,1
1628396,1610612754,2024,61,6,42,9
1631103,1610612759,2022,673,127,181,7
1631103,1610612759,2023,690,156,148,8
1631103,1610612759,2024,235,38,51,2
1631128,1610612743,2022,360,59,181,17
1631128,1610612743,2023,600,132,306,35
1631128,1610612743,2024,1218,205,410,37
1641779,1610612756,2024,9,0,4,0
1628969,1610612756,2020,970,152,309,63
1628969,1610612756,2021,1162,185,347,36
1628969,1610612756,2022,965,201,243,45
1628969,1610612751,2022,706,72,121,16
1628969,0,2022,1671,273,364,61
1628969,1610612751,2023,1606,299,372,30
1628969,1610612752,2024,1444,306,259,43
1628970,1610612766,2020,840,147,397,52
1628970,1610612766,2021,1613,300,559,67
1628970,1610612766,2023,1449,231,505,33
1628970,1610612766,2024,1300,248,481,45
1629052,1610612754,2020,229,18,115,20
1629052,1610612754,2021,613,72,358,29
1629052,1610612754,2022,398,44,218,13
1629052,1610612738,2023,201,44,160,8
1629052,1610612755,2024,52,4,22,3
1627763,1610612754,2020,1186,329,294,15
1627763,1610612754,2021,687,212,185,14
1627763,1610612738,2022,1000,248,280,18
1627763,1610612757,2023,613,214,148,8
1627763,1610612764,2024,305,98,91,5
1628415,1610612763,2020,1151,157,196,26
1628415,1610612763,2021,590,88,102,8
1628415,1610612763,2022,1047,189,244,16
1628415,1610612745,2023,915,119,246,10
1628415,1610612745,2024,1053,128,275,16
1631232,1610612740,2024,142,13,58,10
1628971,1610612751,2020,573,104,349,28
1628971,1610612751,2021,647,148,345,52
1628971,1610612743,2022,923,268,328,51
1628971,1610612754,2023,398,100,154,8
1628971,1610612761,2023,328,92,130,9
1628971,0,2023,726,192,284,17
1628971,1610612761,2024,151,28,68,3
1628971,1610612740,2024,189,56,96,7
1628971,0,2024,340,84,164,10
1627759,1610612738,2020,1430,195,347,32
1627759,1610612738,2021,1559,231,404,18
1627759,1610612738,2022,1784,232,459,26
1627759,1610612738,2023,1610,249,387,37
1627759,1610612738,2024,1398,286,368,19
1641738,1610612746,2023,89,25,62,6
1641738,1610612746,2024,77,24,65,4
1629650,1610612760,2020,370,10,383,47
1629650,1610612742,2021,81,1,61,9
1629650,1610612739,2021,90,0,74,7
1629650,0,2021,171,1,135,16
1629650,1610612746,2022,155,4,139,14
1629650,1610612751,2022,0,0,0,0
1629650,0,2022,155,4,139,14
1629650,1610612757,2023,75,7,86,7
1629650,1610612754,2024,29,0,13,1
1629650,1610612742,2024,47,2,31,3
1629650,0,2024,76,2,44,4
1628973,1610612742,2020,857,239,231,1
1628973,1610612742,2021,1285,377,309,3
1628973,1610612752,2022,1633,421,241,15
1628973,1610612752,2023,2212,519,278,13
1628973,1610612752,2024,1690,475,187,8
1628418,1610612764,2020,143,15,61,8
1628418,1610612764,2021,201,23,108,21
1628418,1610612747,2022,496,29,279,23
1628418,1610612743,2022,83,2,60,7
1628418,0,2022,579,31,339,30
1628418,1610612748,2023,217,23,141,16
1628418,1610612748,2024,41,4,32,9
1628418,1610612754,2024,388,49,219,32
1628418,0,2024,429,53,251,41
1641723,1610612737,2023,81,27,33,5
1641723,1610612737,2024,53,17,21,2
202692,1610612752,2020,623,107,227,14
202692,1610612752,2021,944,239,397,26
202692,1610612765,2022,652,114,158,8
202692,1610612765,2023,540,68,110,11
202692,1610612752,2023,149,20,40,1
202692,0,2023,689,88,150,12
202692,1610612748,2024,356,55,124,7
1630215,1610612762,2021,161,63,45,8
1630215,1610612760,2022,37,8,4,0
1630215,1610612764,2023,251,126,58,8
1630215,1610612764,2024,220,82,41,5
1630215,1610612755,2024,321,138,69,8
1630215,0,2024,541,220,110,13
202710,1610612748,2020,1116,369,359,18
202710,1610612748,2021,1219,312,336,27
202710,1610612748,2022,1466,340,375,21
202710,1610612748,2023,1246,298,318,17
202710,1610612748,2024,426,120,131,10
202710,1610612744,2024,538,178,165,8
202710,0,2024,964,298,296,18
1641824,1610612741,2024,688,79,278,75
1631288,1610612748,2022,98,12,52,1
1631288,1610612748,2023,97,10,37,5
1631288,1610612740,2024,196,22,85,9
203484,1610612747,2020,653,127,179,26
203484,1610612764,2021,1018,145,261,26
203484,1610612743,2022,822,183,208,35
203484,1610612743,2023,766,183,183,42
203484,1610612753,2024,673,136,169,34
1641739,1610612757,2023,527,87,343,33
1641739,1610612757,2024,882,175,450,50
203991,1610612737,2020,956,49,903,129
203991,1610612737,2021,820,92,877,93
203991,1610612737,2022,779,58,717,79
203991,1610612737,2023,836,91,776,106
203991,1610612737,2024,488,62,469,53
1642382,1610612760,2024,122,14,54,21
1642267,1610612764,2024,807,364,341,21
1642269,1610612758,2024,138,41,76,4
1628975,1610612756,2020,248,71,92,9
1628975,1610612751,2021,165,46,67,10
1628975,1610612749,2021,112,50,43,4
1628975,0,2021,277,96,110,14
1628975,1610612749,2022,651,197,202,29
1628975,1610612741,2023,357,94,60,16
1628975,1610612741,2024,153,40,39,3
1628976,1610612741,2020,348,69,250,24
1628976,1610612753,2020,258,35,193,18
1628976,0,2020,606,104,443,42
1628976,1610612753,2021,931,171,648,43
1628976,1610612753,2022,868,132,497,33
1628976,1610612753,2023,603,95,381,28
1628976,1610612753,2024,618,134,492,41
1630618,1610612761,2023,11,3,4,0
1630618,1610612761,2024,3,3,4,0
1627936,1610612747,2020,370,160,170,15
1627936,1610612741,2021,304,165,148,15
1627936,1610612741,2022,374,193,196,46
1627936,1610612741,2023,715,247,273,70
1627936,1610612760,2024,382,137,159,30
1642264,1610612759,2024,1190,332,297,22
1630658,1610612747,2023,24,3,12,0
1630658,1610612763,2024,14,0,9,1
1630658,1610612755,2024,30,10,37,1
1630658,1610612761,2024,79,18,76,8
1630658,0,2024,123,28,122,10
1630577,1610612755,2022,0,0,0,0
1630577,1610612759,2022,165,10,60,5
1630577,0,2022,165,10,60,5
1630577,1610612759,2023,504,103,206,42
1630577,1610612759,2024,815,111,318,35
1630551,1610612761,2021,81,11,72,4
1630551,1610612761,2022,6,1,4,0
1630551,1610612738,2022,5,3,4,0
1630551,0,2022,11,4,8,0
1630551,1610612764,2023,89,19,53,9
1630551,1610612764,2024,544,60,351,39
1642279,1610612761,2024,5,2,8,1
1642353,1610612746,2024,18,6,12,1
1631108,1610612747,2022,128,21,75,7
1631108,1610612747,2023,284,60,142,17
1631108,1610612747,2024,390,66,123,21
1631108,1610612742,2024,359,80,135,10
1631108,0,2024,749,146,258,31
1630528,1610612745,2021,587,150,186,13
1630528,1610612745,2022,372,73,71,15
1630528,1610612748,2024,28,8,9,3
1631321,1610612759,2023,45,10,22,3
1631321,1610612759,2024,22,6,10,0
1631321,1610612757,2024,10,9,11,1
1631321,0,2024,32,15,21,1
1641740,1610612750,2024,163,26,53,2
1629634,1610612763,2020,610,95,328,51
1629634,1610612763,2021,666,86,342,68
1629634,1610612763,2022,558,72,310,37
1629634,1610612763,2023,68,9,32,6
1629634,1610612763,2024,534,66,326,36
203903,1610612762,2020,1251,168,274,10
203903,1610612762,2021,1266,194,273,16
203903,1610612762,2022,1271,270,246,13
203903,1610612762,2023,942,277,188,6
203903,1610612762,2024,600,138,118,9
1629651,1610612751,2020,212,28,166,40
1629651,1610612751,2021,410,43,264,51
1629651,1610612751,2022,961,144,702,189
1629651,1610612751,2023,841,147,706,146
1629651,1610612751,2024,724,157,515,100
1642270,1610612757,2024,436,77,527,110
1641730,1610612751,2023,133,18,81,16
1641730,1610612751,2024,420,40,181,21
1629599,1610612746,2020,140,22,44,0
1629599,1610612746,2021,619,124,197,15
1629599,1610612746,2022,172,53,53,5
1629599,1610612746,2023,463,76,148,14
1629599,1610612746,2024,696,77,161,7
1642268,1610612762,2024,615,446,235,16
1628381,1610612737,2020,1111,78,467,63
1628381,1610612737,2021,876,98,422,56
1628381,1610612737,2022,931,85,462,73
1628381,1610612762,2023,1027,77,575,61
1628381,1610612762,2024,758,80,327,40
1641879,1610612744,2024,2,4,3,0
1628380,1610612759,2021,218,61,153,23
1628380,1610612759,2022,731,180,402,49
1628380,1610612759,2023,776,194,370,52
1628380,1610612759,2024,167,52,101,15
1628380,1610612741,2024,240,59,187,14
1628380,0,2024,407,111,288,29
201144,1610612762,2020,827,305,177,9
201144,1610612762,2021,986,385,217,21
201144,1610612762,2022,461,330,107,10
201144,1610612750,2022,337,120,75,4
201144,0,2022,798,450,182,14
201144,1610612750,2023,869,449,218,17
201144,1610612750,2024,582,319,182,14
1626192,1610612749,2020,468,81,332,23
1626192,1610612749,2021,645,82,273,15
1626192,1610612749,2022,466,77,283,11
1626192,1610612749,2023,428,161,239,19
1626192,1610612749,2024,216,70,109,11
1641731,1610612764,2023,532,110,256,48
1641731,1610612764,2024,727,199,294,41
1641741,1610612755,2023,173,16,46,1
1641741,1610612755,2024,532,97,214,13
1628470,1610612749,2020,45,16,43,7
1628470,1610612756,2020,229,33,154,20
1628470,0,2020,274,49,197,27
1628470,1610612754,2021,329,58,195,19
1628470,1610612756,2021,187,33,115,17
1628470,0,2021,516,91,310,36
1628470,1610612756,2022,588,117,426,62
1628470,1610612741,2023,303,58,217,21
1628470,1610612741,2024,62,5,25,1
1628470,1610612738,2024,46,12,48,11
1628470,0,2024,108,17,73,12
1642384,1610612758,2024,13,1,8,2
203109,1610612756,2020,603,127,282,27
203109,1610612756,2021,632,124,354,30
203109,1610612749,2022,124,27,69,6
203109,1610612749,2023,312,66,161,9
203109,1610612758,2024,23,6,20,0
1630595,1610612765,2021,1114,356,354,43
1630595,1610612765,2022,239,72,74,7
1630595,1610612765,2023,1405,464,268,22
1630595,1610612765,2024,1830,638,425,53
203552,1610612755,2020,711,155,136,8
203552,1610612755,2021,676,181,151,11
203552,1610612751,2021,284,49,49,3
203552,0,2021,960,230,200,14
203552,1610612751,2022,561,99,100,7
203552,1610612742,2023,154,30,52,3
203552,1610612766,2023,72,14,16,3
203552,0,2023,226,44,68,6
203552,1610612766,2024,444,60,113,7
201939,1610612744,2020,2015,363,345,8
201939,1610612744,2021,1630,404,335,23
201939,1610612744,2022,1648,352,341,20
201939,1610612744,2023,1956,379,330,28
201939,1610612744,2024,1718,421,310,30
1642359,1610612752,2024,30,5,18,2
1630700,1610612740,2022,227,134,188,11
1630700,1610612740,2023,354,164,236,25
1630700,1610612737,2024,1073,333,449,55
1642368,1610612745,2024,24,2,21,5
203076,1610612747,2020,786,110,286,59
203076,1610612747,2021,927,122,394,90
203076,1610612747,2022,1451,148,702,114
203076,1610612747,2023,1876,266,961,178
203076,1610612747,2024,1081,141,499,90
203076,1610612742,2024,180,40,91,20
203076,0,2024,1261,181,590,110
1631098,1610612764,2022,163,28,65,8
1631098,1610612764,2023,152,32,72,10
1631098,1610612764,2024,80,11,38,6
1631120,1610612738,2022,19,11,9,2
1631120,1610612738,2023,16,10,10,1
1631120,1610612738,2024,33,13,13,1
201942,1610612759,2020,1316,422,259,15
201942,1610612741,2021,2118,374,392,24
201942,1610612741,2022,1816,377,343,36
201942,1610612741,2023,1897,421,340,45
201942,1610612758,2024,1710,342,298,32
1642484,1610612754,2024,30,14,12,2
1628978,1610612749,2020,688,203,380,15
1628978,1610612749,2021,122,29,60,3
1628978,1610612758,2021,258,89,110,5
1628978,0,2021,380,118,170,8
1628978,1610612744,2022,678,252,325,10
1628978,1610612752,2023,1259,216,297,36
1628978,1610612750,2024,723,225,228,17
1631217,1610612746,2022,59,4,50,8
1631217,1610612746,2023,29,4,24,1
1631217,1610612766,2024,403,56,438,40
1641711,1610612761,2023,510,68,132,2
1641711,1610612761,2024,777,98,193,10
1631172,1610612760,2022,193,46,105,7
1631172,1610612760,2023,133,37,51,5
1631172,1610612760,2024,142,31,81,7
1642265,1610612750,2024,219,98,50,1
203915,1610612751,2020,20,9,13,1
203915,1610612764,2021,556,256,207,7
203915,1610612742,2021,363,90,72,6
203915,0,2021,919,346,279,13
203915,1610612742,2022,940,279,163,16
203915,1610612751,2022,429,236,107,8
203915,0,2022,1369,515,270,24
203915,1610612751,2023,604,288,158,9
203915,1610612747,2023,191,68,47,13
203915,0,2023,795,356,205,22
203915,1610612742,2024,872,349,209,17
1629029,1610612742,2020,1830,567,527,36
1629029,1610612742,2021,1847,568,593,36
1629029,1610612742,2022,2138,529,569,33
1629029,1610612742,2023,2370,686,647,38
1629029,1610612742,2024,619,172,183,9
1629029,1610612747,2024,789,211,226,12
1629029,0,2024,1408,383,409,21
1629652,1610612760,2020,729,88,189,19
1629652,1610612760,2021,877,88,212,18
1629652,1610612760,2022,1013,154,344,23
1629652,1610612760,2023,860,113,284,47
1629652,1610612760,2024,719,115,293,39
1630245,1610612741,2021,679,256,214,29
1630245,1610612741,2022,687,206,220,26
1630245,1610612741,2023,924,242,216,36
1630245,1610612741,2024,566,208,161,18
1630288,1610612744,2021,6,3,7,1
1630288,1610612749,2021,0,0,0,0
1630288,1610612753,2021,13,7,11,0
1630288,0,2021,19,10,18,1
1630288,1610612761,2022,61,31,23,3
1630288,1610612755,2023,52,27,20,1
1630288,1610612755,2024,285,78,60,12
1628408,1610612743,2020,385,92,182,22
1628408,1610612743,2021,97,29,63,6
1628408,1610612758,2022,22,10,14,1
1628408,1610612750,2024,7,5,5,0
203083,1610612739,2020,437,64,337,29
203083,1610612747,2020,250,30,214,20
203083,0,2020,687,94,551,49
203083,1610612755,2021,298,97,433,45
203083,1610612751,2021,282,34,247,23
203083,0,2021,580,131,680,68
203083,1610612741,2022,399,33,444,27
203083,1610612741,2023,663,37,708,48
203083,1610612755,2024,293,34,310,18
1630537,1610612754,2021,720,114,226,10
1630537,1610612754,2022,362,64,115,9
1630537,1610612758,2023,230,44,106,8
1630537,1610612741,2024,36,9,20,0
1642505,1610612760,2024,36,5,26,0
1630561,1610612751,2021,104,17,67,7
1630561,1610612751,2022,85,21,29,1
1630561,1610612759,2023,26,5,10,0
1630561,1610612759,2024,16,4,5,0
1627739,1610612737,2020,5,2,6,2
1627739,1610612757,2021,106,79,49,3
1627739,1610612762,2022,290,124,100,10
1627739,1610612762,2023,357,254,189,28
1627739,1610612746,2024,474,210,251,27
1642346,1610612756,2024,511,57,267,40
201142,1610612751,2020,943,195,247,45
201142,1610612751,2021,1643,351,407,52
201142,1610612751,2022,1158,207,262,57
201142,1610612756,2022,208,28,51,10
201142,0,2022,1366,235,313,67
201142,1610612756,2023,2032,378,495,91
201142,1610612756,2024,1647,263,374,77
1631105,1610612765,2022,612,75,595,59
1631105,1610612765,2023,841,147,709,47
1631105,1610612765,2024,918,209,807,89
1631106,1610612745,2022,760,88,496,47
1631106,1610612745,2023,215,27,153,19
1631106,1610612745,2024,686,83,362,50
1641744,1610612763,2024,610,65,548,85
1630162,1610612750,2020,1392,211,336,36
1630162,1610612750,2021,1533,275,343,46
1630162,1610612750,2022,1946,350,458,58
1630162,1610612750,2023,2049,405,430,42
1630162,1610612750,2024,2177,359,450,51
1642399,1610612750,2024,0,1,0,0
1642348,1610612755,2024,445,69,148,16
1630556,1610612751,2021,284,31,172,24
1630556,1610612751,2022,15,2,14,1
1630556,1610612758,2022,85,21,47,5
1630556,0,2022,100,23,61,6
1630556,1610612758,2023,93,15,42,4
1630556,1610612742,2024,168,42,115,20
1631165,1610612758,2022,24,6,8,1
1631165,1610612758,2023,310,85,124,29
1631165,1610612758,2024,666,120,212,63
203954,1610612755,2020,1451,145,539,69
203954,1610612755,2021,2079,284,796,99
203954,1610612755,2022,2183,274,670,112
203954,1610612755,2023,1353,219,430,66
203954,1610612755,2024,452,85,155,18
1630623,1610612751,2024,55,12,9,1
1629234,1610612759,2020,311,42,241,49
1629234,1610612759,2021,228,50,196,30
1629234,1610612757,2021,318,35,186,10
1629234,0,2021,546,85,382,40
1629234,1610612757,2022,518,103,418,102
1629234,1610612756,2023,379,63,322,61
1629234,1610612762,2024,215,45,168,32
1629234,1610612746,2024,65,9,58,7
1629234,0,2024,280,54,226,39
1641787,1610612763,2023,10,6,14,1
1641787,1610612765,2023,91,10,46,4
1641787,0,2023,101,16,60,5
1641787,1610612751,2024,267,55,120,10
203957,1610612739,2020,23,13,17,2
203957,1610612742,2023,428,157,149,5
203957,1610612742,2024,174,56,33,3
1628981,1610612737,2020,51,10,78,3
1628981,1610612738,2021,19,4,15,3
1628981,1610612745,2021,69,3,40,8
1628981,0,2021,88,7,55,11
1628981,1610612745,2022,126,30,122,31
1628981,1610612737,2022,27,1,15,3
1628981,0,2022,153,31,137,34
1628981,1610612737,2023,282,46,193,28
1628981,1610612761,2024,58,18,51,9
1642271,1610612762,2024,690,140,440,22
1627827,1610612742,2020,590,102,326,25
1627827,1610612742,2021,880,150,375,39
1627827,1610612742,2022,365,59,188,20
1627827,1610612751,2022,186,41,128,16
1627827,0,2022,551,100,316,36
1627827,1610612751,2023,580,107,317,38
1627827,1610612751,2024,208,31,91,12
1627827,1610612747,2024,341,59,156,11
1627827,0,2024,549,90,247,23
1641745,1610612760,2023,3,4,0,0
1641745,1610612760,2024,65,12,27,3
1642280,1610612746,2024,11,0,4,0
1630201,1610612761,2020,353,137,116,7
1630201,1610612761,2021,189,70,63,4
1630201,1610612761,2022,246,70,76,4
1630201,1610612761,2023,157,73,65,6
1630201,1610612752,2023,31,6,6,0
1630201,1610612765,2023,192,51,43,2
1630201,0,2023,380,130,114,8
1630201,1610612766,2024,16,7,7,0
1631323,1610612762,2022,328,42,86,8
1631323,1610612762,2023,445,73,176,18
1631323,1610612765,2023,247,28,70,5
1631323,0,2023,692,101,246,23
1631323,1610612765,2024,446,65,215,12
1628368,1610612758,2020,1461,417,203,27
1628368,1610612758,2021,1367,330,231,25
1628368,1610612758,2022,1826,447,306,23
1628368,1610612758,2023,1966,418,340,31
1628368,1610612758,2024,1124,276,225,20
1628368,1610612759,2024,335,116,73,5
1628368,0,2024,1459,392,298,25
1642402,1610612754,2024,46,9,30,3
1628365,1610612753,2020,103,43,25,2
1628365,1610612753,2021,195,99,49,5
1628365,1610612753,2022,837,341,234,26
1628365,1610612753,2023,335,120,138,15
1628365,1610612758,2024,61,27,20,2
1642277,1610612754,2024,103,19,71,11
1629655,1610612741,2020,147,17,103,34
1629655,1610612764,2020,233,12,128,41
1629655,0,2020,380,29,231,75
1629655,1610612764,2021,677,68,407,99
1629655,1610612764,2022,705,84,433,99
1629655,1610612764,2023,490,69,361,97
1629655,1610612742,2023,324,46,201,56
1629655,0,2023,814,115,562,153
1629655,1610612742,2024,701,80,388,102
1629636,1610612739,2020,941,329,129,6
1629636,1610612739,2021,1473,583,224,7
1629636,1610612739,2022,1490,538,185,9
1629636,1610612739,2023,1028,373,152,7
1629636,1610612739,2024,1544,506,214,11
1630585,1610612748,2021,13,7,23,3
1630585,1610612766,2024,28,13,6,2
1630568,1610612765,2021,186,20,100,6
1630568,1610612750,2022,181,18,63,2
1630568,1610612750,2023,99,4,31,1
1630568,1610612750,2024,138,11,54,3
1641718,1610612762,2023,974,332,211,7
1641718,1610612762,2024,1125,377,253,9
1642273,1610612764,2024,590,169,285,50
202331,1610612746,2020,1259,280,359,24
202331,1610612746,2021,754,176,213,13
202331,1610612746,2022,1332,288,342,20
202331,1610612746,2023,1671,262,388,37
202331,1610612755,2024,665,178,219,20
201959,1610612752,2020,241,36,250,49
201959,1610612752,2021,229,32,229,40
201959,1610612764,2022,168,34,93,12
201959,1610612752,2023,16,9,28,6
201959,1610612765,2023,18,2,9,1
201959,0,2023,34,11,37,7
201959,1610612766,2024,107,21,120,18
1630581,1610612760,2021,674,345,421,20
1630581,1610612760,2022,1260,469,599,31
1630581,1610612760,2023,986,386,514,44
1630581,1610612741,2024,1022,503,566,45
1628983,1610612760,2020,830,207,166,23
1628983,1610612760,2021,1371,331,278,46
1628983,1610612760,2022,2135,371,329,65
1628983,1610612760,2023,2254,465,415,67
1628983,1610612760,2024,2484,486,379,77
1630264,1610612764,2020,80,11,51,4
1630264,1610612764,2021,180,27,85,11
1630264,1610612764,2022,195,34,99,12
1630264,1610612764,2023,189,34,94,11
1630264,1610612764,2024,129,16,66,2
1631221,1610612743,2023,87,27,21,0
1631221,1610612756,2024,194,78,78,5
203497,1610612762,2020,1015,89,960,190
203497,1610612762,2021,1027,72,968,137
203497,1610612750,2022,939,87,814,95
203497,1610612750,2023,1061,102,982,162
203497,1610612750,2024,866,127,785,104
1630692,1610612764,2021,0,0,1,0
1630692,1610612764,2022,407,168,205,26
1630692,1610612756,2023,198,78,117,9
1630692,1610612763,2023,170,77,136,9
1630692,0,2023,368,155,253,18
1630692,1610612747,2024,161,42,112,11
203932,1610612753,2020,364,105,166,20
203932,1610612743,2020,254,56,118,14
203932,0,2020,618,161,284,34
203932,1610612743,2021,1126,188,439,44
203932,1610612743,2022,1109,203,446,51
203932,1610612743,2023,1013,259,471,45
203932,1610612743,2024,748,164,247,14
201569,1610612745,2020,481,71,58,13
201569,1610612745,2021,765,154,113,18
201569,1610612745,2022,615,136,97,17
201569,1610612746,2022,241,47,37,8
201569,0,2022,856,183,134,25
201569,1610612756,2023,749,139,122,30
201569,1610612755,2024,266,65,46,12
1641789,1610612742,2024,24,6,5,1
203924,1610612765,2020,1205,152,250,58
203924,1610612765,2021,904,111,191,49
203924,1610612757,2022,1290,150,283,53
203924,1610612757,2023,1132,152,191,34
203924,1610612757,2024,677,101,163,46
1631260,1610612749,2022,154,22,45,0
1631260,1610612749,2023,252,30,64,4
1631260,1610612749,2024,541,108,174,7
203110,1610612744,2020,444,558,448,52
203110,1610612744,2021,346,320,336,50
203110,1610612744,2022,617,500,525,60
203110,1610612744,2023,475,332,398,47
203110,1610612744,2024,613,383,414,70
1630224,1610612745,2021,1157,176,226,18
1630224,1610612745,2022,1683,281,284,18
1630224,1610612745,2023,1610,291,423,28
1630224,1610612745,2024,1723,282,377,27
1629750,1610612738,2020,105,11,52,2
1629750,1610612741,2020,41,6,19,4
1629750,0,2020,146,17,71,6
1629750,1610612741,2021,468,60,276,32
1629750,1610612741,2022,165,23,88,21
1629750,1610612741,2023,110,5,67,8
1629750,1610612740,2024,288,45,178,30
1629750,1610612739,2024,59,11,40,1
1629750,0,2024,347,56,218,31
201145,1610612751,2020,750,108,263,27
201145,1610612743,2021,772,96,231,27
201145,1610612743,2022,437,69,144,17
201145,1610612745,2023,509,70,178,31
201145,1610612745,2024,172,20,58,4
1630182,1610612742,2020,101,28,78,3
1630182,1610612742,2021,319,79,161,14
1630182,1610612742,2022,546,103,182,5
1630182,1610612742,2023,469,130,184,9
1630182,1610612766,2024,506,108,172,15
1629656,1610612752,2021,275,44,94,11
1629656,1610612752,2022,799,150,229,26
1629656,1610612752,2023,327,52,88,3
1629656,1610612765,2023,32,14,12,4
1629656,0,2023,359,66,100,7
1629656,1610612742,2024,480,101,179,10
1629656,1610612755,2024,612,127,145,12
1629656,0,2024,1092,228,324,22
1631243,1610612737,2023,24,4,22,4
1631243,1610612737,2024,197,27,139,33
1629060,1610612764,2020,789,82,312,7
1629060,1610612764,2021,475,48,160,9
1629060,1610612764,2022,390,35,128,12
1629060,1610612747,2022,317,23,155,14
1629060,0,2022,707,58,283,26
1629060,1610612747,2023,923,81,294,25
1629060,1610612747,2024,775,83,295,26
1630169,1610612758,2020,753,309,173,28
1630169,1610612758,2021,727,379,199,34
1630169,1610612754,2021,454,249,112,15
1630169,0,2021,1181,628,311,49
1630169,1610612754,2022,1160,585,205,25
1630169,1610612754,2023,1389,752,271,48
1630169,1610612754,2024,1359,673,258,49
1641790,1610612743,2024,33,4,22,4
203501,1610612742,2020,1163,126,229,11
203501,1610612742,2021,598,92,156,6
203501,1610612742,2022,1019,129,251,12
203501,1610612742,2023,1139,139,254,6
203501,1610612765,2024,844,123,183,7
201935,1610612745,2020,198,83,41,6
201935,1610612751,2020,885,392,307,27
201935,0,2020,1083,475,348,33
201935,1610612751,2021,990,447,351,31
201935,1610612755,2021,442,220,149,5
201935,0,2021,1432,667,500,36
201935,1610612755,2022,1216,618,354,31
201935,1610612746,2023,1192,614,369,57
201935,1610612746,2024,1802,687,456,55
1630702,1610612742,2022,420,65,89,7
1630702,1610612742,2023,530,109,131,4
1630702,1610612742,2024,496,81,89,5
1641989,1610612762,2024,32,8,21,1
1631199,1610612761,2022,20,4,7,1
1631199,1610612761,2023,0,1,0,0
1631199,1610612765,2024,4,2,7,0
203914,1610612743,2020,184,32,47,4
203914,1610612753,2020,204,46,32,7
203914,0,2020,388,78,79,11
203914,1610612753,2021,679,108,122,9
203914,1610612753,2022,397,59,98,12
203914,1610612753,2023,372,87,91,14
203914,1610612753,2024,145,30,64,12
202699,1610612755,2020,1210,220,419,51
202699,1610612755,2021,1257,252,496,43
202699,1610612755,2022,1085,186,424,40
202699,1610612755,2023,1204,217,453,46
202699,1610612765,2024,1002,162,432,57
1628404,1610612740,2020,434,109,377,12
1628404,1610612740,2021,548,168,318,11
1628404,1610612757,2021,259,56,70,2
1628404,0,2021,807,224,388,13
1628404,1610612757,2022,487,200,417,9
1628404,1610612752,2022,256,90,176,12
1628404,0,2022,743,290,593,21
1628404,1610612752,2023,761,331,675,23
1628404,1610612752,2024,1051,453,737,27
1628392,1610612743,2020,104,15,85,20
1628392,1610612739,2020,132,40,96,19
1628392,0,2020,236,55,181,39
1628392,1610612746,2021,563,160,332,77
1628392,1610612752,2022,406,102,536,64
1628392,1610612752,2023,582,188,626,85
1628392,1610612760,2024,637,219,611,62
1630573,1610612738,2021,65,10,29,2
1630573,1610612738,2022,512,71,204,21
1630573,1610612738,2023,712,82,276,25
1630573,1610612738,2024,605,64,224,13
1641722,1610612740,2023,524,70,148,7
1641722,1610612740,2024,604,66,158,23
1629637,1610612740,2020,449,35,257,38
1629637,1610612740,2021,654,43,315,55
1629637,1610612740,2022,233,34,132,19
1629637,1610612747,2023,303,33,211,29
1629637,1610612747,2024,383,58,269,51
1630165,1610612765,2020,176,138,69,10
1630165,1610612765,2021,453,277,210,35
1630165,1610612765,2022,786,470,221,28
1630165,1610612765,2023,289,205,119,20
1630165,1610612751,2024,54,31,18,4
1630703,1610612757,2023,868,336,194,13
1630703,1610612757,2024,837,335,198,13
1641707,1610612762,2023,292,32,185,30
1641707,1610612762,2024,14,2,15,4
1629639,1610612748,2020,815,184,268,17
1629639,1610612748,2021,1367,263,329,8
1629639,1610612748,2022,1347,280,360,16
1629639,1610612748,2023,875,188,222,3
1629639,1610612748,2024,1840,424,399,17
1627741,1610612758,2020,1176,257,334,30
1627741,1610612758,2021,792,105,221,15
1627741,1610612754,2021,473,124,132,10
1627741,0,2021,1265,229,353,25
1627741,1610612754,2022,1344,225,400,26
1627741,1610612754,2023,623,139,167,31
1627741,1610612755,2023,390,97,102,11
1627741,0,2023,1013,236,269,42
1627741,1610612744,2024,912,134,264,23
1629312,1610612748,2021,43,6,26,3
1629312,1610612748,2022,236,43,188,17
1629312,1610612748,2023,405,70,210,30
1629312,1610612748,2024,478,112,252,37
1628988,1610612754,2020,475,123,89,13
1628988,1610612764,2021,251,78,67,9
1628988,1610612756,2021,149,75,55,0
1628988,0,2021,400,153,122,9
1628988,1610612737,2022,247,89,74,12
1628988,1610612745,2023,514,140,123,6
1628988,1610612745,2024,340,83,78,11
201950,1610612749,2020,1046,357,268,37
201950,1610612749,2021,1225,457,301,29
201950,1610612749,2022,1290,495,341,25
201950,1610612738,2023,860,333,373,53
201950,1610612738,2024,686,239,265,27
1641842,1610612765,2024,522,82,218,17
1626158,1610612758,2020,869,101,504,96
1626158,1610612758,2021,468,48,317,41
1626158,1610612758,2022,130,9,80,11
1626158,1610612742,2023,78,15,78,9
1626158,1610612764,2023,121,10,104,10
1626158,0,2023,199,25,182,19
1626158,1610612764,2024,230,42,177,23
1631096,1610612760,2023,1357,200,648,190
1631096,1610612760,2024,479,63,257,71
1641720,1610612747,2023,34,8,13,2
1641720,1610612747,2024,4,1,1,1
1641720,1610612755,2024,102,36,26,6
1641720,0,2024,106,37,27,7
201143,1610612760,2020,398,94,188,26
201143,1610612738,2021,701,232,530,92
201143,1610612738,2022,616,189,390,61
201143,1610612738,2023,562,168,413,62
201143,1610612738,2024,538,128,369,51
1629659,1610612747,2020,585,181,169,21
1629659,1610612747,2021,597,159,193,29
1629659,1610612762,2022,698,246,210,29
1629659,1610612762,2023,516,177,121,19
1629659,1610612741,2024,379,83,100,11
1631216,1610612753,2022,193,30,99,7
1631216,1610612753,2023,253,29,84,4
1631216,1610612753,2024,239,35,75,6
1641724,1610612753,2023,29,6,7,2
1641724,1610612753,2024,267,44,70,11
1628989,1610612737,2020,822,241,231,18
1628989,1610612737,2021,892,203,254,26
1628989,1610612758,2022,1140,221,251,24
1628989,1610612758,2023,655,166,224,23
1628989,1610612758,2024,338,74,120,16
1628989,1610612741,2024,343,82,85,7
1628989,0,2024,681,156,205,23
1630643,1610612747,2021,0,1,4,1
1630643,1610612764,2022,51,10,21,4
1630643,1610612743,2023,23,2,11,3
1630643,1610612763,2024,439,38,129,56
1630574,1610612752,2024,48,11,51,15
1629631,1610612737,2020,344,44,110,12
1629631,1610612737,2021,709,68,176,21
1629631,1610612737,2022,1029,94,284,17
1629631,1610612737,2023,891,87,222,16
1629631,1610612737,2024,702,57,145,5
1629631,1610612739,2024,386,35,113,8
1629631,0,2024,1088,92,258,13
1630538,1610612743,2021,698,191,188,20
1630538,1610612743,2022,508,125,86,13
1630538,1610612746,2022,151,47,49,2
1630538,0,2022,659,172,135,15
1630538,1610612746,2023,256,93,55,4
1630538,1610612746,2024,144,28,24,4
1630538,1610612750,2024,5,4,1,0
1630538,0,2024,149,32,25,4
1642345,1610612756,2024,255,71,222,29
204060,1610612762,2020,809,318,244,12
204060,1610612762,2021,325,158,131,5
204060,1610612749,2022,317,150,128,6
204060,1610612753,2023,296,203,142,5
204060,1610612750,2024,15,23,11,0
1627742,1610612740,2020,1450,296,299,36
1627742,1610612740,2021,1246,307,320,26
1627742,1610612740,2022,1112,262,246,19
1627742,1610612740,2023,1332,363,324,40
1627742,1610612740,2024,400,93,100,11
1631127,1610612759,2024,4,3,9,0
202681,1610612751,2020,1451,324,257,37
202681,1610612751,2021,796,167,127,17
202681,1610612751,2022,1084,211,204,33
202681,1610612742,2022,539,120,100,12
202681,0,2022,1623,331,304,45
202681,1610612742,2023,1487,299,290,28
202681,1610612742,2024,1234,231,240,23
1628371,1610612753,2022,55,6,44,4
1628371,1610612753,2023,393,30,260,70
1628371,1610612753,2024,380,40,314,80
1631093,1610612765,2022,1204,387,288,17
1631093,1610612765,2023,1185,296,264,41
1631093,1610612765,2024,528,119,124,11
1641713,1610612763,2023,699,59,196,24
1641713,1610612763,2024,209,29,92,5
1630543,1610612754,2021,297,10,149,52
1630543,1610612754,2022,455,51,282,93
1630543,1610612754,2023,383,50,238,61
1630543,1610612754,2024,35,5,28,8
1631245,1610612764,2022,56,15,8,1
1631245,1610612754,2023,2,2,4,0
1631245,1610612754,2024,162,53,44,5
202704,1610612746,2020,715,205,192,7
202704,1610612746,2021,1263,359,271,15
202704,1610612746,2022,566,183,116,5
202704,1610612743,2022,127,50,28,1
202704,0,2022,693,233,144,6
202704,1610612743,2023,833,308,155,13
202704,1610612755,2024,136,45,42,3
1641748,1610612749,2023,125,50,113,6
1641748,1610612749,2024,230,83,182,14
1628991,1610612763,2020,158,12,62,18
1628991,1610612763,2021,1272,86,454,177
1628991,1610612763,2022,1173,60,426,189
1628991,1610612763,2023,1486,154,365,106
1628991,1610612763,2024,1641,148,417,113
1631218,1610612744,2023,540,82,341,76
1631218,1610612744,2024,407,104,311,38
1642355,1610612747,2024,62,22,18,3
2544,1610612747,2020,1126,350,346,25
2544,1610612747,2021,1695,349,459,59
2544,1610612747,2022,1590,375,457,32
2544,1610612747,2023,1822,589,518,38
2544,1610612747,2024,1710,575,546,39
1631170,1610612748,2023,889,195,285,20
1631170,1610612748,2024,570,166,290,14
1629610,1610612758,2020,63,6,29,4
1629610,1610612745,2020,64,16,42,6
1629610,0,2020,127,22,71,10
1629610,1610612763,2021,2,1,2,0
1629610,1610612752,2023,14,5,5,1
1629610,1610612766,2024,315,53,135,25
1641998,1610612764,2023,0,0,1,0
1641998,1610612763,2023,171,27,133,28
1641998,0,2023,171,27,134,28
1641998,1610612740,2024,38,10,44,6
1641998,1610612747,2024,57,6,61,9
1641998,0,2024,95,16,105,15
1642450,1610612765,2024,7,3,2,0
1629660,1610612760,2020,353,120,91,6
1629660,1610612760,2021,340,109,78,5
1629660,1610612744,2022,309,135,78,5
1629660,1610612739,2023,4,3,1,0
1629660,1610612739,2024,878,237,173,3
1630198,1610612755,2020,153,20,36,4
1630198,1610612755,2021,198,35,56,3
1630198,1610612760,2022,691,88,175,8
1630198,1610612760,2023,636,99,180,22
1630198,1610612760,2024,756,119,196,9
1642358,1610612749,2024,20,7,7,0
1642358,1610612764,2024,200,69,52,3
1642358,0,2024,220,76,59,3
1629661,1610612756,2020,573,86,199,16
1629661,1610612756,2021,822,99,273,16
1629661,1610612756,2022,236,26,65,6
1629661,1610612751,2022,414,52,120,8
1629661,0,2022,650,78,185,14
1629661,1610612751,2023,776,138,251,15
1629661,1610612751,2024,1070,194,247,25
1630552,1610612737,2021,52,3,26,2
1630552,1610612737,2022,395,83,282,34
1630552,1610612737,2023,896,203,488,47
1630552,1610612737,2024,680,181,359,36
201949,1610612742,2020,166,50,86,23
201949,1610612740,2020,202,48,91,19
201949,0,2020,368,98,177,42
201949,1610612751,2021,340,130,215,34
201949,1610612754,2022,51,15,30,6
201949,1610612754,2023,8,8,4,1
201949,1610612754,2024,8,4,6,2
1629640,1610612759,2020,881,121,412,24
1629640,1610612759,2021,1278,158,457,14
1629640,1610612759,2022,1385,183,318,11
1629640,1610612759,2023,1084,195,377,20
1629640,1610612759,2024,979,125,371,22
1630553,1610612746,2021,53,13,21,2
1630553,1610612757,2021,214,63,60,10
1630553,0,2021,267,76,81,12
1630553,1610612757,2022,189,59,44,6
1630553,1610612751,2023,31,3,7,1
1630553,1610612751,2024,839,175,297,30
1642352,1610612748,2024,43,4,28,4
203999,1610612743,2020,1898,599,780,48
203999,1610612743,2021,2004,584,1019,63
203999,1610612743,2022,1690,678,817,47
203999,1610612743,2023,2085,708,976,68
203999,1610612743,2024,2071,716,892,45
1641732,1610612758,2023,64,20,40,5
1641732,1610612758,2024,26,7,23,7
1641732,1610612764,2024,131,37,64,6
1641732,0,2024,157,44,87,13
1641794,1610612760,2024,135,58,121,4
1630529,1610612740,2021,742,167,296,60
1630529,1610612740,2022,649,162,269,42
1630529,1610612740,2023,837,199,272,62
1630529,1610612740,2024,205,65,78,9
1642403,1610612758,2024,134,12,57,10
1630539,1610612766,2021,22,4,11,2
1630539,1610612766,2022,157,15,123,30
1630539,1610612746,2024,61,10,46,13
1630539,1610612742,2024,137,15,79,10
1630539,0,2024,198,25,125,23
1630222,1610612745,2020,152,39,51,1
1630222,1610612755,2020,16,3,4,0
1630222,0,2020,168,42,55,1
1630222,1610612747,2021,27,4,10,0
1630222,1610612758,2023,7,5,5,0
1630222,1610612758,2024,23,11,9,1
1642461,1610612743,2024,26,5,17,5
1630200,1610612759,2020,94,39,21,0
1630200,1610612759,2021,413,233,155,7
1630200,1610612759,2022,875,448,245,9
1630200,1610612759,2023,771,478,289,9
1630200,1610612759,2024,123,104,58,5
1630200,1610612741,2024,207,88,58,5
1630200,0,2024,330,192,116,10
1626145,1610612763,2020,442,259,140,6
1626145,1610612763,2021,632,324,176,2
1626145,1610612763,2022,823,417,200,6
1626145,1610612764,2023,790,485,179,18
1626145,1610612756,2024,829,429,196,8
1627884,1610612757,2020,396,47,205,54
1627884,1610612741,2021,286,30,169,33
1627884,1610612741,2022,319,34,153,37
1627884,1610612742,2023,657,75,250,51
1627884,1610612746,2024,781,60,263,33
201599,1610612751,2020,426,93,427,65
201599,1610612747,2021,132,13,172,26
201599,1610612755,2021,74,8,92,9
201599,0,2021,206,21,264,35
201599,1610612743,2022,199,34,202,23
201599,1610612743,2023,142,26,157,16
201599,1610612743,2024,209,53,284,27
202709,1610612758,2020,289,108,99,9
202709,1610612765,2020,228,105,60,9
202709,0,2020,517,213,159,18
202709,1610612765,2021,521,237,174,17
202709,1610612765,2022,427,217,106,9
202709,1610612744,2023,63,42,30,3
202709,1610612753,2024,177,72,74,4
1631107,1610612748,2022,82,10,31,2
1631107,1610612748,2023,352,90,192,14
1631107,1610612748,2024,494,131,180,13
1630548,1610612762,2022,87,8,39,3
1630548,1610612762,2023,144,23,36,2
1630548,1610612762,2024,571,68,184,8
1642530,1610612763,2024,36,19,12,0
1630283,1610612742,2024,24,2,21,2
1630283,1610612740,2024,10,3,18,1
1630283,0,2024,34,5,39,3
1628379,1610612746,2020,520,104,161,9
1628379,1610612746,2021,833,146,229,6
1628379,1610612746,2022,274,37,83,4
1628379,1610612763,2022,272,54,75,1
1628379,0,2022,546,91,158,5
1628379,1610612763,2023,429,136,113,2
1628379,1610612763,2024,576,215,183,5
1631117,1610612762,2022,679,69,620,173
1631117,1610612762,2023,518,60,481,154
1631117,1610612762,2024,641,97,707,138
1630296,1610612755,2021,2,1,2,0
1630296,1610612765,2021,77,10,48,11
1630296,0,2021,79,11,50,11
1630296,1610612765,2022,4,0,1,0
1630296,1610612743,2023,22,9,18,1
1630296,1610612744,2024,3,0,2,0
1630557,1610612764,2021,634,85,209,22
1630557,1610612764,2022,820,87,207,9
1630557,1610612764,2023,1070,156,225,16
1630557,1610612764,2024,705,103,181,14
1628467,1610612742,2020,353,68,260,35
1628467,1610612742,2021,411,68,350,58
1628467,1610612742,2022,220,52,135,30
1628467,1610612742,2023,191,68,143,30
1628467,1610612742,2024,103,43,95,17
1641752,1610612765,2024,15,7,7,1
1642261,1610612747,2024,706,66,216,8
1628995,1610612752,2020,163,19,61,6
1628995,1610612752,2021,47,3,22,1
1628995,1610612737,2021,46,7,22,1
1628995,0,2021,93,10,44,2
1628995,1610612765,2022,237,15,108,12
1628995,1610612757,2022,178,18,69,0
1628995,0,2022,415,33,177,12
1628995,1610612765,2023,223,23,75,7
1628995,1610612744,2024,46,5,17,4
1642278,1610612752,2024,81,70,27,4
1631132,1610612761,2022,182,31,171,57
1631132,1610612747,2024,90,16,92,16
1629723,1610612763,2020,184,47,128,9
1629723,1610612763,2021,349,109,329,22
1629723,1610612763,2022,364,100,310,25
1629723,1610612763,2023,235,110,257,51
1629723,1610612763,2024,112,42,151,14
1628436,1610612741,2020,26,4,15,7
1628436,1610612738,2020,80,20,52,25
1628436,0,2020,106,24,67,32
1628436,1610612739,2021,4,1,3,1
1628436,1610612749,2021,0,0,1,0
1628436,1610612738,2021,26,8,25,2
1628436,0,2021,30,9,29,3
1628436,1610612738,2022,261,53,197,46
1628436,1610612738,2023,334,67,261,61
1628436,1610612738,2024,441,117,388,71
1630249,1610612760,2021,187,57,101,8
1630249,1610612737,2022,36,17,26,1
1630249,1610612737,2023,135,50,52,6
1630249,1610612737,2024,412,147,156,26
1630228,1610612744,2021,652,64,234,22
1630228,1610612744,2022,666,125,231,31
1630228,1610612744,2023,1188,163,355,36
1630228,1610612744,2024,719,104,217,21
1628398,1610612747,2020,874,127,417,41
1628398,1610612764,2021,1130,233,561,57
1628398,1610612764,2022,1357,239,463,29
1628398,1610612764,2023,1553,296,464,49
1628398,1610612764,2024,486,79,185,7
1628398,1610612749,2024,478,73,185,12
1628398,0,2024,964,152,370,19
1631222,1610612763,2022,105,21,63,4
1631222,1610612763,2023,379,58,128,12
1631222,1610612763,2024,343,133,205,20
1631222,1610612758,2024,115,25,54,3
1631222,0,2024,458,158,259,23
203897,1610612741,2020,1591,282,289,27
203897,1610612741,2021,1635,303,308,23
203897,1610612741,2022,1913,327,345,18
203897,1610612741,2023,487,98,129,8
203897,1610612741,2024,1007,189,202,10
203897,1610612758,2024,717,121,113,2
203897,0,2024,1724,310,315,12
1627746,1610612758,2024,5,1,3,0
1629111,1610612759,2021,265,45,138,14
1629111,1610612756,2022,456,68,280,30
1629111,1610612745,2023,274,65,172,33
1629111,1610612745,2024,200,37,137,10
1641796,1610612748,2024,251,65,92,7
1630639,1610612750,2022,2,0,1,0
1630639,1610612742,2022,54,2,20,0
1630639,0,2022,56,2,21,0
1630639,1610612742,2023,136,20,50,3
1630639,1610612761,2024,236,31,86,6
1627747,1610612751,2020,222,72,52,6
1627747,1610612754,2020,726,173,162,24
1627747,0,2020,948,245,214,30
1627747,1610612754,2021,728,173,150,18
1627747,1610612739,2021,258,75,64,5
1627747,0,2021,986,248,214,23
1627747,1610612739,2022,897,287,282,24
1627747,1610612739,2023,952,346,280,34
1627747,1610612739,2024,388,140,107,19
1627747,1610612737,2024,388,75,96,14
1627747,0,2024,776,215,203,33
1627814,1610612744,2020,373,73,180,8
1627814,1610612744,2021,467,63,203,6
1627814,1610612756,2022,604,99,225,7
1627814,1610612756,2024,83,11,20,0
203458,1610612761,2020,16,3,11,6
203458,1610612764,2020,407,46,249,58
203458,0,2020,423,49,260,64
203458,1610612758,2021,235,45,161,25
203458,1610612758,2022,43,12,60,11
203458,1610612758,2023,120,50,128,33
203458,1610612758,2024,52,30,64,18
203458,1610612747,2024,22,8,31,3
203458,0,2024,74,38,95,21
202695,1610612746,2020,1292,269,337,21
202695,1610612746,2022,1239,204,338,28
202695,1610612746,2023,1613,244,416,59
202695,1610612746,2024,796,116,219,17
1642502,1610612760,2024,2,1,3,0
1641721,1610612747,2023,11,6,4,1
1641721,1610612747,2024,4,2,2,0
1641721,1610612751,2024,112,17,53,7
1641721,0,2024,116,19,55,7
1630604,1610612740,2023,4,1,5,2
1630604,1610612741,2024,21,3,9,1
203081,1610612757,2020,1928,505,283,17
203081,1610612757,2021,695,212,120,11
203081,1610612757,2022,1866,425,277,18
203081,1610612749,2023,1775,508,320,18
203081,1610612749,2024,1447,410,272,10
1641726,1610612742,2023,483,60,378,77
1641726,1610612742,2024,314,85,270,56
1641753,1610612749,2023,26,5,21,0
1641753,1610612749,2024,30,5,35,0
1626172,1610612744,2020,251,119,322,22
1626172,1610612744,2021,491,165,596,52
1626172,1610612744,2022,578,207,760,50
1626172,1610612744,2023,334,133,419,29
1626172,1610612744,2024,344,118,462,37
201572,1610612749,2020,859,50,347,103
201572,1610612749,2021,161,6,53,15
201572,1610612749,2022,1239,99,520,193
201572,1610612749,2023,990,127,409,189
201572,1610612749,2024,1041,143,401,148
201567,1610612739,2020,305,63,186,2
201567,1610612739,2021,1007,160,536,18
201567,1610612739,2022,347,76,280,7
201567,1610612748,2022,162,40,119,5
201567,0,2022,509,116,399,12
201567,1610612748,2023,485,115,338,10
201567,1610612748,2024,122,22,94,4
200768,1610612761,2020,791,338,247,14
200768,1610612748,2021,844,474,282,17
200768,1610612748,2022,615,281,225,21
200768,1610612748,2023,303,147,129,15
200768,1610612755,2023,184,106,65,6
200768,0,2023,487,253,194,21
200768,1610612755,2024,138,96,67,11
1641754,1610612737,2023,14,0,7,0
1626168,1610612759,2020,115,14,86,1
1626168,1610612765,2021,532,58,244,26
1626168,1610612758,2021,254,30,135,6
1626168,0,2021,786,88,379,32
1626168,1610612758,2022,562,66,300,31
1626168,1610612758,2023,419,72,257,19
1626168,1610612758,2024,451,82,316,23
1630572,1610612749,2021,154,22,82,9
1630572,1610612749,2022,57,16,56,5
1630572,1610612759,2022,206,46,129,7
1630572,0,2022,263,62,185,12
1630572,1610612759,2023,190,49,147,12
1630572,1610612759,2024,385,48,187,17
1629611,1610612746,2020,472,104,242,13
1629611,1610612746,2021,872,209,425,21
1629611,1610612746,2022,713,184,276,22
1629611,1610612746,2023,658,119,254,15
1629611,1610612746,2024,223,59,107,11
1629611,1610612737,2024,294,62,92,4
1629611,0,2024,517,121,199,15
1630544,1610612760,2021,625,91,171,12
1630544,1610612760,2022,517,120,155,11
1630544,1610612760,2023,49,20,24,0
1630544,1610612766,2023,333,145,125,3
1630544,0,2023,382,165,149,3
1630544,1610612766,2024,183,39,38,4
1628374,1610612741,2020,695,45,268,15
1628374,1610612739,2021,900,81,345,30
1628374,1610612762,2022,1691,123,570,38
1628374,1610612762,2023,1278,110,449,26
1628374,1610612762,2024,892,70,278,17
1630230,1610612740,2020,246,88,148,10
1630230,1610612740,2021,313,62,142,8
1630230,1610612740,2022,698,189,279,14
1630230,1610612740,2023,466,128,240,12
1630230,1610612742,2024,914,208,328,11
1628997,1610612766,2020,264,67,141,12
1628997,1610612748,2021,551,64,230,30
1628997,1610612748,2022,683,117,344,31
1628997,1610612748,2023,640,143,281,29
1628997,1610612755,2024,281,69,136,20
1628997,1610612742,2024,75,26,41,3
1628997,0,2024,356,95,177,23
1628998,1610612766,2020,207,86,161,12
1628998,1610612766,2021,544,179,285,32
1628998,1610612766,2022,35,11,24,1
1628998,1610612766,2023,211,104,109,18
1628998,1610612766,2024,306,89,176,26
1628998,1610612756,2024,52,16,48,6
1628998,0,2024,358,105,224,32
1641798,1610612751,2024,3,0,0,0
1641798,1610612764,2024,75,17,44,0
1641798,0,2024,78,17,44,0
1630231,1610612745,2020,419,48,242,41
1630231,1610612745,2021,696,101,297,40
1630231,1610612745,2022,1039,123,452,30
1630231,1610612746,2023,10,1,3,1
1630231,1610612755,2023,214,50,128,11
1630231,0,2023,224,51,131,12
1630231,1610612755,2024,154,19,72,16
1630231,1610612762,2024,120,29,53,6
1630231,0,2024,274,48,125,22
1631213,1610612737,2022,21,2,12,0
1631213,1610612751,2024,523,122,219,9
1629726,1610612764,2020,354,26,87,7
1629726,1610612745,2021,650,64,190,24
1629726,1610612745,2022,214,23,62,4
1629726,1610612737,2022,43,3,11,1
1629726,0,2022,257,26,73,5
1629726,1610612737,2023,325,37,92,8
1629726,1610612737,2024,353,60,87,15
1631097,1610612754,2022,1302,116,318,13
1631097,1610612754,2023,856,119,234,14
1631097,1610612754,2024,1156,136,383,24
1631255,1610612740,2024,325,46,209,41
1630178,1610612755,2020,488,120,104,13
1630178,1610612755,2021,1311,321,240,32
1630178,1610612755,2022,1218,212,176,8
1630178,1610612755,2023,1816,433,258,33
1630178,1610612755,2024,1369,317,174,21
1630540,1610612752,2021,89,41,42,1
1630540,1610612752,2022,222,72,50,8
1630540,1610612752,2023,562,114,100,7
1630540,1610612752,2024,611,187,161,17
1642272,1610612755,2024,352,60,56,0
1630644,1610612741,2021,2,0,0,0
1630644,1610612747,2021,6,1,3,1
1630644,0,2021,8,1,3,1
1630644,1610612755,2022,25,9,10,0
1630644,1610612753,2024,0,3,1,0
203468,1610612757,2020,1087,223,185,21
203468,1610612757,2021,739,163,153,21
203468,1610612740,2021,631,152,116,1
203468,0,2021,1370,315,269,22
203468,1610612740,2022,1568,429,328,38
203468,1610612740,2023,1322,305,286,41
203468,1610612740,2024,1183,227,212,24
204456,1610612754,2020,596,456,256,23
204456,1610612754,2021,229,131,90,10
204456,1610612754,2022,650,397,234,10
204456,1610612754,2023,727,390,191,8
204456,1610612754,2024,720,351,193,21
1641755,1610612752,2024,6,2,8,1
1630183,1610612750,2020,427,71,232,60
1630183,1610612750,2021,647,79,293,54
1630183,1610612750,2022,953,148,307,76
1630183,1610612750,2023,757,101,224,42
1630183,1610612750,2024,1000,163,470,74
1629667,1610612766,2020,346,53,169,19
1629667,1610612766,2021,340,58,170,22
1629667,1610612766,2022,595,111,270,29
1629667,1610612755,2022,160,19,76,5
1629667,0,2022,755,130,346,34
1629667,1610612761,2023,169,37,79,6
1629667,1610612764,2024,0,1,0,0
203926,1610612754,2020,899,85,221,6
203926,1610612759,2021,578,64,115,6
203926,1610612759,2022,654,91,138,6
203926,1610612759,2023,276,57,48,2
203926,1610612754,2023,75,13,11,0
203926,0,2023,351,70,59,2
203926,1610612758,2024,147,7,22,2
1631121,1610612766,2022,246,54,93,6
1631121,1610612766,2023,302,51,102,10
1631121,1610612757,2024,13,2,3,0
1629162,1610612750,2020,256,193,108,6
1629162,1610612750,2021,233,180,94,10
1629162,1610612750,2022,161,148,62,4
1629162,1610612750,2023,195,110,72,7
1629162,1610612758,2024,53,24,21,0
1629162,1610612759,2024,45,27,9,1
1629162,0,2024,98,51,30,1
1629098,1610612745,2024,14,1,5,2
1629001,1610612763,2020,472,132,161,31
1629001,1610612763,2021,791,194,328,39
1629001,1610612755,2022,780,197,312,41
1629001,1610612755,2023,421,114,141,16
1629001,1610612744,2024,62,17,20,2
1630241,1610612749,2020,89,21,30,1
1630241,1610612763,2021,25,4,7,0
1630241,1610612739,2022,25,5,9,0
1630241,1610612739,2023,485,108,120,4
1630241,1610612739,2024,509,108,157,14
203995,1610612760,2023,99,76,24,3
203995,1610612766,2023,323,186,64,4
203995,0,2023,422,262,88,7
203995,1610612766,2024,269,127,87,0
203995,1610612756,2024,0,1,2,0
203995,0,2024,269,128,89,0
203114,1610612749,2020,1385,370,406,9
203114,1610612749,2021,1325,358,356,18
203114,1610612749,2022,497,163,140,5
203114,1610612749,2023,828,292,257,15
203114,1610612749,2024,290,102,85,5
203114,1610612764,2024,150,48,52,3
203114,0,2024,440,150,137,8
1641706,1610612766,2023,1279,175,315,42
1641706,1610612766,2024,568,98,131,20
1641801,1610612741,2024,10,2,8,0
1641757,1610612746,2023,13,0,5,0
1641757,1610612746,2024,152,34,58,5
1631159,1610612750,2023,29,8,20,1
1631159,1610612750,2024,20,0,11,1
201988,1610612759,2020,736,162,116,3
201988,1610612751,2021,923,183,156,17
201988,1610612751,2022,246,56,44,3
201988,1610612737,2023,51,14,20,1
201988,1610612748,2023,76,20,15,0
201988,0,2023,127,34,35,1
201988,1610612762,2024,74,21,21,3
201988,1610612746,2024,37,5,1,0
201988,0,2024,111,26,22,3
1629003,1610612755,2020,817,193,148,18
1629003,1610612755,2021,450,139,142,17
1629003,1610612755,2022,637,240,191,13
1629003,1610612750,2023,178,50,51,5
1629003,1610612765,2023,27,6,18,1
1629003,1610612752,2023,11,4,6,0
1629003,0,2023,216,60,75,6
1629003,1610612751,2024,199,64,51,1
1629003,1610612747,2024,116,38,53,3
1629003,0,2024,315,102,104,4
1631303,1610612757,2022,17,4,15,5
1631303,1610612757,2023,61,21,56,10
1631303,1610612757,2024,18,7,10,1
1642434,1610612759,2024,0,0,2,0
1631169,1610612750,2022,46,5,25,6
1631169,1610612750,2023,50,8,17,5
1631169,1610612750,2024,119,18,47,12
1642274,1610612740,2024,665,99,601,98
1642349,1610612760,2024,234,64,68,4
1630558,1610612758,2021,861,313,166,24
1630558,1610612758,2022,450,185,105,15
1630558,1610612758,2023,379,134,95,3
1630558,1610612761,2024,279,203,85,8
1630558,1610612748,2024,309,160,82,8
1630558,0,2024,588,363,167,16
1628378,1610612762,2020,1401,277,235,15
1628378,1610612762,2021,1733,358,282,12
1628378,1610612739,2022,1922,301,289,27
1628378,1610612739,2023,1463,333,280,30
1628378,1610612739,2024,1701,354,322,17
1630596,1610612739,2021,1034,174,570,115
1630596,1610612739,2022,1277,224,711,119
1630596,1610612739,2023,785,160,468,72
1630596,1610612739,2024,1316,226,659,113
1642367,1610612761,2024,389,146,311,34
1628370,1610612766,2020,490,87,101,4
1628370,1610612747,2021,1048,218,256,29
1628370,1610612758,2022,1041,298,203,20
1628370,1610612758,2023,1110,370,212,39
1628370,1610612758,2024,1117,362,245,38
1630541,1610612744,2021,228,23,80,10
1630541,1610612744,2022,302,51,105,7
1630541,1610612744,2023,533,57,196,24
1630541,1610612744,2024,724,96,189,31
1631386,1610612757,2023,18,5,8,0
1631386,1610612757,2024,6,1,8,0
1631111,1610612750,2022,42,18,18,5
1631111,1610612750,2023,18,6,12,1
1631111,1610612765,2024,63,23,44,3
1631111,1610612766,2024,87,19,51,2
1631111,0,2024,150,42,95,5
1629630,1610612763,2020,1204,465,252,13
1629630,1610612763,2021,1564,384,325,22
1629630,1610612763,2022,1596,493,357,16
1629630,1610612763,2023,226,73,50,5
1629630,1610612763,2024,1159,364,205,12
202693,1610612747,2020,407,73,266,19
202693,1610612748,2021,129,23,45,1
202693,1610612751,2022,96,25,59,5
202693,1610612742,2022,36,6,12,0
202693,0,2022,132,31,71,5
202693,1610612742,2023,66,16,39,3
202693,1610612742,2024,12,4,8,1
202693,1610612747,2024,44,17,15,2
202693,0,2024,56,21,23,3
1628420,1610612743,2020,481,150,96,13
1628420,1610612743,2021,945,333,226,14
1628420,1610612764,2022,636,326,210,13
1628420,1610612765,2023,27,8,12,1
1628420,1610612750,2023,137,61,45,8
1628420,0,2023,164,69,57,9
1628420,1610612756,2024,233,73,67,3
1630530,1610612740,2021,334,38,147,7
1630530,1610612740,2022,1148,112,281,43
1630530,1610612740,2023,842,124,280,28
1630530,1610612740,2024,1124,188,268,39
1627749,1610612759,2020,1051,363,473,7
1627749,1610612759,2021,1438,627,563,23
1627749,1610612737,2022,1515,448,389,19
1627749,1610612737,2023,1753,502,416,24
1627749,1610612740,2024,542,228,200,12
1627750,1610612743,2020,1018,231,194,13
1627750,1610612743,2022,1298,400,257,16
1627750,1610612743,2023,1250,384,242,39
1627750,1610612743,2024,1436,403,261,33
1631099,1610612758,2022,976,98,371,42
1631099,1610612758,2023,1172,129,420,59
1631099,1610612758,2024,942,109,507,69
1631200,1610612757,2023,376,80,224,21
1631200,1610612757,2024,287,68,182,17
1629004,1610612765,2020,249,57,74,6
1629004,1610612760,2020,310,53,89,6
1629004,0,2020,559,110,163,12
1629004,1610612761,2021,255,45,92,4
1629004,1610612752,2022,21,1,7,0
1629004,1610612766,2022,201,52,46,4
1629004,0,2022,222,53,53,4
1629004,1610612738,2023,162,35,51,1
1629004,1610612762,2024,334,76,90,7
1631250,1610612739,2023,3,0,3,0
1631250,1610612755,2024,15,3,10,0
1631250,1610612749,2024,23,7,11,2
1631250,0,2024,38,10,21,2
1626204,1610612739,2020,327,107,235,17
1626204,1610612757,2021,255,73,209,13
1626204,1610612740,2021,66,8,39,7
1626204,0,2021,321,81,248,20
1626204,1610612740,2022,441,119,354,37
1626204,1610612740,2023,350,113,307,19
1626204,1610612737,2024,203,38,103,13
1629614,1610612754,2022,709,341,199,13
1629614,1610612754,2023,626,280,141,6
1629614,1610612754,2024,653,326,216,11
1630174,1610612738,2020,218,23,127,9
1630174,1610612738,2021,196,22,89,5
1630174,1610612754,2022,738,98,277,34
1630174,1610612754,2023,877,108,275,49
1630174,1610612754,2024,541,54,178,17
1641803,1610612754,2024,3,1,0,0
1641803,1610612750,2024,0,1,4,0
1641803,0,2024,3,2,4,0
1627777,1610612762,2020,500,59,176,8
1627777,1610612755,2021,700,102,203,13
1627777,1610612755,2022,637,77,185,14
1627777,1610612739,2023,768,98,278,18
1627777,1610612739,2024,445,67,189,7
1627777,1610612737,2024,339,44,83,7
1627777,0,2024,784,111,272,14
1630227,1610612745,2021,77,40,33,0
1630227,1610612745,2022,226,132,98,7
1630227,1610612750,2023,27,6,3,0
1630227,1610612750,2024,1,3,4,0
1630192,1610612743,2020,136,10,65,4
1630192,1610612743,2021,270,17,147,13
1630192,1610612743,2022,277,18,138,23
1630192,1610612743,2023,186,32,126,38
1630192,1610612743,2024,184,23,90,38
1641936,1610612738,2024,7,0,9,1
1629669,1610612750,2020,379,62,95,12
1629669,1610612750,2021,527,130,123,10
1629669,1610612750,2022,704,132,170,5
1629669,1610612763,2023,51,16,14,0
1629669,1610612765,2023,30,3,10,2
1629669,0,2023,81,19,24,2
1629669,1610612740,2024,67,18,20,4
203994,1610612757,2020,424,125,332,39
203994,1610612757,2021,842,157,619,34
203994,1610612757,2022,694,149,471,44
203994,1610612756,2023,829,301,837,80
203994,1610612756,2024,215,47,229,16
203994,1610612766,2024,238,68,169,18
203994,0,2024,453,115,398,34
1626220,1610612762,2020,496,181,485,32
1626220,1610612762,2021,570,191,368,32
1626220,1610612751,2022,671,283,384,49
1626220,1610612751,2023,364,137,221,29
1626220,1610612756,2023,244,82,156,15
1626220,0,2023,608,219,377,44
1626220,1610612756,2024,680,163,349,34
1626143,1610612765,2020,145,13,66,5
1626143,1610612754,2024,0,1,1,0
1629643,1610612753,2020,349,101,181,22
1629643,1610612753,2021,605,118,347,42
1629643,1610612753,2022,128,37,96,11
1629643,1610612753,2023,107,20,80,7
1629643,1610612755,2024,48,13,43,3
1629643,1610612739,2024,5,2,4,1
1629643,0,2024,53,15,47,4
1629006,1610612750,2020,316,63,156,28
1629006,1610612750,2021,133,25,70,12
1629006,1610612756,2022,529,105,251,34
1629006,1610612756,2023,277,64,154,24
1629006,1610612756,2024,150,14,72,10
1629006,1610612766,2024,133,19,41,8
1629006,0,2024,283,33,113,18
1630168,1610612737,2020,228,18,163,33
1630168,1610612737,2021,392,53,283,60
1630168,1610612737,2022,791,81,576,107
1630168,1610612737,2023,561,74,376,60
1630168,1610612737,2024,988,168,660,68
1630171,1610612739,2020,646,128,206,24
1630171,1610612739,2021,588,121,201,22
1630171,1610612739,2022,490,87,187,30
1630171,1610612739,2023,647,132,206,34
1630171,1610612739,2024,337,68,130,16
1642439,1610612747,2024,3,1,0,0
203482,1610612748,2020,432,91,261,26
203482,1610612745,2020,513,112,228,16
203482,0,2020,945,203,489,42
203482,1610612765,2021,365,111,177,19
203482,1610612762,2022,847,252,420,37
203482,1610612762,2023,406,219,254,12
203482,1610612761,2023,356,128,157,18
203482,0,2023,762,347,411,30
203482,1610612761,2024,171,56,89,8
203482,1610612740,2024,213,72,117,11
203482,0,2024,384,128,206,19
1626162,1610612744,2020,849,73,329,42
1626162,1610612766,2021,1137,84,302,31
1626162,1610612766,2022,972,54,249,18
1626162,1610612755,2023,1049,101,341,47
1626162,1610612755,2024,906,108,368,30
101108,1610612756,2020,1149,622,312,19
101108,1610612756,2021,958,702,283,20
101108,1610612756,2022,819,524,251,22
101108,1610612744,2023,533,393,225,6
101108,1610612759,2024,723,605,296,22
1626166,1610612756,2020,505,217,144,16
1626166,1610612756,2021,626,282,175,17
1626166,1610612756,2022,493,214,106,8
1626166,1610612749,2023,291,109,62,3
1626166,1610612755,2023,287,96,55,8
1626166,0,2023,578,205,117,11
1626166,1610612752,2024,500,203,104,16
203901,1610612752,2020,639,203,216,9
203901,1610612756,2021,150,99,88,6
203901,1610612766,2024,6,20,13,3
203901,1610612740,2024,79,146,66,8
203901,0,2024,85,166,79,11
1627780,1610612744,2020,25,1,11,1
1627780,1610612744,2021,502,64,247,22
1627780,1610612757,2022,61,22,39,1
1627780,1610612744,2022,40,8,30,4
1627780,0,2022,101,30,69,5
1627780,1610612744,2023,240,48,113,18
1627780,1610612744,2024,400,83,185,17
1641809,1610612738,2023,11,1,1,0
1641809,1610612738,2024,54,13,40,2
1641763,1610612741,2023,89,13,36,7
1641763,1610612741,2024,366,39,169,20
1629618,1610612743,2023,42,21,14,0
1629618,1610612743,2024,200,107,71,5
1630590,1610612747,2022,14,2,4,1
1630590,1610612763,2023,271,98,67,10
1630590,1610612763,2024,779,347,259,30
1631342,1610612737,2024,43,2,11,0
203486,1610612765,2020,581,202,519,50
203486,1610612766,2021,477,226,565,52
203486,1610612766,2022,685,205,541,35
203486,1610612746,2022,172,40,159,12
203486,0,2022,857,245,700,47
203486,1610612746,2023,244,55,234,17
203486,1610612756,2024,333,134,455,47
1641764,1610612744,2023,682,273,427,14
1641764,1610612744,2024,747,220,325,13
1627751,1610612759,2020,593,134,547,123
1627751,1610612759,2021,915,189,634,118
1627751,1610612759,2022,556,141,416,52
1627751,1610612761,2022,341,56,237,34
1627751,0,2022,897,197,653,86
1627751,1610612761,2023,555,127,429,76
1627751,1610612761,2024,824,158,547,71
1629673,1610612744,2020,612,99,92,9
1629673,1610612744,2021,1405,304,260,23
1629673,1610612744,2022,1675,369,225,21
1629673,1610612764,2023,1356,343,212,25
1629673,1610612764,2024,1391,303,203,27
1641854,1610612739,2023,285,118,109,15
1641854,1610612739,2024,188,71,67,15
1629645,1610612745,2020,431,164,99,8
1629645,1610612745,2021,949,376,267,22
1629645,1610612745,2022,1130,338,314,17
1629645,1610612746,2024,419,144,160,11
1629645,1610612749,2024,352,112,118,2
1629645,0,2024,771,256,278,13
1629008,1610612743,2020,1162,70,445,54
1629008,1610612743,2021,89,17,59,2
1629008,1610612743,2022,1080,65,341,29
1629008,1610612743,2023,1356,122,565,53
1629008,1610612743,2024,1398,165,540,38
1626171,1610612749,2020,754,71,466,26
1626171,1610612749,2021,1052,86,657,51
1626171,1610612749,2022,987,105,672,16
1626171,1610612749,2023,1130,104,607,34
1626171,1610612749,2024,680,104,411,26
204001,1610612742,2020,865,68,381,58
204001,1610612742,2021,654,69,261,59
204001,1610612764,2021,376,50,150,25
204001,0,2021,1030,119,411,84
204001,1610612764,2022,1505,174,546,100
204001,1610612738,2023,1145,115,409,111
204001,1610612738,2024,818,87,284,63
1642366,1610612744,2024,340,56,148,18
1630695,1610612765,2021,12,0,9,1
1630695,1610612762,2022,24,4,16,0
1630695,1610612762,2023,53,6,43,6
1630695,1610612762,2024,162,31,164,14
203939,1610612742,2020,342,63,234,30
203939,1610612742,2021,717,97,404,39
203939,1610612742,2022,506,69,314,26
203939,1610612742,2023,208,84,214,20
203939,1610612742,2024,114,55,118,21
1626181,1610612761,2020,823,77,126,8
1626181,1610612757,2020,460,52,89,10
1626181,0,2020,1283,129,215,18
1626181,1610612757,2021,746,82,131,17
1626181,1610612746,2021,107,14,14,4
1626181,0,2021,853,96,145,21
1626181,1610612746,2022,1019,109,175,18
1626181,1610612746,2023,1056,82,195,22
1626181,1610612746,2024,1306,125,190,9
1627752,1610612751,2020,97,7,34,8
1627752,1610612739,2020,292,69,108,15
1627752,0,2020,389,76,142,23
1627752,1610612750,2021,502,68,174,23
1627752,1610612750,2022,493,84,132,15
1627752,1610612747,2023,697,119,230,35
1627752,1610612749,2024,656,155,287,15
1630202,1610612738,2020,510,120,158,9
1630202,1610612738,2021,442,139,134,6
1630202,1610612738,2022,270,64,88,1
1630202,1610612738,2023,787,281,265,6
1630202,1610612738,2024,1144,279,307,14
1641765,1610612742,2023,121,22,79,4
1641765,1610612742,2024,201,40,126,6
1642389,1610612763,2024,0,0,0,0
1630243,1610612745,2021,43,4,16,1
1630243,1610612754,2022,21,6,17,5
1630243,1610612753,2023,40,18,20,5
1630243,1610612753,2024,152,38,54,10
1629674,1610612758,2021,45,6,31,8
1629674,1610612758,2022,12,1,11,2
1629674,1610612738,2023,154,20,122,21
1629674,1610612738,2024,310,45,236,42
1630193,1610612752,2020,731,127,137,12
1630193,1610612752,2021,882,275,247,3
1630193,1610612752,2022,1209,279,337,14
1630193,1610612752,2023,450,74,77,3
1630193,1610612761,2023,706,257,182,7
1630193,0,2023,1156,331,259,10
1630193,1610612761,2024,564,191,117,4
1631311,1610612744,2022,10,2,3,0
1631311,1610612744,2023,164,36,72,2
1631311,1610612755,2024,9,1,4,0
1631311,1610612740,2024,77,23,15,2
1631311,0,2024,86,24,19,2
203944,1610612752,2020,1712,427,724,18
203944,1610612752,2021,1447,370,716,39
203944,1610612752,2022,1936,316,767,21
203944,1610612752,2023,1102,229,423,12
203944,1610612750,2024,1288,323,487,16
1641871,1610612757,2023,617,67,250,38
1641871,1610612757,2024,194,26,92,14
1630559,1610612747,2021,444,110,193,20
1630559,1610612747,2022,833,215,193,19
1630559,1610612747,2023,1300,450,352,25
1630559,1610612747,2024,1475,421,329,22
1629629,1610612737,2020,292,35,104,9
1629629,1610612737,2021,406,38,84,11
1629629,1610612752,2021,91,10,21,4
1629629,0,2021,497,48,105,15
1629629,1610612752,2022,168,20,31,8
1629629,1610612757,2022,219,37,57,6
1629629,0,2022,387,57,88,14
1629629,1610612747,2023,260,48,99,14
1629629,1610612747,2024,105,22,66,10
1630194,1610612755,2020,88,12,61,13
1630194,1610612755,2021,116,16,92,14
1630194,1610612755,2022,287,27,262,51
1630194,1610612755,2023,600,109,488,84
1630194,1610612765,2024,184,44,123,25
1642024,1610612760,2024,2,0,1,0
1642024,1610612755,2024,74,4,46,10
1642024,0,2024,76,4,47,10
1641810,1610612740,2024,305,39,63,4
1629675,1610612750,2020,784,72,322,76
1629675,1610612750,2021,637,71,301,71
1629675,1610612750,2022,781,77,333,53
1629675,1610612750,2023,1090,106,423,73
1629675,1610612750,2024,1138,181,480,72
1631197,1610612765,2022,45,4,37,1
1631197,1610612765,2023,83,14,33,13
1631197,1610612766,2024,4,2,4,0
1631197,1610612761,2024,114,14,38,2
1631197,0,2024,118,16,42,2
1630208,1610612766,2020,15,2,11,0
1630208,1610612766,2021,150,13,86,21
1630208,1610612766,2022,532,38,416,71
1630208,1610612766,2023,652,54,539,74
1630208,1610612766,2024,187,28,158,26
1630208,1610612756,2024,342,21,308,29
1630208,0,2024,529,49,466,55
1626196,1610612742,2020,715,153,195,24
1626196,1610612738,2021,427,66,125,23
1626196,1610612759,2021,239,49,60,6
1626196,0,2021,666,115,185,29
1626196,1610612759,2022,481,137,119,11
1626196,1610612740,2022,173,37,56,9
1626196,0,2022,654,174,175,20
1626196,1610612748,2023,425,105,121,14
1626196,1610612748,2024,32,12,12,1
1642258,1610612737,2024,942,92,268,37
1641857,1610612749,2024,9,2,12,2
1629130,1610612748,2020,942,127,250,20
1629130,1610612748,2021,863,129,203,14
1629130,1610612748,2022,268,46,69,0
1629130,1610612748,2023,875,192,173,16
1629130,1610612748,2024,817,176,167,6
1629011,1610612752,2020,256,17,252,45
1629011,1610612752,2021,610,38,617,133
1629011,1610612752,2022,435,53,555,109
1629011,1610612752,2023,173,18,263,35
1629011,1610612752,2024,87,13,101,18
1631115,1610612748,2022,116,25,126,12
1631115,1610612748,2023,99,34,84,8
1631115,1610612758,2024,19,9,14,1
1631115,1610612761,2024,284,68,206,15
1631115,0,2024,303,77,220,16
1630526,1610612760,2021,366,49,274,15
1630526,1610612760,2022,292,43,180,11
1630526,1610612740,2023,115,21,76,4
1630526,1610612740,2024,418,88,315,7
1631223,1610612763,2022,466,59,193,19
1631223,1610612763,2023,403,76,200,11
1631223,1610612756,2023,22,4,11,0
1631223,0,2023,425,80,211,11
1631223,1610612737,2024,122,30,70,8
1631223,1610612755,2024,18,3,9,0
1631223,1610612745,2024,13,2,5,1
1631223,0,2024,153,35,84,9
1631157,1610612744,2022,23,6,12,1
1631157,1610612764,2023,41,11,11,3
1631157,1610612749,2023,3,3,2,0
1631157,0,2023,44,14,13,3
1631157,1610612749,2024,349,104,108,17
1642050,1610612744,2024,22,4,11,0
1626179,1610612766,2020,1407,293,302,26
1626179,1610612766,2021,1408,326,315,25
1626179,1610612766,2022,1329,319,259,16
1626179,1610612766,2023,696,198,117,12
1626179,1610612748,2023,509,144,130,9
1626179,0,2023,1205,342,247,21
1626179,1610612748,2024,679,167,238,14
1641712,1610612757,2023,155,62,92,3
1641712,1610612757,2024,155,25,70,4
1626156,1610612750,2020,796,244,111,18
1626156,1610612750,2021,1176,460,216,22
1626156,1610612750,2022,967,334,165,21
1626156,1610612747,2022,296,103,50,8
1626156,0,2022,1263,437,215,29
1626156,1610612747,2023,1369,482,236,36
1626156,1610612747,2024,359,136,80,4
1626156,1610612751,2024,373,161,82,19
1626156,0,2024,732,297,162,23
1630346,1610612738,2021,3,0,0,0
1630346,1610612747,2022,47,4,14,0
1630346,1610612750,2022,75,12,12,1
1630346,0,2022,122,16,26,1
1630346,1610612740,2023,152,18,40,1
1630346,1610612752,2024,28,3,8,0
1627734,1610612754,2020,1260,415,742,33
1627734,1610612754,2021,888,236,567,22
1627734,1610612758,2021,283,87,185,5
1627734,0,2021,1171,323,752,27
1627734,1610612758,2022,1510,573,973,39
1627734,1610612758,2023,1593,673,1120,48
1627734,1610612758,2024,1337,423,972,26
1642275,1610612766,2024,353,74,280,14
1641766,1610612741,2023,36,0,36,0
1641766,1610612741,2024,8,1,6,0
1630611,1610612744,2023,82,14,49,2
1630611,1610612744,2024,227,80,172,10
1642259,1610612764,2024,869,161,435,101
1631204,1610612765,2023,586,236,125,12
1631204,1610612765,2024,375,133,69,4
1631248,1610612738,2024,113,33,65,2
203471,1610612747,2020,941,351,211,13
203471,1610612738,2021,704,208,164,5
203471,1610612745,2021,163,88,50,3
203471,0,2021,867,296,214,8
203471,1610612747,2022,830,298,165,10
203471,1610612761,2023,698,313,140,8
203471,1610612751,2023,424,175,102,9
203471,0,2023,1122,488,242,17
203471,1610612751,2024,424,152,68,4
203471,1610612744,2024,254,105,56,3
203471,1610612765,2024,302,147,74,5
203471,0,2024,980,404,198,12
1630578,1610612745,2021,692,185,393,68
1630578,1610612745,2022,1109,291,678,70
1630578,1610612745,2023,1331,312,589,46
1630578,1610612745,2024,1451,372,786,61
1641729,1610612762,2023,241,55,102,6
1641729,1610612762,2024,772,110,210,8
1629012,1610612739,2020,1460,262,187,10
1629012,1610612739,2021,176,23,36,0
1629012,1610612762,2022,685,138,105,6
1629012,1610612762,2023,1458,383,205,18
1629012,1610612762,2024,1159,264,171,6
1629013,1610612751,2020,567,99,112,10
1629013,1610612756,2021,573,108,126,9
1629013,1610612756,2022,346,93,67,5
1629013,1610612764,2023,327,54,62,10
1629013,1610612752,2024,286,27,61,2
1630545,1610612750,2024,138,32,47,5
1630549,1610612751,2021,198,17,160,15
1630549,1610612751,2022,227,37,200,32
1630549,1610612751,2023,415,85,389,44
1630549,1610612751,2024,397,91,330,42
1631101,1610612757,2022,789,94,236,24
1631101,1610612757,2023,510,94,160,12
1631101,1610612757,2024,1335,198,324,16
1642347,1610612761,2024,533,316,115,10
1641767,1610612754,2023,252,53,89,2
1641767,1610612754,2024,332,85,177,14
1642263,1610612745,2024,229,75,78,17
1627783,1610612761,2020,1196,250,405,37
1627783,1610612761,2021,1551,360,580,42
1627783,1610612761,2022,1720,415,556,36
1627783,1610612761,2023,865,190,246,10
1627783,1610612754,2023,872,152,319,15
1627783,0,2023,1737,342,565,25
1627783,1610612754,2024,1578,263,540,42
1627732,1610612755,2020,829,401,417,35
1627732,1610612751,2022,291,256,263,24
1627732,1610612751,2023,92,86,119,9
1627732,1610612751,2024,204,229,172,16
1627732,1610612746,2024,52,56,69,7
1627732,0,2024,256,285,241,23
1629014,1610612757,2020,502,89,140,8
1629014,1610612757,2021,988,221,151,6
1629014,1610612757,2022,1306,253,161,14
1629014,1610612757,2023,1039,255,167,5
1629014,1610612757,2024,1348,337,189,5
1642354,1610612766,2024,282,112,109,6
1630579,1610612752,2021,90,21,169,22
1630579,1610612752,2022,178,25,242,28
1630579,1610612752,2023,92,25,147,19
1630579,1610612752,2024,64,22,129,10
1630579,1610612749,2024,34,11,68,9
1630579,0,2024,98,33,197,19
203935,1610612738,2020,627,273,167,23
203935,1610612738,2021,861,417,270,18
203935,1610612738,2022,703,382,191,23
203935,1610612763,2023,289,86,53,5
203935,1610612763,2024,165,71,43,6
203935,1610612764,2024,140,38,29,3
203935,0,2024,305,109,72,9
1630696,1610612748,2022,11,5,9,3
1630696,1610612751,2022,33,17,15,1
1630696,0,2022,44,22,24,4
1630696,1610612748,2023,39,14,14,3
1630696,1610612748,2024,87,23,36,6
1630188,1610612756,2020,53,4,37,4
1630188,1610612756,2021,175,6,139,18
1630188,1610612754,2021,295,18,168,23
1630188,0,2021,470,24,307,41
1630188,1610612754,2022,642,66,394,60
1630188,1610612754,2023,601,63,337,38
1630188,1610612741,2024,524,65,357,44
1642449,1610612765,2024,14,0,8,0
1641890,1610612749,2024,67,4,25,4
1631095,1610612745,2022,1010,101,569,74
1631095,1610612745,2023,1044,121,616,61
1631095,1610612745,2024,698,60,399,41
1641733,1610612766,2023,302,59,72,7
1641733,1610612766,2024,591,145,128,6
1631110,1610612759,2022,614,142,295,23
1631110,1610612759,2023,861,249,476,40
1631110,1610612759,2024,617,128,352,27
1642285,1610612763,2024,106,34,30,1
1630311,1610612744,2023,4,5,4,0
1630311,1610612744,2024,98,48,46,3
1630531,1610612755,2021,2,0,2,2
1630531,1610612755,2022,42,8,14,3
1630531,1610612755,2023,128,35,58,11
1630531,1610612738,2023,35,9,20,4
1630531,0,2023,163,44,78,15
1630531,1610612738,2024,45,10,24,1
1630531,1610612762,2024,64,23,34,3
1630531,0,2024,109,33,58,4
1641815,1610612748,2024,0,0,2,0
1630205,1610612739,2020,165,25,96,13
1630205,1610612739,2021,383,44,164,18
1630205,1610612739,2022,328,33,207,19
1630205,1610612738,2023,53,8,31,5
1630205,1610612763,2023,219,20,96,17
1630205,0,2023,272,28,127,22
1630205,1610612763,2024,74,8,38,3
1630191,1610612765,2020,537,59,453,86
1630191,1610612765,2021,589,82,617,78
1630191,1610612765,2022,567,70,403,34
1630191,1610612765,2023,503,73,305,38
1630191,1610612765,2024,435,123,399,101
1631124,1610612743,2023,227,47,61,7
1631124,1610612743,2024,588,83,142,16
1629622,1610612748,2020,236,24,41,2
1629622,1610612748,2021,721,92,202,16
1629622,1610612748,2022,923,171,258,12
1629622,1610612739,2023,853,283,338,29
1629622,1610612739,2024,471,158,217,12
1630591,1610612753,2021,564,209,171,19
1630591,1610612753,2022,524,155,161,27
1630591,1610612753,2023,943,205,229,47
1630591,1610612753,2024,567,129,141,33
1631306,1610612747,2022,9,4,7,0
1631306,1610612748,2023,42,5,7,1
1631306,1610612765,2024,0,1,2,0
1631306,1610612761,2024,59,2,25,2
1631306,0,2024,59,3,27,2
1630256,1610612745,2020,794,178,374,36
1630256,1610612745,2021,919,222,420,41
1630256,1610612745,2022,283,84,118,7
1630256,1610612745,2023,265,64,197,15
1630256,1610612745,2024,188,47,117,7
1628369,1610612738,2020,1692,276,472,31
1628369,1610612738,2021,2046,334,609,49
1628369,1610612738,2022,2225,342,649,51
1628369,1610612738,2023,1987,364,601,43
1628369,1610612738,2024,1932,431,623,38
1630678,1610612754,2021,318,41,172,8
1630678,1610612754,2022,69,10,39,5
1630678,1610612741,2022,20,0,8,1
1630678,0,2022,89,10,47,6
1630678,1610612741,2023,46,10,37,2
1630678,1610612758,2024,0,2,1,0
202066,1610612741,2020,423,124,160,30
202066,1610612740,2021,309,74,143,23
202066,1610612740,2022,50,13,17,2
202066,1610612761,2023,88,28,45,3
202066,1610612761,2024,53,31,29,2
1631207,1610612741,2022,85,22,37,5
1631207,1610612741,2023,180,81,113,18
1631207,1610612741,2024,326,97,124,15
1628464,1610612738,2020,397,67,220,43
1628464,1610612741,2020,230,41,136,14
1628464,0,2020,627,108,356,57
1628464,1610612745,2021,218,20,130,17
1628464,1610612738,2021,166,21,98,14
1628464,0,2021,384,41,228,31
1628464,1610612754,2022,49,9,22,6
1628464,1610612754,2023,2,0,0,0
1628464,1610612746,2023,374,61,244,51
1628464,0,2023,376,61,244,51
1628464,1610612740,2024,162,60,164,20
1630560,1610612751,2021,570,78,161,8
1630560,1610612751,2022,604,78,95,7
1630560,1610612751,2023,1482,192,214,16
1630560,1610612751,2024,599,94,83,2
1641708,1610612745,2023,592,163,409,38
1641708,1610612745,2024,970,265,564,89
1641709,1610612765,2023,556,120,402,59
1641709,1610612765,2024,594,134,303,40
202691,1610612744,2021,652,88,125,17
202691,1610612744,2022,1509,163,286,29
202691,1610612744,2023,1375,176,254,35
202691,1610612742,2024,1005,145,246,30
202684,1610612738,2020,409,67,439,33
202684,1610612758,2021,185,18,161,12
202684,1610612754,2021,29,2,18,2
202684,1610612741,2021,130,14,109,7
202684,0,2021,344,34,288,21
202684,1610612739,2023,161,51,174,14
202684,1610612739,2024,69,24,134,11
1630550,1610612766,2021,67,19,43,11
1630550,1610612766,2022,262,36,152,23
1630550,1610612766,2023,199,29,146,27
1630550,1610612739,2024,28,1,6,3
1630550,1610612764,2024,43,5,42,6
1630550,0,2024,71,6,48,9
1629680,1610612755,2020,255,63,124,71
1629680,1610612755,2021,379,75,151,71
1629680,1610612755,2022,130,23,63,14
1629680,1610612757,2022,163,30,77,18
1629680,0,2022,293,53,140,32
1629680,1610612757,2023,354,90,136,49
1629680,1610612757,2024,112,28,52,9
1630214,1610612763,2020,390,75,256,33
1630214,1610612763,2021,252,62,161,15
1630214,1610612763,2022,429,96,307,29
1630214,1610612763,2023,204,57,157,35
1630214,1610612738,2023,80,20,54,9
1630214,0,2023,284,77,211,44
1630214,1610612738,2024,34,7,43,5
1631166,1610612751,2024,109,20,65,1
1641772,1610612739,2024,36,2,21,1
1631210,1610612752,2023,13,3,7,1
1631210,1610612752,2024,6,4,11,0
1631210,1610612737,2024,17,2,4,0
1631210,0,2024,23,6,15,0
1630167,1610612752,2020,253,29,138,15
1630167,1610612752,2021,648,77,268,33
1630167,1610612752,2022,497,66,187,12
1630167,1610612754,2023,843,128,320,43
1630167,1610612754,2024,833,128,318,28
1626157,1610612750,2020,1239,225,529,57
1626157,1610612750,2021,1818,269,727,83
1626157,1610612750,2022,602,140,236,17
1626157,1610612750,2023,1349,189,515,41
1626157,1610612752,2024,1759,222,920,50
1642422,1610612747,2024,14,1,15,2
1631247,1610612739,2024,12,8,20,1
1629018,1610612757,2020,613,58,91,6
1629018,1610612761,2020,275,22,61,4
1629018,0,2020,888,80,152,10
1629018,1610612761,2021,1283,141,191,19
1629018,1610612761,2022,1148,106,173,14
1629018,1610612761,2023,974,119,188,10
1629018,1610612749,2024,824,87,168,4
1631131,1610612754,2023,26,2,16,1
1631131,1610612762,2024,107,9,122,1
200782,1610612745,2020,141,45,148,18
200782,1610612749,2020,52,16,56,2
200782,0,2020,193,61,204,20
200782,1610612748,2021,539,149,387,15
200782,1610612755,2022,266,60,295,15
200782,1610612755,2023,6,0,14,2
200782,1610612746,2023,46,16,71,5
200782,0,2023,52,16,85,7
200782,1610612752,2024,9,0,8,1
1626167,1610612754,2020,592,48,306,159
1626167,1610612754,2021,540,44,297,118
1626167,1610612754,2022,1113,89,466,140
1626167,1610612754,2023,1313,100,533,144
1626167,1610612754,2024,1120,111,471,144
1641816,1610612743,2023,20,2,9,0
1641816,1610612743,2024,134,20,78,6
1642281,1610612739,2024,167,44,96,3
1630649,1610612765,2022,2,0,0,1
1630649,1610612765,2023,127,11,51,7
1630649,1610612749,2024,15,4,17,6
202685,1610612763,2020,1058,112,776,57
202685,1610612740,2021,1314,190,843,60
202685,1610612740,2022,1115,140,804,52
202685,1610612740,2023,1002,173,721,68
202685,1610612764,2024,564,108,404,28
202685,1610612758,2024,279,56,223,18
202685,0,2024,843,164,627,46
1627832,1610612761,2020,1019,328,220,37
1627832,1610612761,2021,1320,434,289,35
1627832,1610612761,2022,1335,495,280,38
1627832,1610612745,2023,1270,589,278,59
1627832,1610612745,2024,844,333,221,25
1629020,1610612750,2020,344,76,368,46
1629020,1610612750,2021,512,94,624,46
1629020,1610612762,2022,432,142,409,15
1629020,1610612747,2022,187,42,173,6
1629020,0,2022,619,184,582,21
1629020,1610612747,2023,150,36,138,5
1629020,1610612747,2024,147,41,182,10
1630170,1610612759,2020,341,56,174,18
1630170,1610612759,2021,872,136,306,41
1630170,1610612759,2022,703,136,148,17
1630170,1610612759,2023,1323,277,261,23
1630170,1610612759,2024,1041,183,255,33
1629216,1610612748,2020,242,67,56,2
1629216,1610612748,2021,591,210,126,12
1629216,1610612748,2022,641,167,145,5
1629216,1610612747,2023,34,21,9,0
1629216,1610612747,2024,460,98,92,13
1641774,1610612764,2023,85,13,36,7
1641774,1610612764,2024,330,39,130,23
202696,1610612753,2020,1080,167,517,28
202696,1610612741,2020,559,102,300,20
202696,0,2020,1639,269,817,48
202696,1610612741,2021,1288,236,804,71
202696,1610612741,2022,1447,265,903,57
202696,1610612741,2023,1370,254,801,60
202696,1610612741,2024,1349,256,735,52
1629731,1610612739,2020,376,74,215,21
1629731,1610612739,2021,269,52,150,7
1629731,1610612739,2022,206,37,150,21
1629731,1610612739,2023,291,43,218,25
1629731,1610612739,2024,320,76,249,20
1630532,1610612753,2021,1197,231,356,34
1630532,1610612753,2022,1485,283,329,17
1630532,1610612753,2023,1421,269,381,28
1630532,1610612753,2024,1449,284,342,21
1629021,1610612764,2020,178,32,73,8
1629021,1610612738,2020,11,6,19,1
1629021,1610612753,2020,121,12,54,9
1629021,0,2020,310,50,146,18
1629021,1610612753,2021,564,87,232,13
1629021,1610612753,2022,600,84,259,13
1629021,1610612753,2023,868,96,347,21
1629021,1610612753,2024,386,42,148,12
1631133,1610612757,2022,216,34,131,13
1631133,1610612757,2023,638,71,508,22
1631133,1610612757,2024,313,37,211,6
1641716,1610612754,2023,120,40,63,11
1641716,1610612754,2024,461,110,229,25
1629022,1610612759,2020,669,101,155,15
1629022,1610612759,2021,849,152,181,19
1629022,1610612747,2022,654,64,109,17
1629022,1610612751,2023,565,74,127,20
1629022,1610612755,2024,247,50,63,5
1641717,1610612760,2023,561,120,187,37
1641717,1610612760,2024,568,173,229,35
1630811,1610612737,2024,168,81,50,9
1641775,1610612738,2023,15,5,20,1
1641775,1610612738,2024,82,19,69,11
1642266,1610612761,2024,449,81,160,10
1642276,1610612748,2024,595,60,473,71
1629023,1610612766,2020,824,161,418,79
1629023,1610612766,2021,668,147,337,61
1629023,1610612766,2022,1144,175,358,79
1629023,1610612766,2023,600,97,232,32
1629023,1610612742,2023,339,44,179,27
1629023,0,2023,939,141,411,59
1629023,1610612742,2024,836,131,442,60
1631102,1610612745,2022,145,47,45,2
1631102,1610612749,2023,14,5,5,0
1631102,1610612756,2024,35,16,13,0
1630322,1610612760,2021,199,24,73,8
1630322,1610612760,2022,214,28,75,11
1630322,1610612760,2023,137,24,40,7
1630322,1610612744,2024,209,42,96,10
1630322,1610612765,2024,47,10,14,1
1630322,0,2024,256,52,110,11
1630570,1610612757,2021,364,81,199,28
1630570,1610612757,2022,459,130,238,12
1630570,1610612751,2023,432,81,194,19
1630570,1610612751,2024,450,115,160,12
1641817,1610612752,2024,8,2,3,0
1631212,1610612743,2022,75,11,37,11
1631212,1610612743,2023,532,86,258,88
1631212,1610612743,2024,551,94,233,93
1642377,1610612763,2024,823,135,268,8
1641705,1610612759,2023,1522,274,755,254
1641705,1610612759,2024,1116,168,506,176
1631104,1610612759,2022,184,98,82,5
1631104,1610612759,2023,268,166,94,9
1631104,1610612759,2024,217,114,61,6
201566,1610612764,2020,1445,763,750,23
201566,1610612747,2021,1441,550,580,20
201566,1610612747,2022,827,391,321,23
201566,1610612746,2022,332,160,102,10
201566,0,2022,1159,551,423,33
201566,1610612746,2023,754,306,343,23
201566,1610612743,2024,994,457,370,37
1630762,1610612755,2024,8,2,8,2
1629632,1610612741,2020,1041,328,284,15
1629632,1610612741,2021,772,176,182,11
1629632,1610612741,2022,715,204,212,6
1629632,1610612741,2023,1509,405,358,18
1629632,1610612741,2024,1509,330,273,16
1628401,1610612759,2020,553,127,107,36
1628401,1610612759,2021,706,274,173,42
1628401,1610612738,2021,286,92,88,16
1628401,0,2021,992,366,261,58
1628401,1610612738,2022,1017,321,293,76
1628401,1610612738,2023,1107,377,310,87
1628401,1610612738,2024,1248,361,341,80
1641727,1610612751,2023,3,3,4,1
1641727,1610612751,2024,114,12,29,1
1641715,1610612745,2023,579,33,180,17
1641715,1610612745,2024,477,49,151,13
1630598,1610612760,2021,416,68,178,10
1630598,1610612760,2022,479,80,210,15
1630598,1610612760,2023,542,86,186,19
1630598,1610612760,2024,914,134,295,18
203952,1610612744,2020,1320,167,347,70
203952,1610612744,2021,1256,161,325,51
203952,1610612744,2022,633,85,186,28
203952,1610612744,2023,939,119,321,41
203952,1610612744,2024,755,102,197,33
203952,1610612748,2024,323,56,72,17
203952,0,2024,1078,158,269,50
1631214,1610612751,2022,0,0,1,0
1631214,1610612748,2023,5,0,1,1
1631214,1610612765,2024,5,1,0,0
1630314,1610612757,2021,309,94,74,10
1630314,1610612742,2023,54,17,13,1
1630314,1610612742,2024,275,76,58,5
1642262,1610612762,2024,230,59,113,16
1629684,1610612738,2020,294,64,178,24
1629684,1610612738,2021,602,78,274,57
1629684,1610612738,2022,641,131,363,31
1629684,1610612742,2023,382,81,169,27
1629684,1610612766,2023,402,93,149,12
1629684,0,2023,784,174,318,39
1629684,1610612766,2024,166,37,82,13
1631114,1610612760,2022,1056,248,337,35
1631114,1610612760,2023,1355,322,282,45
1631114,1610612760,2024,1490,354,369,46
1631119,1610612760,2022,288,76,241,12
1631119,1610612760,2023,276,110,234,27
1631119,1610612760,2024,278,120,262,29
1629026,1610612760,2020,526,152,273,17
1629026,1610612760,2021,363,108,220,10
1629026,1610612760,2022,425,105,261,14
1629026,1610612760,2023,325,93,209,9
1629026,1610612760,2024,436,97,241,10
1631109,1610612766,2022,387,18,304,45
1631109,1610612766,2023,242,22,184,20
1631109,1610612766,2024,671,109,447,54
1631466,1610612757,2022,53,10,15,2
1631466,1610612745,2023,63,7,23,1
1631466,1610612745,2024,65,9,13,4
1630172,1610612741,2020,655,99,327,46
1630172,1610612741,2021,153,15,69,9
1630172,1610612741,2022,833,100,327,70
1630172,1610612741,2023,429,66,166,33
1630172,1610612741,2024,566,124,237,32
1630533,1610612763,2021,501,65,129,12
1630533,1610612763,2022,210,35,79,6
1630533,1610612763,2023,420,75,180,9
1630533,1610612751,2024,632,84,287,28
1629057,1610612738,2020,417,94,358,91
1629057,1610612738,2021,607,121,588,134
1629057,1610612738,2022,279,50,292,48
1629057,1610612757,2023,41,5,38,7
1629057,1610612757,2024,116,21,118,33
1631246,1610612763,2022,30,4,15,2
1631246,1610612763,2023,521,175,290,34
1631246,1610612763,2024,179,55,98,7
1629627,1610612740,2020,1647,226,441,39
1629627,1610612740,2022,754,133,202,16
1629627,1610612740,2023,1601,352,406,47
1629627,1610612740,2024,737,159,216,27
1630592,1610612751,2023,214,45,131,4
1630592,1610612751,2024,749,145,270,5
1630164,1610612744,2020,448,26,226,36
1630164,1610612744,2022,145,14,73,7
1630164,1610612765,2022,305,16,194,20
1630164,0,2022,450,30,267,27
1630164,1610612765,2023,446,54,336,39
1630164,1610612754,2024,6,0,1,0
1631209,1610612754,2023,2,0,0,0
1631209,1610612766,2024,120,28,32,0
1626153,1610612765,2020,374,181,164,19
1626153,1610612758,2020,271,97,105,11
1626153,0,2020,645,278,269,30
1626153,1610612737,2021,342,188,220,19
1626153,1610612764,2022,369,194,180,17
1626153,1610612764,2023,134,82,59,8
1626153,1610612748,2023,76,37,27,3
1626153,0,2023,210,119,86,11
1626153,1610612749,2024,65,48,46,9
1626153,1610612752,2024,60,29,20,3
1626153,0,2024,125,77,66,12
1627824,1610612755,2024,768,148,395,24
1642385,1610612751,2024,3,0,2,0
1642443,1610612741,2024,11,6,3,0
1629027,1610612737,2020,1594,594,245,12
1629027,1610612737,2021,2155,737,284,7
1629027,1610612737,2022,1914,741,217,9
1629027,1610612737,2023,1389,583,149,11
1629027,1610612737,2024,1841,880,236,12
1627826,1610612746,2020,650,90,519,62
1627826,1610612746,2021,785,120,644,77
1627826,1610612746,2022,818,77,756,98
1627826,1610612746,2023,794,93,626,83
1627826,1610612746,2024,1340,214,1010,90
1641783,1610612753,2024,533,113,245,18
1628427,1610612743,2020,85,14,50,2
1628427,1610612743,2021,62,17,31,3
1628427,1610612743,2022,297,80,128,14
1628427,1610612743,2024,24,9,32,2
203967,1610612756,2020,437,65,190,4
203967,1610612756,2022,215,57,142,5
203967,1610612760,2022,147,17,65,2
203967,0,2022,362,74,207,7
203967,1610612744,2023,515,144,283,10
203967,1610612743,2024,56,23,50,1
