GAME_ID,TEAM_ID,TEAM_ABBREVIATION,TEAM_CITY,PLAYER_ID,PLAYER_NAME,NICKNAME,START_POSITION,COMMENT,MIN,FGM,FGA,FG_PCT,FG3M,FG3A,FG3_PCT,FTM,FTA,FT_PCT,OREB,DREB,REB,AST,STL,BLK,TO,PF,PTS,PLUS_MINUS
0022301188,1610612737,ATL,Atlanta,203992,Bogdan Bogdanović,Bogdan,F,,27:27,6.0,15.0,0.4,3.0,8.0,0.375,3.0,3.0,1.0,1.0,3.0,4.0,1.0,2.0,0.0,0.0,2.0,18.0,-31.0
0022301188,1610612737,ATL,Atlanta,1629631,De'Andre Hunter,De'Andre,F,,26:34,0.0,6.0,0.0,0.0,2.0,0.0,6.0,6.0,1.0,0.0,2.0,2.0,1.0,0.0,0.0,1.0,1.0,6.0,-29.0
0022301188,1610612737,ATL,Atlanta,1628981,Bruno Fernando,Bruno,C,,21:12,3.0,5.0,0.6,0.0,0.0,0.0,6.0,6.0,1.0,0.0,2.0,2.0,1.0,0.0,0.0,1.0,2.0,12.0,-24.0
0022301188,1610612737,ATL,Atlanta,1627749,Dejounte Murray,Dejounte,G,,30:34,13.0,19.0,0.684,4.0,6.0,0.667,2.0,3.0,0.667,1.0,2.0,3.0,3.0,1.0,0.0,3.0,1.0,32.0,-30.0
0022301188,1610612737,ATL,Atlanta,1629027,Trae Young,Trae,G,,31:55,4.0,9.0,0.444,1.0,4.0,0.25,3.0,3.0,1.0,1.0,2.0,3.0,12.0,0.0,0.0,8.0,1.0,12.0,-35.0
0022301188,1610612737,ATL,Atlanta,1631243,Mouhamed Gueye,Mouhamed,,,26:48,6.0,11.0,0.545,2.0,3.0,0.667,5.0,6.0,0.833,4.0,5.0,9.0,0.0,2.0,3.0,0.0,4.0,19.0,-18.0
0022301188,1610612737,ATL,Atlanta,1629726,Garrison Mathews,Garrison,,,21:00,2.0,5.0,0.4,2.0,5.0,0.4,0.0,0.0,0.0,0.0,0.0,0.0,0.0,1.0,1.0,0.0,0.0,6.0,-5.0
0022301188,1610612737,ATL,Atlanta,1630249,Vít Krejčí,Vít,,,21:44,0.0,2.0,0.0,0.0,2.0,0.0,0.0,0.0,0.0,2.0,3.0,5.0,5.0,0.0,0.0,1.0,1.0,0.0,-9.0
0022301188,1610612737,ATL,Atlanta,1631100,AJ Griffin,AJ,,,19:55,4.0,14.0,0.286,0.0,5.0,0.0,0.0,0.0,0.0,0.0,0.0,0.0,0.0,0.0,1.0,1.0,0.0,8.0,-17.0
0022301188,1610612737,ATL,Atlanta,1641723,Kobe Bufkin,Kobe,,,6:48,1.0,3.0,0.333,0.0,1.0,0.0,0.0,0.0,0.0,0.0,1.0,1.0,0.0,0.0,0.0,0.0,0.0,2.0,-6.0
0022301188,1610612737,ATL,Atlanta,1630235,Trent Forrest,Trent,,,6:03,0.0,0.0,0.0,0.0,0.0,0.0,0.0,0.0,0.0,0.0,3.0,3.0,2.0,0.0,0.0,0.0,0.0,0.0,-6.0
0022301188,1610612737,ATL,Atlanta,203991,Clint Capela,Clint,,DND - Rest,,,,,,,,,,,,,,,,,,,,
0022301188,1610612754,IND,Indiana,1630174,Aaron Nesmith,Aaron,F,,19:50,3.0,3.0,1.0,1.0,1.0,1.0,1.0,1.0,1.0,0.0,3.0,3.0,1.0,1.0,0.0,0.0,3.0,8.0,24.0
0022301188,1610612754,IND,Indiana,1627783,Pascal Siakam,Pascal,F,,25:25,13.0,18.0,0.722,1.0,2.0,0.5,1.0,2.0,0.5,2.0,4.0,6.0,1.0,1.0,0.0,2.0,3.0,28.0,27.0
0022301188,1610612754,IND,Indiana,1626167,Myles Turner,Myles,C,,21:55,13.0,17.0,0.765,3.0,4.0,0.75,2.0,2.0,1.0,3.0,9.0,12.0,0.0,0.0,4.0,1.0,2.0,31.0,26.0
0022301188,1610612754,IND,Indiana,1629614,Andrew Nembhard,Andrew,G,,22:43,4.0,5.0,0.8,2.0,3.0,0.667,0.0,0.0,0.0,0.0,2.0,2.0,5.0,1.0,0.0,1.0,3.0,10.0,31.0
0022301188,1610612754,IND,Indiana,1630169,Tyrese Haliburton,Tyrese,G,,25:25,5.0,10.0,0.5,0.0,4.0,0.0,2.0,3.0,0.667,0.0,2.0,2.0,13.0,3.0,1.0,2.0,3.0,12.0,27.0
0022301188,1610612754,IND,Indiana,1641767,Ben Sheppard,Ben,,,25:30,3.0,6.0,0.5,1.0,3.0,0.333,0.0,0.0,0.0,2.0,2.0,4.0,2.0,1.0,0.0,0.0,1.0,7.0,17.0
0022301188,1610612754,IND,Indiana,1630188,Jalen Smith,Jalen,,,19:17,4.0,4.0,1.0,2.0,2.0,1.0,0.0,0.0,0.0,3.0,2.0,5.0,2.0,0.0,1.0,2.0,2.0,10.0,10.0
0022301188,1610612754,IND,Indiana,204456,T.J. McConnell,T.J.,,,15:09,7.0,11.0,0.636,3.0,4.0,0.75,0.0,0.0,0.0,0.0,4.0,4.0,8.0,0.0,0.0,1.0,2.0,17.0,7.0
0022301188,1610612754,IND,Indiana,1630167,Obi Toppin,Obi,,,12:27,2.0,6.0,0.333,1.0,4.0,0.25,2.0,2.0,1.0,1.0,1.0,2.0,3.0,1.0,0.0,2.0,1.0,7.0,11.0
0022301188,1610612754,IND,Indiana,203926,Doug McDermott,Doug,,,18:27,6.0,9.0,0.667,3.0,5.0,0.6,0.0,0.0,0.0,1.0,0.0,1.0,1.0,0.0,0.0,0.0,0.0,15.0,10.0
0022301188,1610612754,IND,Indiana,1641716,Jarace Walker,Jarace,,,10:08,3.0,5.0,0.6,2.0,3.0,0.667,0.0,0.0,0.0,0.0,5.0,5.0,1.0,1.0,0.0,1.0,0.0,8.0,4.0
0022301188,1610612754,IND,Indiana,1631112,Kendall Brown,Kendall,,,10:08,2.0,4.0,0.5,0.0,1.0,0.0,0.0,0.0,0.0,0.0,1.0,1.0,1.0,0.0,0.0,1.0,1.0,4.0,4.0
0022301188,1610612754,IND,Indiana,201949,James Johnson,James,,,6:48,0.0,1.0,0.0,0.0,0.0,0.0,0.0,0.0,0.0,0.0,0.0,0.0,1.0,0.0,0.0,1.0,2.0,0.0,6.0
0022301188,1610612754,IND,Indiana,1631245,Quenton Jackson,Quenton,,,6:48,0.0,1.0,0.0,0.0,0.0,0.0,0.0,0.0,0.0,0.0,1.0,1.0,2.0,1.0,0.0,0.0,1.0,0.0,6.0
0022301188,1610612754,IND,Indiana,1630543,Isaiah Jackson,Isaiah,,DNP - Coach's Decision,,,,,,,,,,,,,,,,,,,,
0022301178,1610612737,ATL,Atlanta,203992,Bogdan Bogdanović,Bogdan,F,,28:42,5.0,10.0,0.5,2.0,4.0,0.5,5.0,5.0,1.0,0.0,2.0,2.0,2.0,0.0,0.0,1.0,0.0,17.0,-5.0
0022301178,1610612737,ATL,Atlanta,1629631,De'Andre Hunter,De'Andre,F,,25:09,5.0,14.0,0.357,2.0,6.0,0.333,3.0,3.0,1.0,1.0,1.0,2.0,1.0,0.0,0.0,1.0,4.0,15.0,4.0
0022301178,1610612737,ATL,Atlanta,203991,Clint Capela,Clint,C,,25:58,6.0,8.0,0.75,0.0,0.0,0.0,1.0,2.0,0.5,2.0,9.0,11.0,3.0,1.0,1.0,1.0,2.0,13.0,4.0
0022301178,1610612737,ATL,Atlanta,1627749,Dejounte Murray,Dejounte,G,,31:01,5.0,14.0,0.357,0.0,3.0,0.0,2.0,4.0,0.5,1.0,4.0,5.0,4.0,0.0,0.0,3.0,3.0,12.0,-5.0
0022301178,1610612737,ATL,Atlanta,1629027,Trae Young,Trae,G,,27:23,6.0,12.0,0.5,3.0,7.0,0.429,4.0,6.0,0.667,0.0,2.0,2.0,7.0,1.0,0.0,2.0,1.0,19.0,16.0
0022301178,1610612737,ATL,Atlanta,1631243,Mouhamed Gueye,Mouhamed,,,20:45,1.0,5.0,0.2,0.0,2.0,0.0,0.0,0.0,0.0,3.0,2.0,5.0,1.0,1.0,0.0,0.0,4.0,2.0,-3.0
0022301178,1610612737,ATL,Atlanta,1629726,Garrison Mathews,Garrison,,,23:09,0.0,4.0,0.0,0.0,3.0,0.0,0.0,0.0,0.0,0.0,1.0,1.0,0.0,1.0,0.0,0.0,3.0,0.0,-6.0
0022301178,1610612737,ATL,Atlanta,1628981,Bruno Fernando,Bruno,,,22:02,6.0,9.0,0.667,0.0,0.0,0.0,2.0,5.0,0.4,1.0,4.0,5.0,2.0,0.0,0.0,2.0,5.0,14.0,-7.0
0022301178,1610612737,ATL,Atlanta,1631100,AJ Griffin,AJ,,,18:20,1.0,3.0,0.333,1.0,1.0,1.0,0.0,0.0,0.0,0.0,4.0,4.0,1.0,0.0,0.0,1.0,0.0,3.0,-6.0
0022301178,1610612737,ATL,Atlanta,1641723,Kobe Bufkin,Kobe,,,9:44,3.0,5.0,0.6,0.0,1.0,0.0,0.0,0.0,0.0,1.0,2.0,3.0,0.0,0.0,0.0,1.0,2.0,6.0,-4.0
0022301178,1610612737,ATL,Atlanta,1630249,Vít Krejčí,Vít,,,7:47,2.0,6.0,0.333,1.0,3.0,0.333,0.0,0.0,0.0,0.0,0.0,0.0,2.0,0.0,0.0,2.0,1.0,5.0,-3.0
0022301178,1610612737,ATL,Atlanta,1630235,Trent Forrest,Trent,,DNP - Coach's Decision,,,,,,,,,,,,,,,,,,,,
0022301178,1610612750,MIN,Minnesota,1630183,Jaden McDaniels,Jaden,F,,29:45,4.0,7.0,0.571,3.0,4.0,0.75,0.0,0.0,0.0,0.0,3.0,3.0,1.0,0.0,1.0,0.0,2.0,11.0,8.0
0022301178,1610612750,MIN,Minnesota,1626157,Karl-Anthony Towns,Karl-Anthony,F,,27:32,4.0,11.0,0.364,1.0,6.0,0.167,2.0,2.0,1.0,1.0,4.0,5.0,8.0,0.0,1.0,3.0,2.0,11.0,-4.0
0022301178,1610612750,MIN,Minnesota,203497,Rudy Gobert,Rudy,C,,36:43,10.0,10.0,1.0,0.0,0.0,0.0,5.0,8.0,0.625,4.0,15.0,19.0,0.0,1.0,5.0,1.0,2.0,25.0,13.0
0022301178,1610612750,MIN,Minnesota,1630162,Anthony Edwards,Anthony,G,,27:16,4.0,12.0,0.333,0.0,5.0,0.0,6.0,6.0,1.0,0.0,4.0,4.0,4.0,2.0,0.0,3.0,4.0,14.0,0.0
0022301178,1610612750,MIN,Minnesota,201144,Mike Conley,Mike,G,,30:42,5.0,11.0,0.455,2.0,6.0,0.333,1.0,1.0,1.0,1.0,5.0,6.0,10.0,2.0,0.0,2.0,3.0,13.0,6.0
0022301178,1610612750,MIN,Minnesota,1629675,Naz Reid,Naz,,,27:54,5.0,10.0,0.5,2.0,5.0,0.4,7.0,8.0,0.875,0.0,3.0,3.0,2.0,0.0,1.0,2.0,2.0,19.0,-3.0
0022301178,1610612750,MIN,Minnesota,1629638,Nickeil Alexander-Walker,Nickeil,,,23:50,4.0,11.0,0.364,2.0,8.0,0.25,2.0,2.0,1.0,0.0,1.0,1.0,1.0,1.0,1.0,0.0,3.0,12.0,2.0
0022301178,1610612750,MIN,Minnesota,1628420,Monté Morris,Monté,,,5:53,0.0,1.0,0.0,0.0,1.0,0.0,0.0,0.0,0.0,0.0,2.0,2.0,0.0,0.0,0.0,0.0,0.0,0.0,0.0
0022301178,1610612750,MIN,Minnesota,203937,Kyle Anderson,Kyle,,,15:35,0.0,2.0,0.0,0.0,0.0,0.0,0.0,2.0,0.0,0.0,0.0,0.0,1.0,1.0,2.0,2.0,3.0,0.0,-14.0
0022301178,1610612750,MIN,Minnesota,1629162,Jordan McLaughlin,Jordan,,,14:50,2.0,4.0,0.5,0.0,2.0,0.0,0.0,0.0,0.0,1.0,0.0,1.0,2.0,1.0,0.0,1.0,1.0,4.0,7.0
0022301178,1610612750,MIN,Minnesota,1630568,Luka Garza,Luka,,DNP - Coach's Decision,,,,,,,,,,,,,,,,,,,,
0022301178,1610612750,MIN,Minnesota,1631159,Leonard Miller,Leonard,,DNP - Coach's Decision,,,,,,,,,,,,,,,,,,,,
0022301178,1610612750,MIN,Minnesota,1631169,Josh Minott,Josh,,DNP - Coach's Decision,,,,,,,,,,,,,,,,,,,,
0022301178,1610612750,MIN,Minnesota,1631111,Wendell Moore Jr.,Wendell,,DNP - Coach's Decision,,,,,,,,,,,,,,,,,,,,
0022301178,1610612750,MIN,Minnesota,203933,T.J. Warren,T.J.,,DNP - Coach's Decision,,,,,,,,,,,,,,,,,,,,
0022301159,1610612766,CHA,Charlotte,1641706,Brandon Miller,Brandon,F,,33:24,9.0,17.0,0.529,5.0,11.0,0.455,4.0,4.0,1.0,0.0,3.0,3.0,2.0,0.0,0.0,1.0,2.0,27.0,1.0
0022301159,1610612766,CHA,Charlotte,1628970,Miles Bridges,Miles,F,,29:51,7.0,14.0,0.5,2.0,5.0,0.4,2.0,2.0,1.0,1.0,2.0,3.0,3.0,0.0,0.0,2.0,0.0,18.0,-9.0
0022301159,1610612766,CHA,Charlotte,1629684,Grant Williams,Grant,C,,26:33,5.0,6.0,0.833,2.0,3.0,0.667,4.0,4.0,1.0,1.0,5.0,6.0,5.0,1.0,0.0,3.0,5.0,16.0,-1.0
0022301159,1610612766,CHA,Charlotte,1630544,Tre Mann,Tre,G,,36:45,5.0,13.0,0.385,1.0,4.0,0.25,5.0,6.0,0.833,1.0,2.0,3.0,7.0,7.0,0.0,1.0,0.0,16.0,2.0
0022301159,1610612766,CHA,Charlotte,203995,Vasilije Micić,Vasilije,G,,21:43,0.0,3.0,0.0,0.0,2.0,0.0,2.0,2.0,1.0,0.0,2.0,2.0,5.0,1.0,0.0,2.0,0.0,2.0,-14.0
0022301159,1610612766,CHA,Charlotte,1630197,Aleksej Pokusevski,Aleksej,,,25:31,3.0,6.0,0.5,2.0,2.0,1.0,2.0,2.0,1.0,0.0,6.0,6.0,1.0,1.0,1.0,1.0,2.0,10.0,5.0
0022301159,1610612766,CHA,Charlotte,1630208,Nick Richards,Nick,,,18:44,3.0,4.0,0.75,0.0,0.0,0.0,1.0,1.0,1.0,0.0,2.0,2.0,1.0,1.0,0.0,1.0,6.0,7.0,1.0
0022301159,1610612766,CHA,Charlotte,202722,Dāvis Bertāns,Dāvis,,,18:09,2.0,7.0,0.286,1.0,6.0,0.167,1.0,1.0,1.0,0.0,1.0,1.0,0.0,0.0,1.0,1.0,1.0,6.0,10.0
0022301159,1610612766,CHA,Charlotte,1630550,JT Thor,JT,,,18:09,3.0,5.0,0.6,0.0,2.0,0.0,0.0,0.0,0.0,2.0,2.0,4.0,1.0,0.0,0.0,1.0,2.0,6.0,10.0
0022301159,1610612766,CHA,Charlotte,1631121,Bryce McGowens,Bryce,,,8:28,2.0,3.0,0.667,1.0,1.0,1.0,0.0,0.0,0.0,0.0,1.0,1.0,0.0,0.0,0.0,0.0,0.0,5.0,-1.0
0022301159,1610612766,CHA,Charlotte,1629716,Marques Bolden,Marques,,,2:43,1.0,1.0,1.0,0.0,0.0,0.0,0.0,0.0,0.0,0.0,2.0,2.0,0.0,0.0,0.0,0.0,0.0,2.0,1.0
0022301159,1610612766,CHA,Charlotte,1641735,Amari Bailey,Amari,,DNP - Coach's Decision,,,,,,,,,,,,,,,,,,,,
0022301159,1610612766,CHA,Charlotte,1641778,Leaky Black,Leaky,,DNP - Coach's Decision,,,,,,,,,,,,,,,,,,,,
0022301159,1610612766,CHA,Charlotte,1641733,Nick Smith Jr.,Nick,,DNP - Coach's Decision,,,,,,,,,,,,,,,,,,,,
0022301159,1610612737,ATL,Atlanta,1629726,Garrison Mathews,Garrison,F,,30:38,4.0,12.0,0.333,2.0,9.0,0.222,0.0,0.0,0.0,0.0,3.0,3.0,4.0,0.0,0.0,0.0,0.0,10.0,14.0
0022301159,1610612737,ATL,Atlanta,1630249,Vít Krejčí,Vít,F,,33:29,8.0,14.0,0.571,3.0,8.0,0.375,0.0,0.0,0.0,1.0,3.0,4.0,2.0,2.0,0.0,3.0,2.0,19.0,-5.0
0022301159,1610612737,ATL,Atlanta,203991,Clint Capela,Clint,C,,20:55,7.0,10.0,0.7,0.0,0.0,0.0,1.0,2.0,0.5,0.0,6.0,6.0,0.0,1.0,0.0,0.0,0.0,15.0,14.0
0022301159,1610612737,ATL,Atlanta,203992,Bogdan Bogdanović,Bogdan,G,,22:03,6.0,11.0,0.545,5.0,10.0,0.5,2.0,2.0,1.0,0.0,1.0,1.0,8.0,1.0,0.0,2.0,2.0,19.0,12.0
0022301159,1610612737,ATL,Atlanta,1629027,Trae Young,Trae,G,,20:38,5.0,5.0,1.0,2.0,2.0,1.0,2.0,2.0,1.0,0.0,4.0,4.0,11.0,1.0,0.0,5.0,1.0,14.0,16.0
0022301159,1610612737,ATL,Atlanta,1641723,Kobe Bufkin,Kobe,,,23:51,4.0,12.0,0.333,1.0,3.0,0.333,2.0,3.0,0.667,1.0,1.0,2.0,1.0,0.0,1.0,1.0,5.0,11.0,-9.0
0022301159,1610612737,ATL,Atlanta,1629685,Dylan Windler,Dylan,,,26:24,4.0,7.0,0.571,4.0,7.0,0.571,0.0,0.0,0.0,2.0,1.0,3.0,1.0,0.0,0.0,1.0,1.0,12.0,-20.0
0022301159,1610612737,ATL,Atlanta,1631243,Mouhamed Gueye,Mouhamed,,,17:09,1.0,3.0,0.333,1.0,1.0,1.0,0.0,0.0,0.0,2.0,5.0,7.0,3.0,1.0,1.0,0.0,4.0,3.0,0.0
0022301159,1610612737,ATL,Atlanta,1628981,Bruno Fernando,Bruno,,,24:56,1.0,3.0,0.333,0.0,0.0,0.0,3.0,6.0,0.5,0.0,6.0,6.0,0.0,0.0,0.0,2.0,5.0,5.0,-14.0
0022301159,1610612737,ATL,Atlanta,1630235,Trent Forrest,Trent,,,19:57,3.0,5.0,0.6,0.0,0.0,0.0,0.0,1.0,0.0,1.0,1.0,2.0,5.0,1.0,0.0,2.0,0.0,6.0,-13.0
0022301159,1610612737,ATL,Atlanta,202083,Wesley Matthews,Wesley,,DND - Injury/Illness,,,,,,,,,,,,,,,,,,,,
0022301159,1610612737,ATL,Atlanta,1627749,Dejounte Murray,Dejounte,,DND - Injury/Illness,,,,,,,,,,,,,,,,,,,,
0022301147,1610612748,MIA,Miami,202710,Jimmy Butler III,Jimmy,F,,44:01,7.0,14.0,0.5,1.0,3.0,0.333,10.0,13.0,0.769,0.0,8.0,8.0,9.0,3.0,0.0,3.0,1.0,25.0,2.0
0022301147,1610612748,MIA,Miami,1631107,Nikola Jović,Nikola,F,,39:31,8.0,12.0,0.667,5.0,8.0,0.625,2.0,2.0,1.0,0.0,8.0,8.0,1.0,0.0,0.0,1.0,2.0,23.0,-1.0
0022301147,1610612748,MIA,Miami,1628389,Bam Adebayo,Bam,C,,47:41,4.0,8.0,0.5,2.0,2.0,1.0,0.0,0.0,0.0,0.0,7.0,7.0,7.0,3.0,1.0,5.0,2.0,10.0,12.0
0022301147,1610612748,MIA,Miami,1628997,Caleb Martin,Caleb,G,,27:06,0.0,9.0,0.0,0.0,6.0,0.0,0.0,0.0,0.0,0.0,2.0,2.0,3.0,2.0,2.0,0.0,0.0,0.0,-4.0
0022301147,1610612748,MIA,Miami,1629639,Tyler Herro,Tyler,G,,47:39,13.0,25.0,0.52,4.0,13.0,0.308,3.0,4.0,0.75,0.0,5.0,5.0,4.0,0.0,0.0,3.0,4.0,33.0,15.0
0022301147,1610612748,MIA,Miami,201567,Kevin Love,Kevin,,,5:59,1.0,4.0,0.25,1.0,3.0,0.333,0.0,0.0,0.0,1.0,2.0,3.0,0.0,0.0,0.0,2.0,1.0,3.0,-2.0
0022301147,1610612748,MIA,Miami,1631170,Jaime Jaquez Jr.,Jaime,,,21:53,1.0,2.0,0.5,1.0,1.0,1.0,0.0,0.0,0.0,2.0,2.0,4.0,1.0,0.0,0.0,2.0,2.0,3.0,-5.0
0022301147,1610612748,MIA,Miami,1629312,Haywood Highsmith,Haywood,,,35:28,5.0,10.0,0.5,3.0,7.0,0.429,0.0,2.0,0.0,1.0,6.0,7.0,2.0,0.0,0.0,1.0,3.0,13.0,7.0
0022301147,1610612748,MIA,Miami,1626153,Delon Wright,Delon,,,20:42,3.0,4.0,0.75,1.0,2.0,0.5,0.0,0.0,0.0,1.0,1.0,2.0,2.0,0.0,0.0,1.0,1.0,7.0,6.0
0022301147,1610612748,MIA,Miami,1628418,Thomas Bryant,Thomas,,DNP - Coach's Decision,,,,,,,,,,,,,,,,,,,,
0022301147,1610612748,MIA,Miami,1631288,Jamal Cain,Jamal,,DNP - Coach's Decision,,,,,,,,,,,,,,,,,,,,
0022301147,1610612748,MIA,Miami,201988,Patty Mills,Patty,,DNP - Coach's Decision,,,,,,,,,,,,,,,,,,,,
0022301147,1610612748,MIA,Miami,1631115,Orlando Robinson,Orlando,,DNP - Coach's Decision,,,,,,,,,,,,,,,,,,,,
0022301147,1610612748,MIA,Miami,1631306,Cole Swider,Cole,,DNP - Coach's Decision,,,,,,,,,,,,,,,,,,,,
0022301147,1610612748,MIA,Miami,1631214,Alondes Williams,Alondes,,DNP - Coach's Decision,,,,,,,,,,,,,,,,,,,,
0022301147,1610612737,ATL,Atlanta,1629631,De'Andre Hunter,De'Andre,F,,46:38,10.0,23.0,0.435,2.0,8.0,0.25,1.0,2.0,0.5,1.0,10.0,11.0,3.0,2.0,1.0,0.0,4.0,23.0,0.0
0022301147,1610612737,ATL,Atlanta,1630552,Jalen Johnson,Jalen,F,,23:43,6.0,7.0,0.857,1.0,1.0,1.0,0.0,0.0,0.0,2.0,6.0,8.0,3.0,1.0,0.0,1.0,2.0,13.0,-14.0
0022301147,1610612737,ATL,Atlanta,203991,Clint Capela,Clint,C,,36:36,3.0,8.0,0.375,0.0,0.0,0.0,0.0,0.0,0.0,6.0,5.0,11.0,2.0,0.0,0.0,1.0,1.0,6.0,-11.0
0022301147,1610612737,ATL,Atlanta,203992,Bogdan Bogdanović,Bogdan,G,,44:38,4.0,17.0,0.235,1.0,11.0,0.091,2.0,2.0,1.0,0.0,1.0,1.0,2.0,1.0,1.0,5.0,3.0,11.0,-22.0
0022301147,1610612737,ATL,Atlanta,1627749,Dejounte Murray,Dejounte,G,,48:42,12.0,31.0,0.387,3.0,12.0,0.25,2.0,2.0,1.0,4.0,9.0,13.0,13.0,4.0,0.0,4.0,4.0,29.0,4.0
0022301147,1610612737,ATL,Atlanta,1628981,Bruno Fernando,Bruno,,,21:24,4.0,5.0,0.8,0.0,0.0,0.0,4.0,4.0,1.0,0.0,4.0,4.0,0.0,0.0,0.0,0.0,2.0,12.0,5.0
0022301147,1610612737,ATL,Atlanta,1629726,Garrison Mathews,Garrison,,,21:05,4.0,10.0,0.4,3.0,9.0,0.333,0.0,1.0,0.0,2.0,1.0,3.0,0.0,1.0,0.0,1.0,2.0,11.0,10.0
0022301147,1610612737,ATL,Atlanta,1630249,Vít Krejčí,Vít,,,32:01,0.0,3.0,0.0,0.0,2.0,0.0,0.0,0.0,0.0,1.0,3.0,4.0,1.0,2.0,0.0,1.0,4.0,0.0,7.0
0022301147,1610612737,ATL,Atlanta,1641723,Kobe Bufkin,Kobe,,,10:31,2.0,9.0,0.222,0.0,3.0,0.0,0.0,1.0,0.0,1.0,3.0,4.0,3.0,1.0,0.0,2.0,1.0,4.0,-8.0
0022301147,1610612737,ATL,Atlanta,202083,Wesley Matthews,Wesley,,,4:42,0.0,0.0,0.0,0.0,0.0,0.0,2.0,2.0,1.0,0.0,0.0,0.0,1.0,1.0,0.0,0.0,0.0,2.0,-1.0
0022301147,1610612737,ATL,Atlanta,1630235,Trent Forrest,Trent,,DNP - Coach's Decision,,,,,,,,,,,,,,,,,,,,
0022301147,1610612737,ATL,Atlanta,1631243,Mouhamed Gueye,Mouhamed,,DNP - Coach's Decision,,,,,,,,,,,,,,,,,,,,
0022301130,1610612737,ATL,Atlanta,1629631,De'Andre Hunter,De'Andre,F,,29:27,5.0,11.0,0.455,2.0,8.0,0.25,6.0,7.0,0.857,0.0,1.0,1.0,2.0,1.0,0.0,3.0,2.0,18.0,-20.0
0022301130,1610612737,ATL,Atlanta,1630552,Jalen Johnson,Jalen,F,,33:51,8.0,18.0,0.444,1.0,5.0,0.2,0.0,0.0,0.0,1.0,5.0,6.0,4.0,1.0,0.0,6.0,0.0,17.0,-8.0
0022301130,1610612737,ATL,Atlanta,203991,Clint Capela,Clint,C,,30:26,5.0,6.0,0.833,0.0,0.0,0.0,9.0,12.0,0.75,5.0,7.0,12.0,3.0,1.0,0.0,1.0,2.0,19.0,-4.0
0022301130,1610612737,ATL,Atlanta,203992,Bogdan Bogdanović,Bogdan,G,,30:56,6.0,10.0,0.6,3.0,4.0,0.75,3.0,3.0,1.0,1.0,1.0,2.0,2.0,1.0,1.0,2.0,4.0,18.0,-8.0
0022301130,1610612737,ATL,Atlanta,1627749,Dejounte Murray,Dejounte,G,,35:53,4.0,15.0,0.267,3.0,8.0,0.375,3.0,4.0,0.75,0.0,2.0,2.0,12.0,1.0,1.0,2.0,2.0,14.0,-27.0
0022301130,1610612737,ATL,Atlanta,1630249,Vít Krejčí,Vít,,,25:17,1.0,3.0,0.333,1.0,2.0,0.5,0.0,0.0,0.0,1.0,4.0,5.0,2.0,1.0,0.0,0.0,2.0,3.0,-24.0
0022301130,1610612737,ATL,Atlanta,1628981,Bruno Fernando,Bruno,,,17:34,3.0,9.0,0.333,0.0,0.0,0.0,0.0,0.0,0.0,2.0,4.0,6.0,2.0,0.0,0.0,1.0,5.0,6.0,-28.0
0022301130,1610612737,ATL,Atlanta,1629726,Garrison Mathews,Garrison,,,19:14,3.0,6.0,0.5,2.0,5.0,0.4,3.0,3.0,1.0,0.0,0.0,0.0,0.0,2.0,0.0,0.0,0.0,11.0,-29.0
0022301130,1610612737,ATL,Atlanta,1641723,Kobe Bufkin,Kobe,,,13:39,2.0,6.0,0.333,0.0,3.0,0.0,0.0,0.0,0.0,0.0,3.0,3.0,3.0,0.0,0.0,0.0,1.0,4.0,-5.0
0022301130,1610612737,ATL,Atlanta,1631243,Mouhamed Gueye,Mouhamed,,,3:43,0.0,3.0,0.0,0.0,2.0,0.0,0.0,0.0,0.0,1.0,0.0,1.0,0.0,0.0,0.0,1.0,0.0,0.0,-7.0
0022301130,1610612737,ATL,Atlanta,1630235,Trent Forrest,Trent,,DNP - Coach's Decision,,,,,,,,,,,,,,,,,,,,
0022301130,1610612737,ATL,Atlanta,202083,Wesley Matthews,Wesley,,DNP - Coach's Decision,,,,,,,,,,,,,,,,,,,,
0022301130,1610612743,DEN,Denver,1631128,Christian Braun,Christian,F,,24:38,2.0,3.0,0.667,1.0,1.0,1.0,0.0,0.0,0.0,1.0,2.0,3.0,1.0,0.0,0.0,1.0,1.0,5.0,13.0
0022301130,1610612743,DEN,Denver,1629008,Michael Porter Jr.,Michael,F,,24:54,7.0,12.0,0.583,4.0,8.0,0.5,2.0,2.0,1.0,1.0,2.0,3.0,2.0,1.0,0.0,1.0,4.0,20.0,15.0
0022301130,1610612743,DEN,Denver,203999,Nikola Jokić,Nikola,C,,30:40,6.0,13.0,0.462,2.0,3.0,0.667,5.0,6.0,0.833,1.0,13.0,14.0,11.0,2.0,0.0,4.0,1.0,19.0,19.0
0022301130,1610612743,DEN,Denver,203484,Kentavious Caldwell-Pope,Kentavious,G,,27:53,9.0,12.0,0.75,6.0,9.0,0.667,0.0,0.0,0.0,0.0,2.0,2.0,1.0,2.0,0.0,2.0,2.0,24.0,21.0
0022301130,1610612743,DEN,Denver,1627750,Jamal Murray,Jamal,G,,20:51,6.0,11.0,0.545,2.0,4.0,0.5,2.0,2.0,1.0,0.0,3.0,3.0,6.0,0.0,1.0,3.0,1.0,16.0,14.0
0022301130,1610612743,DEN,Denver,202704,Reggie Jackson,Reggie,,,23:54,7.0,13.0,0.538,3.0,6.0,0.5,1.0,2.0,0.5,2.0,3.0,5.0,3.0,0.0,0.0,1.0,3.0,18.0,11.0
0022301130,1610612743,DEN,Denver,1631212,Peyton Watson,Peyton,,,27:04,6.0,8.0,0.75,0.0,1.0,0.0,1.0,2.0,0.5,1.0,5.0,6.0,2.0,1.0,5.0,0.0,3.0,13.0,16.0
0022301130,1610612743,DEN,Denver,203200,Justin Holiday,Justin,,,23:37,3.0,3.0,1.0,2.0,2.0,1.0,0.0,0.0,0.0,0.0,0.0,0.0,6.0,1.0,0.0,1.0,2.0,8.0,17.0
0022301130,1610612743,DEN,Denver,1630192,Zeke Nnaji,Zeke,,,14:05,2.0,3.0,0.667,1.0,1.0,1.0,0.0,0.0,0.0,0.0,5.0,5.0,1.0,1.0,0.0,0.0,2.0,5.0,6.0
0022301130,1610612743,DEN,Denver,1631124,Julian Strawther,Julian,,,12:11,1.0,4.0,0.25,1.0,3.0,0.333,2.0,2.0,1.0,0.0,4.0,4.0,3.0,0.0,0.0,2.0,2.0,5.0,7.0
0022301130,1610612743,DEN,Denver,1641816,Hunter Tyson,Hunter,,,3:43,1.0,2.0,0.5,0.0,1.0,0.0,0.0,0.0,0.0,0.0,0.0,0.0,0.0,0.0,0.0,0.0,0.0,2.0,7.0
0022301130,1610612743,DEN,Denver,1629618,Jalen Pickett,Jalen,,,3:15,1.0,2.0,0.5,1.0,2.0,0.5,0.0,0.0,0.0,0.0,2.0,2.0,2.0,1.0,0.0,0.0,0.0,3.0,7.0
0022301130,1610612743,DEN,Denver,1630643,Jay Huff,Jay,,,3:15,2.0,2.0,1.0,0.0,0.0,0.0,0.0,0.0,0.0,0.0,0.0,0.0,0.0,0.0,1.0,0.0,0.0,4.0,7.0
0022301130,1610612743,DEN,Denver,201599,DeAndre Jordan,DeAndre,,DNP - Coach's Decision,,,,,,,,,,,,,,,,,,,,
0022301124,1610612737,ATL,Atlanta,1629631,De'Andre Hunter,De'Andre,F,,36:32,3.0,10.0,0.3,2.0,7.0,0.286,5.0,7.0,0.714,0.0,3.0,3.0,3.0,1.0,0.0,4.0,5.0,13.0,-16.0
0022301124,1610612737,ATL,Atlanta,1630552,Jalen Johnson,Jalen,F,,36:27,3.0,12.0,0.25,0.0,1.0,0.0,0.0,0.0,0.0,1.0,15.0,16.0,4.0,1.0,0.0,2.0,1.0,6.0,-11.0
0022301124,1610612737,ATL,Atlanta,203991,Clint Capela,Clint,C,,28:38,3.0,7.0,0.429,0.0,0.0,0.0,0.0,2.0,0.0,5.0,8.0,13.0,2.0,1.0,1.0,5.0,2.0,6.0,-25.0
0022301124,1610612737,ATL,Atlanta,203992,Bogdan Bogdanović,Bogdan,G,,36:21,6.0,15.0,0.4,3.0,10.0,0.3,2.0,2.0,1.0,1.0,6.0,7.0,2.0,1.0,0.0,4.0,3.0,17.0,-19.0
0022301124,1610612737,ATL,Atlanta,1627749,Dejounte Murray,Dejounte,G,,35:21,6.0,17.0,0.353,3.0,9.0,0.333,1.0,2.0,0.5,2.0,3.0,5.0,4.0,1.0,0.0,4.0,1.0,16.0,-16.0
0022301124,1610612737,ATL,Atlanta,1629726,Garrison Mathews,Garrison,,,15:16,5.0,6.0,0.833,3.0,3.0,1.0,1.0,1.0,1.0,1.0,1.0,2.0,0.0,0.0,0.0,1.0,2.0,14.0,0.0
0022301124,1610612737,ATL,Atlanta,1630249,Vít Krejčí,Vít,,,14:56,1.0,2.0,0.5,1.0,2.0,0.5,1.0,1.0,1.0,0.0,2.0,2.0,3.0,0.0,0.0,0.0,2.0,4.0,2.0
0022301124,1610612737,ATL,Atlanta,1628981,Bruno Fernando,Bruno,,,19:22,3.0,6.0,0.5,0.0,0.0,0.0,4.0,6.0,0.667,1.0,4.0,5.0,2.0,1.0,1.0,1.0,2.0,10.0,11.0
0022301124,1610612737,ATL,Atlanta,1641723,Kobe Bufkin,Kobe,,,12:39,4.0,8.0,0.5,1.0,4.0,0.25,0.0,0.0,0.0,0.0,3.0,3.0,1.0,1.0,0.0,0.0,3.0,9.0,2.0
0022301124,1610612737,ATL,Atlanta,202083,Wesley Matthews,Wesley,,,4:28,0.0,2.0,0.0,0.0,2.0,0.0,0.0,0.0,0.0,0.0,0.0,0.0,0.0,0.0,0.0,0.0,1.0,0.0,2.0
0022301124,1610612737,ATL,Atlanta,1630235,Trent Forrest,Trent,,DNP - Coach's Decision,,,,,,,,,,,,,,,,,,,,
0022301124,1610612737,ATL,Atlanta,1641754,Seth Lundy,Seth,,DNP - Coach's Decision,,,,,,,,,,,,,,,,,,,,
0022301124,1610612742,DAL,Dallas,1627884,Derrick Jones Jr.,Derrick,F,,28:40,4.0,8.0,0.5,1.0,3.0,0.333,5.0,6.0,0.833,2.0,3.0,5.0,0.0,1.0,1.0,1.0,0.0,14.0,13.0
0022301124,1610612742,DAL,Dallas,1629023,P.J. Washington,P.J.,F,,36:09,6.0,11.0,0.545,5.0,8.0,0.625,2.0,2.0,1.0,1.0,7.0,8.0,3.0,1.0,1.0,1.0,2.0,19.0,15.0
0022301124,1610612742,DAL,Dallas,1629655,Daniel Gafford,Daniel,C,,22:43,3.0,5.0,0.6,0.0,0.0,0.0,0.0,0.0,0.0,1.0,2.0,3.0,1.0,1.0,2.0,0.0,4.0,6.0,2.0
0022301124,1610612742,DAL,Dallas,202681,Kyrie Irving,Kyrie,G,,34:52,10.0,21.0,0.476,3.0,7.0,0.429,3.0,3.0,1.0,2.0,3.0,5.0,1.0,0.0,1.0,4.0,1.0,26.0,7.0
0022301124,1610612742,DAL,Dallas,1629029,Luka Dončić,Luka,G,,37:03,8.0,25.0,0.32,6.0,15.0,0.4,3.0,3.0,1.0,0.0,12.0,12.0,8.0,2.0,1.0,5.0,3.0,25.0,21.0
0022301124,1610612742,DAL,Dallas,203957,Danté Exum,Danté,,,22:23,0.0,4.0,0.0,0.0,3.0,0.0,0.0,0.0,0.0,0.0,5.0,5.0,2.0,1.0,0.0,0.0,1.0,0.0,-3.0
0022301124,1610612742,DAL,Dallas,203501,Tim Hardaway Jr.,Tim,,,20:46,3.0,9.0,0.333,2.0,7.0,0.286,0.0,0.0,0.0,0.0,2.0,2.0,3.0,1.0,0.0,1.0,2.0,8.0,0.0
0022301124,1610612742,DAL,Dallas,1628467,Maxi Kleber,Maxi,,,21:01,2.0,5.0,0.4,1.0,3.0,0.333,2.0,2.0,1.0,2.0,4.0,6.0,2.0,0.0,1.0,1.0,2.0,7.0,3.0
0022301124,1610612742,DAL,Dallas,203939,Dwight Powell,Dwight,,,8:03,1.0,1.0,1.0,0.0,0.0,0.0,0.0,1.0,0.0,2.0,1.0,3.0,0.0,0.0,0.0,1.0,0.0,2.0,5.0
0022301124,1610612742,DAL,Dallas,1630702,Jaden Hardy,Jaden,,,6:04,1.0,4.0,0.25,0.0,2.0,0.0,0.0,0.0,0.0,1.0,2.0,3.0,0.0,0.0,0.0,0.0,2.0,2.0,1.0
0022301124,1610612742,DAL,Dallas,1641765,Olivier-Maxence Prosper,Olivier-Maxence,,,0:45,0.0,0.0,0.0,0.0,0.0,0.0,0.0,0.0,0.0,0.0,0.0,0.0,0.0,0.0,0.0,0.0,0.0,0.0,2.0
0022301124,1610612742,DAL,Dallas,1630639,A.J. Lawson,A.J.,,,0:45,0.0,0.0,0.0,0.0,0.0,0.0,0.0,0.0,0.0,0.0,1.0,1.0,0.0,0.0,0.0,0.0,0.0,0.0,2.0
0022301124,1610612742,DAL,Dallas,1630314,Brandon Williams,Brandon,,,0:45,0.0,1.0,0.0,0.0,1.0,0.0,0.0,0.0,0.0,0.0,0.0,0.0,0.0,0.0,0.0,0.0,0.0,0.0,2.0
0022301124,1610612742,DAL,Dallas,1641788,Alex Fudge,Alex,,DNP - Coach's Decision,,,,,,,,,,,,,,,,,,,,
0022301124,1610612742,DAL,Dallas,202693,Markieff Morris,Markieff,,DNP - Coach's Decision,,,,,,,,,,,,,,,,,,,,
0022301104,1610612765,DET,Detroit,1628972,Troy Brown Jr.,Troy,F,,24:18,2.0,4.0,0.5,0.0,2.0,0.0,2.0,2.0,1.0,1.0,4.0,5.0,2.0,1.0,0.0,0.0,1.0,6.0,-23.0
0022301104,1610612765,DET,Detroit,1641787,Tosan Evbuomwan,Tosan,F,,31:01,3.0,5.0,0.6,1.0,2.0,0.5,2.0,2.0,1.0,1.0,5.0,6.0,1.0,1.0,1.0,0.0,2.0,9.0,-19.0
0022301104,1610612765,DET,Detroit,1631105,Jalen Duren,Jalen,C,,27:51,5.0,13.0,0.385,0.0,0.0,0.0,1.0,1.0,1.0,2.0,2.0,4.0,1.0,2.0,0.0,2.0,0.0,11.0,-25.0
0022301104,1610612765,DET,Detroit,1631093,Jaden Ivey,Jaden,G,,26:53,3.0,15.0,0.2,1.0,4.0,0.25,1.0,2.0,0.5,0.0,3.0,3.0,4.0,0.0,0.0,1.0,2.0,8.0,-10.0
0022301104,1610612765,DET,Detroit,1631204,Marcus Sasser,Marcus,G,,32:44,4.0,13.0,0.308,3.0,8.0,0.375,0.0,0.0,0.0,1.0,1.0,2.0,4.0,1.0,0.0,2.0,3.0,11.0,-20.0
0022301104,1610612765,DET,Detroit,1629002,Chimezie Metu,Chimezie,,,27:49,4.0,9.0,0.444,0.0,2.0,0.0,1.0,1.0,1.0,1.0,4.0,5.0,3.0,5.0,1.0,1.0,2.0,9.0,20.0
0022301104,1610612765,DET,Detroit,1630201,Malachi Flynn,Malachi,,,34:03,18.0,25.0,0.72,5.0,9.0,0.556,9.0,12.0,0.75,0.0,6.0,6.0,5.0,3.0,0.0,4.0,2.0,50.0,14.0
0022301104,1610612765,DET,Detroit,203095,Evan Fournier,Evan,,,15:12,0.0,5.0,0.0,0.0,3.0,0.0,0.0,0.0,0.0,0.0,1.0,1.0,2.0,1.0,0.0,0.0,0.0,0.0,6.0
0022301104,1610612765,DET,Detroit,1630164,James Wiseman,James,,,20:09,4.0,5.0,0.8,0.0,0.0,0.0,1.0,1.0,1.0,2.0,3.0,5.0,2.0,0.0,1.0,0.0,1.0,9.0,17.0
0022301104,1610612765,DET,Detroit,1631205,Buddy Boeheim,Buddy,,DNP - Coach's Decision,,,,,,,,,,,,,,,,,,,,
0022301104,1610612765,DET,Detroit,1630595,Cade Cunningham,Cade,,DND - Injury/Illness,,,,,,,,,,,,,,,,,,,,
0022301104,1610612765,DET,Detroit,1629669,Jaylen Nowell,Jaylen,,DNP - Coach's Decision,,,,,,,,,,,,,,,,,,,,
0022301104,1610612765,DET,Detroit,1631197,Jared Rhoden,Jared,,DNP - Coach's Decision,,,,,,,,,,,,,,,,,,,,
0022301104,1610612765,DET,Detroit,1630649,Stanley Umude,Stanley,,DND - Injury/Illness,,,,,,,,,,,,,,,,,,,,
0022301104,1610612737,ATL,Atlanta,1629631,De'Andre Hunter,De'Andre,F,,35:27,11.0,16.0,0.688,3.0,6.0,0.5,1.0,3.0,0.333,0.0,7.0,7.0,4.0,0.0,0.0,5.0,1.0,26.0,14.0
0022301104,1610612737,ATL,Atlanta,1630552,Jalen Johnson,Jalen,F,,36:43,10.0,14.0,0.714,2.0,4.0,0.5,6.0,7.0,0.857,2.0,12.0,14.0,11.0,4.0,1.0,3.0,0.0,28.0,12.0
0022301104,1610612737,ATL,Atlanta,203991,Clint Capela,Clint,C,,30:27,5.0,9.0,0.556,0.0,0.0,0.0,1.0,2.0,0.5,2.0,14.0,16.0,1.0,0.0,2.0,1.0,1.0,11.0,30.0
0022301104,1610612737,ATL,Atlanta,203992,Bogdan Bogdanović,Bogdan,G,,33:09,4.0,15.0,0.267,2.0,10.0,0.2,0.0,0.0,0.0,0.0,2.0,2.0,4.0,2.0,2.0,1.0,2.0,10.0,9.0
0022301104,1610612737,ATL,Atlanta,1627749,Dejounte Murray,Dejounte,G,,35:26,10.0,21.0,0.476,2.0,8.0,0.25,2.0,3.0,0.667,1.0,3.0,4.0,11.0,1.0,0.0,5.0,1.0,24.0,20.0
0022301104,1610612737,ATL,Atlanta,1628981,Bruno Fernando,Bruno,,,17:33,0.0,0.0,0.0,0.0,0.0,0.0,0.0,0.0,0.0,0.0,1.0,1.0,3.0,0.0,1.0,0.0,4.0,0.0,-22.0
0022301104,1610612737,ATL,Atlanta,1629726,Garrison Mathews,Garrison,,,19:10,3.0,3.0,1.0,3.0,3.0,1.0,0.0,0.0,0.0,0.0,3.0,3.0,0.0,0.0,0.0,0.0,2.0,9.0,-17.0
0022301104,1610612737,ATL,Atlanta,1630249,Vít Krejčí,Vít,,,19:31,2.0,4.0,0.5,0.0,2.0,0.0,0.0,0.0,0.0,0.0,0.0,0.0,1.0,0.0,0.0,1.0,1.0,4.0,6.0
0022301104,1610612737,ATL,Atlanta,1641723,Kobe Bufkin,Kobe,,,12:34,4.0,8.0,0.5,1.0,5.0,0.2,0.0,0.0,0.0,1.0,0.0,1.0,1.0,2.0,2.0,0.0,1.0,9.0,-12.0
0022301104,1610612737,ATL,Atlanta,1630235,Trent Forrest,Trent,,DNP - Coach's Decision,,,,,,,,,,,,,,,,,,,,
0022301104,1610612737,ATL,Atlanta,1641754,Seth Lundy,Seth,,DNP - Coach's Decision,,,,,,,,,,,,,,,,,,,,
0022301104,1610612737,ATL,Atlanta,202083,Wesley Matthews,Wesley,,DNP - Coach's Decision,,,,,,,,,,,,,,,,,,,,
0022301091,1610612737,ATL,Atlanta,1630249,Vít Krejčí,Vít,F,,24:54,6.0,6.0,1.0,6.0,6.0,1.0,0.0,0.0,0.0,0.0,4.0,4.0,3.0,0.0,0.0,1.0,1.0,18.0,1.0
0022301091,1610612737,ATL,Atlanta,1629631,De'Andre Hunter,De'Andre,F,,32:48,3.0,12.0,0.25,2.0,10.0,0.2,0.0,0.0,0.0,0.0,6.0,6.0,4.0,0.0,0.0,2.0,2.0,8.0,8.0
0022301091,1610612737,ATL,Atlanta,203991,Clint Capela,Clint,C,,26:04,6.0,9.0,0.667,0.0,0.0,0.0,3.0,7.0,0.429,5.0,6.0,11.0,1.0,1.0,2.0,1.0,2.0,15.0,12.0
0022301091,1610612737,ATL,Atlanta,203992,Bogdan Bogdanović,Bogdan,G,,33:58,6.0,7.0,0.857,2.0,2.0,1.0,6.0,6.0,1.0,0.0,4.0,4.0,6.0,0.0,2.0,1.0,1.0,20.0,19.0
0022301091,1610612737,ATL,Atlanta,1627749,Dejounte Murray,Dejounte,G,,33:25,7.0,17.0,0.412,3.0,6.0,0.5,0.0,0.0,0.0,1.0,7.0,8.0,6.0,0.0,0.0,5.0,5.0,17.0,11.0
0022301091,1610612737,ATL,Atlanta,1629726,Garrison Mathews,Garrison,,,17:12,3.0,7.0,0.429,3.0,7.0,0.429,0.0,0.0,0.0,0.0,1.0,1.0,1.0,0.0,0.0,0.0,2.0,9.0,0.0
0022301091,1610612737,ATL,Atlanta,1630552,Jalen Johnson,Jalen,,,24:58,4.0,12.0,0.333,2.0,5.0,0.4,1.0,2.0,0.5,1.0,3.0,4.0,1.0,2.0,0.0,1.0,2.0,11.0,15.0
0022301091,1610612737,ATL,Atlanta,1628981,Bruno Fernando,Bruno,,,21:56,4.0,6.0,0.667,0.0,0.0,0.0,2.0,3.0,0.667,1.0,3.0,4.0,4.0,1.0,0.0,2.0,4.0,10.0,0.0
0022301091,1610612737,ATL,Atlanta,1641723,Kobe Bufkin,Kobe,,,17:12,1.0,4.0,0.25,1.0,3.0,0.333,0.0,0.0,0.0,0.0,2.0,2.0,3.0,0.0,1.0,1.0,1.0,3.0,0.0
0022301091,1610612737,ATL,Atlanta,202083,Wesley Matthews,Wesley,,,7:33,1.0,2.0,0.5,0.0,1.0,0.0,0.0,0.0,0.0,0.0,1.0,1.0,0.0,0.0,0.0,0.0,1.0,2.0,-6.0
0022301091,1610612737,ATL,Atlanta,1630235,Trent Forrest,Trent,,DNP - Coach's Decision,,,,,,,,,,,,,,,,,,,,
0022301091,1610612737,ATL,Atlanta,1641754,Seth Lundy,Seth,,DNP - Coach's Decision,,,,,,,,,,,,,,,,,,,,
0022301091,1610612741,CHI,Chicago,201942,DeMar DeRozan,DeMar,F,,39:05,10.0,23.0,0.435,0.0,3.0,0.0,11.0,12.0,0.917,0.0,2.0,2.0,5.0,2.0,0.0,3.0,4.0,31.0,-6.0
0022301091,1610612741,CHI,Chicago,1627936,Alex Caruso,Alex,F,,32:55,3.0,13.0,0.231,2.0,7.0,0.286,0.0,0.0,0.0,1.0,4.0,5.0,3.0,2.0,2.0,1.0,1.0,8.0,-17.0
0022301091,1610612741,CHI,Chicago,202696,Nikola Vučević,Nikola,C,,31:09,2.0,7.0,0.286,1.0,2.0,0.5,0.0,0.0,0.0,1.0,13.0,14.0,3.0,1.0,0.0,1.0,4.0,5.0,-12.0
0022301091,1610612741,CHI,Chicago,1630245,Ayo Dosunmu,Ayo,G,,35:37,7.0,13.0,0.538,1.0,5.0,0.2,0.0,0.0,0.0,1.0,2.0,3.0,1.0,1.0,0.0,1.0,2.0,15.0,-10.0
0022301091,1610612741,CHI,Chicago,1629632,Coby White,Coby,G,,39:19,8.0,21.0,0.381,2.0,7.0,0.286,4.0,4.0,1.0,1.0,2.0,3.0,3.0,1.0,0.0,1.0,4.0,22.0,-9.0
0022301091,1610612741,CHI,Chicago,1631207,Dalen Terry,Dalen,,,8:22,0.0,0.0,0.0,0.0,0.0,0.0,0.0,0.0,0.0,0.0,0.0,0.0,2.0,0.0,0.0,0.0,0.0,0.0,-3.0
0022301091,1610612741,CHI,Chicago,1628470,Torrey Craig,Torrey,,,12:38,0.0,1.0,0.0,0.0,1.0,0.0,0.0,0.0,0.0,1.0,1.0,2.0,0.0,0.0,0.0,0.0,0.0,0.0,-12.0
0022301091,1610612741,CHI,Chicago,203083,Andre Drummond,Andre,,,20:04,5.0,8.0,0.625,0.0,0.0,0.0,3.0,6.0,0.5,8.0,10.0,18.0,0.0,0.0,0.0,1.0,2.0,13.0,-4.0
0022301091,1610612741,CHI,Chicago,1630678,Terry Taylor,Terry,,,9:45,1.0,2.0,0.5,0.0,0.0,0.0,2.0,2.0,1.0,2.0,0.0,2.0,0.0,1.0,0.0,0.0,0.0,4.0,2.0
0022301091,1610612741,CHI,Chicago,1628975,Jevon Carter,Jevon,,,6:58,1.0,4.0,0.25,1.0,2.0,0.5,0.0,0.0,0.0,1.0,0.0,1.0,0.0,0.0,0.0,0.0,0.0,3.0,1.0
0022301091,1610612741,CHI,Chicago,1641931,Onuralp Bitim,Onuralp,,,2:04,0.0,2.0,0.0,0.0,1.0,0.0,0.0,0.0,0.0,0.0,0.0,0.0,0.0,0.0,0.0,0.0,0.0,0.0,5.0
0022301091,1610612741,CHI,Chicago,1641766,Adama Sanogo,Adama,,,2:04,0.0,0.0,0.0,0.0,0.0,0.0,0.0,0.0,0.0,0.0,1.0,1.0,0.0,0.0,0.0,0.0,0.0,0.0,5.0
0022301091,1610612741,CHI,Chicago,1630929,Henri Drell,Henri,,DNP - Coach's Decision,,,,,,,,,,,,,,,,,,,,
0022301091,1610612741,CHI,Chicago,1641847,Andrew Funk,Andrew,,DNP - Coach's Decision,,,,,,,,,,,,,,,,,,,,
0022301076,1610612749,MIL,Milwaukee,203114,Khris Middleton,Khris,F,,35:48,9.0,10.0,0.9,3.0,3.0,1.0,0.0,0.0,0.0,0.0,6.0,6.0,6.0,1.0,0.0,1.0,3.0,21.0,0.0
0022301076,1610612749,MIL,Milwaukee,203507,Giannis Antetokounmpo,Giannis,F,,37:41,12.0,22.0,0.545,0.0,1.0,0.0,12.0,16.0,0.75,4.0,12.0,16.0,8.0,3.0,1.0,3.0,2.0,36.0,8.0
0022301076,1610612749,MIL,Milwaukee,201572,Brook Lopez,Brook,C,,32:50,3.0,3.0,1.0,1.0,1.0,1.0,6.0,6.0,1.0,0.0,3.0,3.0,0.0,0.0,2.0,3.0,4.0,13.0,10.0
0022301076,1610612749,MIL,Milwaukee,1627736,Malik Beasley,Malik,G,,35:01,4.0,12.0,0.333,2.0,9.0,0.222,0.0,0.0,0.0,0.0,1.0,1.0,2.0,0.0,0.0,1.0,2.0,10.0,8.0
0022301076,1610612749,MIL,Milwaukee,201976,Patrick Beverley,Patrick,G,,36:07,6.0,10.0,0.6,2.0,5.0,0.4,4.0,4.0,1.0,0.0,5.0,5.0,5.0,1.0,1.0,0.0,2.0,18.0,6.0
0022301076,1610612749,MIL,Milwaukee,1626171,Bobby Portis,Bobby,,,21:19,6.0,10.0,0.6,0.0,2.0,0.0,1.0,2.0,0.5,0.0,4.0,4.0,2.0,2.0,0.0,0.0,1.0,13.0,2.0
0022301076,1610612749,MIL,Milwaukee,203109,Jae Crowder,Jae,,,13:27,1.0,5.0,0.2,0.0,3.0,0.0,3.0,3.0,1.0,1.0,1.0,2.0,0.0,0.0,0.0,1.0,0.0,5.0,7.0
0022301076,1610612749,MIL,Milwaukee,1626192,Pat Connaughton,Pat,,,16:20,1.0,3.0,0.333,0.0,2.0,0.0,2.0,4.0,0.5,1.0,2.0,3.0,4.0,0.0,0.0,1.0,3.0,4.0,3.0
0022301076,1610612749,MIL,Milwaukee,1631260,AJ Green,AJ,,,11:27,1.0,3.0,0.333,0.0,2.0,0.0,0.0,0.0,0.0,0.0,0.0,0.0,0.0,0.0,1.0,0.0,1.0,2.0,1.0
0022301076,1610612749,MIL,Milwaukee,203648,Thanasis Antetokounmpo,Thanasis,,DNP - Coach's Decision,,,,,,,,,,,,,,,,,,,,
0022301076,1610612749,MIL,Milwaukee,1630699,MarJon Beauchamp,MarJon,,DNP - Coach's Decision,,,,,,,,,,,,,,,,,,,,
0022301076,1610612749,MIL,Milwaukee,201568,Danilo Gallinari,Danilo,,DNP - Coach's Decision,,,,,,,,,,,,,,,,,,,,
0022301076,1610612749,MIL,Milwaukee,1641748,Andre Jackson Jr.,Andre,,DNP - Coach's Decision,,,,,,,,,,,,,,,,,,,,
0022301076,1610612749,MIL,Milwaukee,1631157,Ryan Rollins,Ryan,,DNP - Coach's Decision,,,,,,,,,,,,,,,,,,,,
0022301076,1610612749,MIL,Milwaukee,1631102,TyTy Washington Jr.,TyTy,,DNP - Coach's Decision,,,,,,,,,,,,,,,,,,,,
0022301076,1610612737,ATL,Atlanta,1630249,Vít Krejčí,Vít,F,,32:12,3.0,5.0,0.6,2.0,4.0,0.5,0.0,0.0,0.0,0.0,2.0,2.0,1.0,1.0,0.0,0.0,3.0,8.0,-9.0
0022301076,1610612737,ATL,Atlanta,1629631,De'Andre Hunter,De'Andre,F,,34:45,5.0,13.0,0.385,2.0,5.0,0.4,1.0,1.0,1.0,0.0,2.0,2.0,1.0,1.0,0.0,1.0,3.0,13.0,-11.0
0022301076,1610612737,ATL,Atlanta,203991,Clint Capela,Clint,C,,26:58,5.0,9.0,0.556,0.0,0.0,0.0,0.0,0.0,0.0,3.0,5.0,8.0,2.0,1.0,2.0,0.0,2.0,10.0,-6.0
0022301076,1610612737,ATL,Atlanta,203992,Bogdan Bogdanović,Bogdan,G,,37:23,12.0,23.0,0.522,5.0,9.0,0.556,9.0,10.0,0.9,1.0,9.0,10.0,4.0,1.0,0.0,3.0,5.0,38.0,-1.0
0022301076,1610612737,ATL,Atlanta,1627749,Dejounte Murray,Dejounte,G,,42:04,7.0,19.0,0.368,3.0,10.0,0.3,3.0,4.0,0.75,1.0,7.0,8.0,12.0,0.0,0.0,5.0,5.0,20.0,-10.0
0022301076,1610612737,ATL,Atlanta,1629726,Garrison Mathews,Garrison,,,17:22,1.0,3.0,0.333,1.0,3.0,0.333,0.0,0.0,0.0,0.0,1.0,1.0,1.0,0.0,0.0,0.0,1.0,3.0,-6.0
0022301076,1610612737,ATL,Atlanta,1628981,Bruno Fernando,Bruno,,,21:02,4.0,7.0,0.571,0.0,0.0,0.0,2.0,3.0,0.667,2.0,2.0,4.0,2.0,0.0,1.0,1.0,4.0,10.0,-3.0
0022301076,1610612737,ATL,Atlanta,1630235,Trent Forrest,Trent,,,5:56,1.0,3.0,0.333,0.0,0.0,0.0,0.0,0.0,0.0,1.0,0.0,1.0,0.0,0.0,0.0,1.0,0.0,2.0,1.0
0022301076,1610612737,ATL,Atlanta,202083,Wesley Matthews,Wesley,,,18:22,4.0,9.0,0.444,1.0,3.0,0.333,0.0,0.0,0.0,1.0,0.0,1.0,1.0,1.0,0.0,0.0,3.0,9.0,2.0
0022301076,1610612737,ATL,Atlanta,1629685,Dylan Windler,Dylan,,,3:56,0.0,1.0,0.0,0.0,1.0,0.0,0.0,0.0,0.0,0.0,2.0,2.0,0.0,0.0,0.0,0.0,0.0,0.0,-2.0
0022301076,1610612737,ATL,Atlanta,1630552,Jalen Johnson,Jalen,,DND - Injury/Illness,,,,,,,,,,,,,,,,,,,,
0022301076,1610612737,ATL,Atlanta,1629027,Trae Young,Trae,,DND - Injury/Illness,,,,,,,,,,,,,,,,,,,,
0022301060,1610612738,BOS,Boston,1627759,Jaylen Brown,Jaylen,F,,38:49,9.0,17.0,0.529,0.0,3.0,0.0,0.0,0.0,0.0,0.0,1.0,1.0,4.0,2.0,2.0,3.0,3.0,18.0,8.0
0022301060,1610612738,BOS,Boston,1628369,Jayson Tatum,Jayson,F,,45:14,9.0,22.0,0.409,2.0,7.0,0.286,11.0,13.0,0.846,3.0,10.0,13.0,6.0,0.0,0.0,2.0,3.0,31.0,-11.0
0022301060,1610612738,BOS,Boston,204001,Kristaps Porziņģis,Kristaps,C,,40:36,8.0,20.0,0.4,2.0,7.0,0.286,2.0,3.0,0.667,2.0,5.0,7.0,2.0,1.0,3.0,3.0,3.0,20.0,-4.0
0022301060,1610612738,BOS,Boston,201950,Jrue Holiday,Jrue,G,,36:32,5.0,11.0,0.455,3.0,6.0,0.5,0.0,0.0,0.0,1.0,6.0,7.0,5.0,1.0,1.0,0.0,1.0,13.0,-1.0
0022301060,1610612738,BOS,Boston,1628401,Derrick White,Derrick,G,,41:00,8.0,11.0,0.727,5.0,6.0,0.833,1.0,1.0,1.0,2.0,5.0,7.0,5.0,1.0,0.0,3.0,3.0,22.0,3.0
0022301060,1610612738,BOS,Boston,1630573,Sam Hauser,Sam,,,22:31,3.0,6.0,0.5,2.0,4.0,0.5,0.0,0.0,0.0,0.0,2.0,2.0,3.0,0.0,0.0,0.0,1.0,8.0,3.0
0022301060,1610612738,BOS,Boston,1630214,Xavier Tillman,Xavier,,,8:32,1.0,3.0,0.333,0.0,2.0,0.0,0.0,0.0,0.0,0.0,2.0,2.0,1.0,0.0,0.0,0.0,0.0,2.0,5.0
0022301060,1610612738,BOS,Boston,1630202,Payton Pritchard,Payton,,,18:44,1.0,3.0,0.333,0.0,1.0,0.0,2.0,2.0,1.0,0.0,1.0,1.0,2.0,1.0,0.0,1.0,1.0,4.0,-11.0
0022301060,1610612738,BOS,Boston,1628436,Luke Kornet,Luke,,,13:02,1.0,1.0,1.0,0.0,0.0,0.0,2.0,2.0,1.0,1.0,2.0,3.0,0.0,1.0,0.0,0.0,0.0,4.0,3.0
0022301060,1610612738,BOS,Boston,1629052,Oshae Brissett,Oshae,,DNP - Coach's Decision,,,,,,,,,,,,,,,,,,,,
0022301060,1610612738,BOS,Boston,201143,Al Horford,Al,,DND - Injury/Illness,,,,,,,,,,,,,,,,,,,,
0022301060,1610612738,BOS,Boston,1629004,Svi Mykhailiuk,Svi,,DNP - Coach's Decision,,,,,,,,,,,,,,,,,,,,
0022301060,1610612737,ATL,Atlanta,1630249,Vít Krejčí,Vít,F,,35:12,1.0,1.0,1.0,0.0,0.0,0.0,0.0,0.0,0.0,1.0,2.0,3.0,1.0,0.0,0.0,0.0,6.0,2.0,0.0
0022301060,1610612737,ATL,Atlanta,1629631,De'Andre Hunter,De'Andre,F,,39:51,8.0,16.0,0.5,5.0,9.0,0.556,0.0,3.0,0.0,2.0,11.0,13.0,1.0,0.0,0.0,1.0,0.0,21.0,1.0
0022301060,1610612737,ATL,Atlanta,203991,Clint Capela,Clint,C,,33:17,6.0,8.0,0.75,0.0,0.0,0.0,0.0,0.0,0.0,7.0,6.0,13.0,3.0,0.0,2.0,2.0,2.0,12.0,0.0
0022301060,1610612737,ATL,Atlanta,203992,Bogdan Bogdanović,Bogdan,G,,43:27,9.0,19.0,0.474,2.0,8.0,0.25,4.0,4.0,1.0,3.0,4.0,7.0,5.0,1.0,0.0,2.0,1.0,24.0,3.0
0022301060,1610612737,ATL,Atlanta,1627749,Dejounte Murray,Dejounte,G,,46:48,18.0,44.0,0.409,6.0,19.0,0.316,2.0,2.0,1.0,0.0,7.0,7.0,7.0,2.0,1.0,3.0,2.0,44.0,3.0
0022301060,1610612737,ATL,Atlanta,1629726,Garrison Mathews,Garrison,,,16:50,3.0,5.0,0.6,1.0,3.0,0.333,0.0,0.0,0.0,0.0,1.0,1.0,1.0,0.0,0.0,1.0,0.0,7.0,0.0
0022301060,1610612737,ATL,Atlanta,1628981,Bruno Fernando,Bruno,,,19:43,3.0,3.0,1.0,0.0,0.0,0.0,0.0,1.0,0.0,1.0,3.0,4.0,2.0,1.0,1.0,0.0,3.0,6.0,1.0
0022301060,1610612737,ATL,Atlanta,202083,Wesley Matthews,Wesley,,,23:40,1.0,6.0,0.167,1.0,5.0,0.2,0.0,0.0,0.0,3.0,2.0,5.0,3.0,1.0,1.0,1.0,3.0,3.0,-1.0
0022301060,1610612737,ATL,Atlanta,1630235,Trent Forrest,Trent,,,6:12,2.0,2.0,1.0,0.0,0.0,0.0,0.0,0.0,0.0,0.0,0.0,0.0,1.0,0.0,0.0,1.0,0.0,4.0,-2.0
0022301060,1610612737,ATL,Atlanta,1630552,Jalen Johnson,Jalen,,DND - Injury/Illness,,,,,,,,,,,,,,,,,,,,
0022301060,1610612737,ATL,Atlanta,1629685,Dylan Windler,Dylan,,DNP - Coach's Decision,,,,,,,,,,,,,,,,,,,,
0022301060,1610612737,ATL,Atlanta,1629027,Trae Young,Trae,,DND - Injury/Illness,,,,,,,,,,,,,,,,,,,,
0022301051,1610612757,POR,Portland,1631200,Kris Murray,Kris,F,,21:48,0.0,3.0,0.0,0.0,1.0,0.0,0.0,0.0,0.0,1.0,2.0,3.0,4.0,1.0,0.0,1.0,0.0,0.0,-18.0
0022301051,1610612757,POR,Portland,1641739,Toumani Camara,Toumani,F,,30:18,7.0,9.0,0.778,3.0,4.0,0.75,0.0,0.0,0.0,1.0,3.0,4.0,2.0,1.0,0.0,2.0,2.0,17.0,0.0
0022301051,1610612757,POR,Portland,1641871,Duop Reath,Duop,C,,30:13,6.0,12.0,0.5,1.0,5.0,0.2,0.0,0.0,0.0,1.0,4.0,5.0,5.0,1.0,0.0,1.0,3.0,13.0,-16.0
0022301051,1610612757,POR,Portland,1641712,Rayan Rupert,Rayan,G,,38:47,2.0,6.0,0.333,1.0,3.0,0.333,2.0,2.0,1.0,0.0,6.0,6.0,5.0,0.0,1.0,1.0,4.0,7.0,-2.0
0022301051,1610612757,POR,Portland,1630703,Scoot Henderson,Scoot,G,,32:10,6.0,16.0,0.375,2.0,5.0,0.4,1.0,1.0,1.0,0.0,2.0,2.0,6.0,2.0,0.0,6.0,4.0,15.0,-12.0
0022301051,1610612757,POR,Portland,1630625,Dalano Banton,Dalano,,,36:46,13.0,23.0,0.565,5.0,11.0,0.455,0.0,0.0,0.0,1.0,4.0,5.0,9.0,2.0,0.0,4.0,0.0,31.0,-15.0
0022301051,1610612757,POR,Portland,1629650,Moses Brown,Moses,,,12:19,3.0,5.0,0.6,0.0,0.0,0.0,1.0,5.0,0.2,1.0,0.0,1.0,0.0,1.0,1.0,0.0,1.0,7.0,-5.0
0022301051,1610612757,POR,Portland,1631133,Jabari Walker,Jabari,,,18:44,2.0,5.0,0.4,0.0,0.0,0.0,0.0,0.0,0.0,1.0,3.0,4.0,1.0,0.0,0.0,0.0,3.0,4.0,-8.0
0022301051,1610612757,POR,Portland,1630204,Ashton Hagans,Ashton,,,15:50,3.0,5.0,0.6,2.0,2.0,1.0,2.0,2.0,1.0,0.0,2.0,2.0,3.0,0.0,0.0,3.0,1.0,10.0,-2.0
0022301051,1610612757,POR,Portland,1630641,Ibou Badji,Ibou,,,1:33,0.0,0.0,0.0,0.0,0.0,0.0,0.0,0.0,0.0,0.0,0.0,0.0,0.0,0.0,0.0,0.0,0.0,0.0,4.0
0022301051,1610612757,POR,Portland,1631303,Justin Minaya,Justin,,,1:33,1.0,1.0,1.0,0.0,0.0,0.0,0.0,0.0,0.0,0.0,1.0,1.0,0.0,0.0,0.0,0.0,0.0,2.0,4.0
0022301051,1610612757,POR,Portland,1629680,Matisse Thybulle,Matisse,,DND - Injury/Illness,,,,,,,,,,,,,,,,,,,,
0022301051,1610612737,ATL,Atlanta,1630249,Vít Krejčí,Vít,F,,33:26,3.0,7.0,0.429,1.0,5.0,0.2,0.0,0.0,0.0,1.0,3.0,4.0,3.0,0.0,2.0,2.0,1.0,7.0,11.0
0022301051,1610612737,ATL,Atlanta,1629631,De'Andre Hunter,De'Andre,F,,30:51,5.0,12.0,0.417,1.0,6.0,0.167,2.0,2.0,1.0,1.0,4.0,5.0,1.0,0.0,0.0,3.0,2.0,13.0,20.0
0022301051,1610612737,ATL,Atlanta,203991,Clint Capela,Clint,C,,27:01,5.0,5.0,1.0,0.0,0.0,0.0,3.0,6.0,0.5,1.0,9.0,10.0,1.0,4.0,3.0,4.0,2.0,13.0,7.0
0022301051,1610612737,ATL,Atlanta,203992,Bogdan Bogdanović,Bogdan,G,,37:17,7.0,16.0,0.438,2.0,7.0,0.286,0.0,0.0,0.0,2.0,2.0,4.0,5.0,3.0,0.0,0.0,1.0,16.0,19.0
0022301051,1610612737,ATL,Atlanta,1627749,Dejounte Murray,Dejounte,G,,35:31,13.0,20.0,0.65,4.0,8.0,0.5,0.0,0.0,0.0,0.0,3.0,3.0,7.0,2.0,2.0,1.0,0.0,30.0,13.0
0022301051,1610612737,ATL,Atlanta,1629726,Garrison Mathews,Garrison,,,21:55,5.0,11.0,0.455,5.0,9.0,0.556,6.0,6.0,1.0,0.0,2.0,2.0,1.0,0.0,0.0,1.0,6.0,21.0,4.0
0022301051,1610612737,ATL,Atlanta,1628981,Bruno Fernando,Bruno,,,20:59,2.0,4.0,0.5,0.0,0.0,0.0,3.0,4.0,0.75,3.0,6.0,9.0,1.0,2.0,2.0,5.0,5.0,7.0,7.0
0022301051,1610612737,ATL,Atlanta,1630235,Trent Forrest,Trent,,,15:52,0.0,4.0,0.0,0.0,1.0,0.0,2.0,2.0,1.0,0.0,2.0,2.0,4.0,0.0,0.0,0.0,0.0,2.0,-5.0
0022301051,1610612737,ATL,Atlanta,1629685,Dylan Windler,Dylan,,,17:09,4.0,6.0,0.667,3.0,5.0,0.6,0.0,0.0,0.0,0.0,2.0,2.0,0.0,1.0,0.0,0.0,0.0,11.0,-6.0
0022301051,1610612737,ATL,Atlanta,1630552,Jalen Johnson,Jalen,,DND - Injury/Illness,,,,,,,,,,,,,,,,,,,,
0022301051,1610612737,ATL,Atlanta,202083,Wesley Matthews,Wesley,,DNP - Coach's Decision,,,,,,,,,,,,,,,,,,,,
0022301051,1610612737,ATL,Atlanta,1629027,Trae Young,Trae,,DND - Injury/Illness,,,,,,,,,,,,,,,,,,,,
0022301034,1610612738,BOS,Boston,1630573,Sam Hauser,Sam,F,,26:44,2.0,10.0,0.2,2.0,10.0,0.2,0.0,0.0,0.0,1.0,4.0,5.0,0.0,2.0,2.0,0.0,2.0,6.0,-7.0
0022301034,1610612738,BOS,Boston,201143,Al Horford,Al,F,,35:32,3.0,5.0,0.6,1.0,2.0,0.5,0.0,0.0,0.0,1.0,8.0,9.0,2.0,1.0,1.0,1.0,1.0,7.0,-5.0
0022301034,1610612738,BOS,Boston,204001,Kristaps Porziņģis,Kristaps,C,,34:09,7.0,14.0,0.5,1.0,4.0,0.25,2.0,2.0,1.0,5.0,0.0,5.0,2.0,0.0,3.0,3.0,3.0,17.0,-7.0
0022301034,1610612738,BOS,Boston,1627759,Jaylen Brown,Jaylen,G,,37:01,10.0,22.0,0.455,2.0,7.0,0.286,2.0,4.0,0.5,2.0,2.0,4.0,1.0,2.0,0.0,1.0,3.0,24.0,-2.0
0022301034,1610612738,BOS,Boston,1628369,Jayson Tatum,Jayson,G,,39:23,13.0,26.0,0.5,2.0,7.0,0.286,9.0,11.0,0.818,2.0,6.0,8.0,5.0,2.0,1.0,2.0,1.0,37.0,3.0
0022301034,1610612738,BOS,Boston,1630202,Payton Pritchard,Payton,,,27:34,7.0,12.0,0.583,1.0,5.0,0.2,0.0,2.0,0.0,1.0,4.0,5.0,6.0,0.0,0.0,0.0,3.0,15.0,-5.0
0022301034,1610612738,BOS,Boston,1629052,Oshae Brissett,Oshae,,,10:51,0.0,0.0,0.0,0.0,0.0,0.0,0.0,0.0,0.0,0.0,1.0,1.0,2.0,0.0,0.0,0.0,1.0,0.0,12.0
0022301034,1610612738,BOS,Boston,1628436,Luke Kornet,Luke,,,9:40,2.0,2.0,1.0,0.0,0.0,0.0,0.0,0.0,0.0,0.0,0.0,0.0,0.0,0.0,0.0,0.0,0.0,4.0,4.0
0022301034,1610612738,BOS,Boston,1629004,Svi Mykhailiuk,Svi,,,10:59,2.0,2.0,1.0,2.0,2.0,1.0,0.0,0.0,0.0,0.0,0.0,0.0,3.0,0.0,0.0,0.0,0.0,6.0,0.0
0022301034,1610612738,BOS,Boston,1630531,Jaden Springer,Jaden,,,8:07,1.0,2.0,0.5,0.0,1.0,0.0,0.0,0.0,0.0,0.0,1.0,1.0,0.0,0.0,1.0,0.0,2.0,2.0,-3.0
0022301034,1610612738,BOS,Boston,1631120,JD Davison,JD,,DNP - Coach's Decision,,,,,,,,,,,,,,,,,,,,
0022301034,1610612738,BOS,Boston,1628401,Derrick White,Derrick,,DND - Injury/Illness,,,,,,,,,,,,,,,,,,,,
0022301034,1610612737,ATL,Atlanta,1630249,Vít Krejčí,Vít,F,,32:58,6.0,11.0,0.545,4.0,7.0,0.571,0.0,0.0,0.0,2.0,4.0,6.0,2.0,1.0,0.0,3.0,3.0,16.0,-5.0
0022301034,1610612737,ATL,Atlanta,1629631,De'Andre Hunter,De'Andre,F,,33:44,8.0,14.0,0.571,4.0,8.0,0.5,4.0,4.0,1.0,3.0,4.0,7.0,3.0,0.0,0.0,2.0,3.0,24.0,2.0
0022301034,1610612737,ATL,Atlanta,203991,Clint Capela,Clint,C,,29:07,6.0,10.0,0.6,0.0,0.0,0.0,2.0,4.0,0.5,5.0,7.0,12.0,3.0,0.0,2.0,1.0,3.0,14.0,6.0
0022301034,1610612737,ATL,Atlanta,203992,Bogdan Bogdanović,Bogdan,G,,39:33,8.0,15.0,0.533,4.0,7.0,0.571,2.0,3.0,0.667,0.0,4.0,4.0,3.0,1.0,0.0,2.0,3.0,22.0,7.0
0022301034,1610612737,ATL,Atlanta,1627749,Dejounte Murray,Dejounte,G,,40:37,8.0,22.0,0.364,2.0,9.0,0.222,1.0,4.0,0.25,1.0,4.0,5.0,15.0,3.0,0.0,1.0,0.0,19.0,6.0
0022301034,1610612737,ATL,Atlanta,1629726,Garrison Mathews,Garrison,,,18:45,2.0,2.0,1.0,2.0,2.0,1.0,0.0,0.0,0.0,0.0,1.0,1.0,0.0,0.0,0.0,0.0,3.0,6.0,3.0
0022301034,1610612737,ATL,Atlanta,1628981,Bruno Fernando,Bruno,,,18:52,6.0,7.0,0.857,0.0,0.0,0.0,1.0,2.0,0.5,2.0,1.0,3.0,3.0,0.0,0.0,2.0,3.0,13.0,-4.0
0022301034,1610612737,ATL,Atlanta,1630235,Trent Forrest,Trent,,,7:23,0.0,2.0,0.0,0.0,0.0,0.0,0.0,0.0,0.0,1.0,1.0,2.0,1.0,0.0,1.0,1.0,0.0,0.0,-4.0
0022301034,1610612737,ATL,Atlanta,202083,Wesley Matthews,Wesley,,,17:13,2.0,4.0,0.5,2.0,3.0,0.667,0.0,0.0,0.0,1.0,3.0,4.0,0.0,0.0,0.0,1.0,0.0,6.0,3.0
0022301034,1610612737,ATL,Atlanta,1629685,Dylan Windler,Dylan,,,1:48,0.0,0.0,0.0,0.0,0.0,0.0,0.0,0.0,0.0,0.0,0.0,0.0,0.0,0.0,0.0,0.0,0.0,0.0,-4.0
0022301034,1610612737,ATL,Atlanta,1630552,Jalen Johnson,Jalen,,DND - Injury/Illness,,,,,,,,,,,,,,,,,,,,
0022301034,1610612737,ATL,Atlanta,1629027,Trae Young,Trae,,DND - Injury/Illness,,,,,,,,,,,,,,,,,,,,
0022301021,1610612766,CHA,Charlotte,1641706,Brandon Miller,Brandon,F,,34:27,5.0,12.0,0.417,2.0,6.0,0.333,1.0,3.0,0.333,0.0,2.0,2.0,1.0,0.0,0.0,1.0,1.0,13.0,-23.0
0022301021,1610612766,CHA,Charlotte,1628970,Miles Bridges,Miles,F,,36:42,11.0,19.0,0.579,4.0,7.0,0.571,1.0,3.0,0.333,3.0,2.0,5.0,0.0,0.0,2.0,4.0,1.0,27.0,-32.0
0022301021,1610612766,CHA,Charlotte,1630208,Nick Richards,Nick,C,,31:24,5.0,7.0,0.714,0.0,0.0,0.0,2.0,2.0,1.0,3.0,13.0,16.0,1.0,0.0,0.0,1.0,2.0,12.0,-17.0
0022301021,1610612766,CHA,Charlotte,1630544,Tre Mann,Tre,G,,28:49,4.0,11.0,0.364,1.0,5.0,0.2,0.0,0.0,0.0,1.0,2.0,3.0,9.0,1.0,0.0,1.0,0.0,9.0,-19.0
0022301021,1610612766,CHA,Charlotte,203995,Vasilije Micić,Vasilije,G,,29:31,3.0,10.0,0.3,0.0,3.0,0.0,2.0,2.0,1.0,1.0,2.0,3.0,6.0,0.0,1.0,1.0,1.0,8.0,-18.0
0022301021,1610612766,CHA,Charlotte,1630197,Aleksej Pokusevski,Aleksej,,,24:09,2.0,4.0,0.5,1.0,3.0,0.333,4.0,4.0,1.0,2.0,3.0,5.0,4.0,2.0,0.0,0.0,1.0,9.0,-29.0
0022301021,1610612766,CHA,Charlotte,1629684,Grant Williams,Grant,,,24:49,3.0,10.0,0.3,1.0,6.0,0.167,0.0,0.0,0.0,1.0,3.0,4.0,4.0,0.0,0.0,2.0,3.0,7.0,-29.0
0022301021,1610612766,CHA,Charlotte,202722,Dāvis Bertāns,Dāvis,,,23:59,2.0,8.0,0.25,2.0,7.0,0.286,0.0,0.0,0.0,0.0,1.0,1.0,0.0,0.0,1.0,2.0,0.0,6.0,-30.0
0022301021,1610612766,CHA,Charlotte,1641733,Nick Smith Jr.,Nick,,,3:05,0.0,3.0,0.0,0.0,2.0,0.0,0.0,0.0,0.0,0.0,0.0,0.0,0.0,0.0,0.0,1.0,0.0,0.0,-4.0
0022301021,1610612766,CHA,Charlotte,1641735,Amari Bailey,Amari,,,3:05,0.0,0.0,0.0,0.0,0.0,0.0,0.0,0.0,0.0,0.0,0.0,0.0,0.0,0.0,0.0,0.0,0.0,0.0,-4.0
0022301021,1610612766,CHA,Charlotte,1631121,Bryce McGowens,Bryce,,DND - Injury/Illness,,,,,,,,,,,,,,,,,,,,
0022301021,1610612766,CHA,Charlotte,1630550,JT Thor,JT,,DND - Injury/Illness,,,,,,,,,,,,,,,,,,,,
0022301021,1610612737,ATL,Atlanta,1630249,Vít Krejčí,Vít,F,,30:50,3.0,4.0,0.75,3.0,4.0,0.75,0.0,0.0,0.0,0.0,4.0,4.0,4.0,0.0,0.0,2.0,3.0,9.0,28.0
0022301021,1610612737,ATL,Atlanta,1629631,De'Andre Hunter,De'Andre,F,,27:44,4.0,14.0,0.286,1.0,8.0,0.125,2.0,2.0,1.0,0.0,1.0,1.0,3.0,0.0,0.0,0.0,1.0,11.0,21.0
0022301021,1610612737,ATL,Atlanta,203991,Clint Capela,Clint,C,,22:13,5.0,11.0,0.455,0.0,1.0,0.0,2.0,2.0,1.0,5.0,5.0,10.0,1.0,0.0,1.0,0.0,0.0,12.0,22.0
0022301021,1610612737,ATL,Atlanta,203992,Bogdan Bogdanović,Bogdan,G,,26:28,5.0,10.0,0.5,2.0,4.0,0.5,0.0,0.0,0.0,1.0,2.0,3.0,6.0,0.0,0.0,0.0,0.0,12.0,15.0
0022301021,1610612737,ATL,Atlanta,1627749,Dejounte Murray,Dejounte,G,,30:52,10.0,14.0,0.714,7.0,9.0,0.778,1.0,1.0,1.0,0.0,7.0,7.0,12.0,4.0,0.0,4.0,1.0,28.0,23.0
0022301021,1610612737,ATL,Atlanta,1629726,Garrison Mathews,Garrison,,,27:08,6.0,8.0,0.75,4.0,6.0,0.667,4.0,5.0,0.8,0.0,3.0,3.0,2.0,0.0,1.0,0.0,3.0,20.0,31.0
0022301021,1610612737,ATL,Atlanta,1628981,Bruno Fernando,Bruno,,,25:47,11.0,14.0,0.786,0.0,1.0,0.0,3.0,4.0,0.75,4.0,2.0,6.0,1.0,1.0,1.0,0.0,4.0,25.0,19.0
0022301021,1610612737,ATL,Atlanta,1630235,Trent Forrest,Trent,,,17:08,2.0,5.0,0.4,0.0,1.0,0.0,0.0,0.0,0.0,0.0,1.0,1.0,9.0,2.0,0.0,1.0,0.0,4.0,18.0
0022301021,1610612737,ATL,Atlanta,1629685,Dylan Windler,Dylan,,,19:09,2.0,5.0,0.4,1.0,4.0,0.25,0.0,0.0,0.0,1.0,3.0,4.0,2.0,1.0,0.0,1.0,1.0,5.0,17.0
0022301021,1610612737,ATL,Atlanta,202083,Wesley Matthews,Wesley,,,12:41,2.0,5.0,0.4,2.0,4.0,0.5,0.0,0.0,0.0,0.0,4.0,4.0,0.0,1.0,2.0,0.0,1.0,6.0,11.0
0022301021,1610612737,ATL,Atlanta,1630552,Jalen Johnson,Jalen,,DND - Injury/Illness,,,,,,,,,,,,,,,,,,,,
0022301021,1610612737,ATL,Atlanta,1629027,Trae Young,Trae,,DND - Injury/Illness,,,,,,,,,,,,,,,,,,,,
0022301010,1610612737,ATL,Atlanta,1630249,Vít Krejčí,Vít,F,,37:33,4.0,9.0,0.444,1.0,5.0,0.2,0.0,0.0,0.0,0.0,1.0,1.0,4.0,1.0,0.0,1.0,3.0,9.0,8.0
0022301010,1610612737,ATL,Atlanta,1629631,De'Andre Hunter,De'Andre,F,,33:33,5.0,13.0,0.385,3.0,7.0,0.429,9.0,10.0,0.9,0.0,4.0,4.0,1.0,2.0,0.0,1.0,2.0,22.0,3.0
0022301010,1610612737,ATL,Atlanta,203991,Clint Capela,Clint,C,,24:46,5.0,10.0,0.5,0.0,0.0,0.0,3.0,5.0,0.6,5.0,5.0,10.0,2.0,0.0,2.0,0.0,2.0,13.0,12.0
0022301010,1610612737,ATL,Atlanta,203992,Bogdan Bogdanović,Bogdan,G,,36:09,6.0,13.0,0.462,4.0,7.0,0.571,0.0,1.0,0.0,1.0,1.0,2.0,3.0,1.0,0.0,0.0,3.0,16.0,-17.0
0022301010,1610612737,ATL,Atlanta,1627749,Dejounte Murray,Dejounte,G,,39:43,11.0,26.0,0.423,3.0,10.0,0.3,4.0,5.0,0.8,2.0,7.0,9.0,10.0,4.0,0.0,5.0,2.0,29.0,-5.0
0022301010,1610612737,ATL,Atlanta,1629726,Garrison Mathews,Garrison,,,21:03,2.0,5.0,0.4,0.0,2.0,0.0,5.0,6.0,0.833,0.0,2.0,2.0,2.0,1.0,0.0,0.0,3.0,9.0,-16.0
0022301010,1610612737,ATL,Atlanta,1630168,Onyeka Okongwu,Onyeka,,,19:15,4.0,7.0,0.571,0.0,1.0,0.0,0.0,0.0,0.0,1.0,2.0,3.0,1.0,1.0,1.0,0.0,4.0,8.0,-19.0
0022301010,1610612737,ATL,Atlanta,202083,Wesley Matthews,Wesley,,,14:27,1.0,4.0,0.25,1.0,2.0,0.5,0.0,0.0,0.0,0.0,1.0,1.0,0.0,0.0,0.0,0.0,3.0,3.0,-16.0
0022301010,1610612737,ATL,Atlanta,1630235,Trent Forrest,Trent,,,9:32,1.0,2.0,0.5,0.0,1.0,0.0,0.0,0.0,0.0,1.0,0.0,1.0,4.0,1.0,0.0,1.0,1.0,2.0,-9.0
0022301010,1610612737,ATL,Atlanta,1628981,Bruno Fernando,Bruno,,,3:59,1.0,2.0,0.5,0.0,0.0,0.0,2.0,2.0,1.0,2.0,1.0,3.0,0.0,0.0,0.0,0.0,0.0,4.0,-6.0
0022301010,1610612737,ATL,Atlanta,1629685,Dylan Windler,Dylan,,DNP - Coach's Decision,,,,,,,,,,,,,,,,,,,,
0022301010,1610612737,ATL,Atlanta,1629027,Trae Young,Trae,,DND - Injury/Illness,,,,,,,,,,,,,,,,,,,,
0022301010,1610612756,PHX,Phoenix,1628960,Grayson Allen,Grayson,F,,35:47,4.0,8.0,0.5,3.0,7.0,0.429,2.0,2.0,1.0,0.0,3.0,3.0,4.0,1.0,2.0,0.0,2.0,13.0,-6.0
0022301010,1610612756,PHX,Phoenix,201142,Kevin Durant,Kevin,F,,36:56,5.0,15.0,0.333,2.0,8.0,0.25,7.0,7.0,1.0,1.0,3.0,4.0,2.0,0.0,3.0,5.0,1.0,19.0,0.0
0022301010,1610612756,PHX,Phoenix,203994,Jusuf Nurkić,Jusuf,C,,31:35,1.0,5.0,0.2,0.0,0.0,0.0,5.0,8.0,0.625,3.0,7.0,10.0,2.0,1.0,0.0,2.0,3.0,7.0,-5.0
0022301010,1610612756,PHX,Phoenix,203078,Bradley Beal,Bradley,G,,37:04,4.0,7.0,0.571,2.0,4.0,0.5,2.0,2.0,1.0,1.0,3.0,4.0,9.0,0.0,1.0,5.0,3.0,12.0,17.0
0022301010,1610612756,PHX,Phoenix,1626164,Devin Booker,Devin,G,,31:52,10.0,15.0,0.667,6.0,8.0,0.75,4.0,4.0,1.0,1.0,3.0,4.0,2.0,0.0,0.0,2.0,5.0,30.0,-10.0
0022301010,1610612756,PHX,Phoenix,201569,Eric Gordon,Eric,,,24:06,8.0,11.0,0.727,4.0,6.0,0.667,1.0,1.0,1.0,0.0,1.0,1.0,5.0,2.0,0.0,0.0,1.0,21.0,17.0
0022301010,1610612756,PHX,Phoenix,1629234,Drew Eubanks,Drew,,,16:25,3.0,4.0,0.75,0.0,0.0,0.0,1.0,1.0,1.0,1.0,3.0,4.0,0.0,0.0,3.0,1.0,2.0,7.0,18.0
0022301010,1610612756,PHX,Phoenix,1626220,Royce O'Neale,Royce,,,15:17,5.0,7.0,0.714,4.0,6.0,0.667,0.0,0.0,0.0,0.0,5.0,5.0,2.0,0.0,1.0,1.0,1.0,14.0,13.0
0022301010,1610612756,PHX,Phoenix,1629626,Bol Bol,Bol,,,10:58,1.0,2.0,0.5,1.0,2.0,0.5,2.0,2.0,1.0,0.0,3.0,3.0,2.0,0.0,1.0,1.0,1.0,5.0,21.0
0022301010,1610612756,PHX,Phoenix,1629642,Nassir Little,Nassir,,DNP - Coach's Decision,,,,,,,,,,,,,,,,,,,,
0022301010,1610612756,PHX,Phoenix,1631223,David Roddy,David,,DNP - Coach's Decision,,,,,,,,,,,,,,,,,,,,
0022301010,1610612756,PHX,Phoenix,202738,Isaiah Thomas,Isaiah,,DNP - Coach's Decision,,,,,,,,,,,,,,,,,,,,
0022301010,1610612756,PHX,Phoenix,1630688,Ish Wainright,Ish,,DNP - Coach's Decision,,,,,,,,,,,,,,,,,,,,
0022301010,1610612756,PHX,Phoenix,201152,Thaddeus Young,Thaddeus,,DNP - Coach's Decision,,,,,,,,,,,,,,,,,,,,
0022300990,1610612737,ATL,Atlanta,1630249,Vít Krejčí,Vít,F,,24:35,5.0,8.0,0.625,1.0,3.0,0.333,0.0,0.0,0.0,0.0,1.0,1.0,1.0,0.0,1.0,1.0,3.0,11.0,-9.0
0022300990,1610612737,ATL,Atlanta,1630552,Jalen Johnson,Jalen,F,,32:21,9.0,20.0,0.45,2.0,11.0,0.182,5.0,6.0,0.833,2.0,7.0,9.0,4.0,0.0,1.0,1.0,1.0,25.0,-22.0
0022300990,1610612737,ATL,Atlanta,203991,Clint Capela,Clint,C,,20:05,5.0,10.0,0.5,0.0,0.0,0.0,0.0,0.0,0.0,4.0,5.0,9.0,0.0,1.0,1.0,1.0,1.0,10.0,-8.0
0022300990,1610612737,ATL,Atlanta,203992,Bogdan Bogdanović,Bogdan,G,,25:45,5.0,11.0,0.455,3.0,5.0,0.6,4.0,4.0,1.0,1.0,2.0,3.0,0.0,0.0,0.0,2.0,3.0,17.0,-12.0
0022300990,1610612737,ATL,Atlanta,1627749,Dejounte Murray,Dejounte,G,,31:07,6.0,18.0,0.333,1.0,9.0,0.111,0.0,0.0,0.0,1.0,4.0,5.0,10.0,3.0,0.0,2.0,1.0,13.0,-25.0
0022300990,1610612737,ATL,Atlanta,1629726,Garrison Mathews,Garrison,,,18:46,0.0,3.0,0.0,0.0,3.0,0.0,0.0,0.0,0.0,0.0,0.0,0.0,1.0,0.0,0.0,0.0,2.0,0.0,-15.0
0022300990,1610612737,ATL,Atlanta,1629631,De'Andre Hunter,De'Andre,,,26:18,4.0,14.0,0.286,0.0,5.0,0.0,0.0,0.0,0.0,0.0,1.0,1.0,3.0,1.0,1.0,0.0,1.0,8.0,-22.0
0022300990,1610612737,ATL,Atlanta,1630168,Onyeka Okongwu,Onyeka,,,18:39,5.0,7.0,0.714,1.0,3.0,0.333,0.0,1.0,0.0,1.0,3.0,4.0,2.0,2.0,0.0,0.0,0.0,11.0,-19.0
0022300990,1610612737,ATL,Atlanta,1630235,Trent Forrest,Trent,,,22:07,1.0,2.0,0.5,0.0,0.0,0.0,0.0,0.0,0.0,1.0,3.0,4.0,6.0,0.0,0.0,1.0,0.0,2.0,-14.0
0022300990,1610612737,ATL,Atlanta,1628981,Bruno Fernando,Bruno,,,9:16,1.0,3.0,0.333,0.0,0.0,0.0,3.0,4.0,0.75,2.0,4.0,6.0,2.0,0.0,1.0,1.0,1.0,5.0,-4.0
0022300990,1610612737,ATL,Atlanta,202083,Wesley Matthews,Wesley,,,11:01,1.0,2.0,0.5,1.0,2.0,0.5,0.0,0.0,0.0,0.0,0.0,0.0,3.0,1.0,0.0,0.0,1.0,3.0,-5.0
0022300990,1610612737,ATL,Atlanta,1629027,Trae Young,Trae,,DND - Injury/Illness,,,,,,,,,,,,,,,,,,,,
0022300990,1610612747,LAL,Los Angeles,1629060,Rui Hachimura,Rui,F,,25:55,7.0,10.0,0.7,1.0,2.0,0.5,2.0,2.0,1.0,0.0,3.0,3.0,1.0,0.0,0.0,0.0,3.0,17.0,21.0
0022300990,1610612747,LAL,Los Angeles,2544,LeBron James,LeBron,F,,28:39,10.0,14.0,0.714,2.0,5.0,0.4,3.0,3.0,1.0,0.0,7.0,7.0,10.0,0.0,0.0,2.0,0.0,25.0,20.0
0022300990,1610612747,LAL,Los Angeles,203076,Anthony Davis,Anthony,C,,31:13,10.0,14.0,0.714,1.0,2.0,0.5,1.0,2.0,0.5,1.0,14.0,15.0,6.0,2.0,1.0,2.0,2.0,22.0,28.0
0022300990,1610612747,LAL,Los Angeles,1630559,Austin Reaves,Austin,G,,28:17,4.0,9.0,0.444,0.0,3.0,0.0,4.0,4.0,1.0,1.0,5.0,6.0,4.0,1.0,1.0,0.0,3.0,12.0,21.0
0022300990,1610612747,LAL,Los Angeles,1626156,D'Angelo Russell,D'Angelo,G,,30:23,8.0,14.0,0.571,6.0,10.0,0.6,5.0,5.0,1.0,0.0,4.0,4.0,10.0,1.0,0.0,1.0,1.0,27.0,27.0
0022300990,1610612747,LAL,Los Angeles,203915,Spencer Dinwiddie,Spencer,,,21:17,1.0,4.0,0.25,1.0,2.0,0.5,0.0,0.0,0.0,0.0,1.0,1.0,3.0,0.0,0.0,1.0,0.0,3.0,23.0
0022300990,1610612747,LAL,Los Angeles,1627752,Taurean Prince,Taurean,,,19:57,3.0,8.0,0.375,2.0,7.0,0.286,0.0,0.0,0.0,0.0,5.0,5.0,1.0,0.0,1.0,1.0,2.0,8.0,15.0
0022300990,1610612747,LAL,Los Angeles,1631108,Max Christie,Max,,,22:17,4.0,9.0,0.444,2.0,4.0,0.5,1.0,2.0,0.5,1.0,2.0,3.0,1.0,0.0,0.0,0.0,1.0,11.0,6.0
0022300990,1610612747,LAL,Los Angeles,1629637,Jaxson Hayes,Jaxson,,,16:47,3.0,4.0,0.75,0.0,0.0,0.0,1.0,2.0,0.5,1.0,2.0,3.0,0.0,0.0,1.0,0.0,2.0,7.0,3.0
0022300990,1610612747,LAL,Los Angeles,1630219,Skylar Mays,Skylar,,,5:05,1.0,2.0,0.5,0.0,0.0,0.0,0.0,0.0,0.0,0.0,0.0,0.0,1.0,2.0,0.0,1.0,1.0,2.0,-3.0
0022300990,1610612747,LAL,Los Angeles,1628385,Harry Giles III,Harry,,,5:05,1.0,1.0,1.0,0.0,0.0,0.0,0.0,0.0,0.0,0.0,1.0,1.0,0.0,0.0,0.0,0.0,0.0,2.0,-3.0
0022300990,1610612747,LAL,Los Angeles,1641721,Maxwell Lewis,Maxwell,,,5:05,0.0,1.0,0.0,0.0,1.0,0.0,0.0,0.0,0.0,0.0,0.0,0.0,2.0,0.0,0.0,0.0,0.0,0.0,-3.0
0022300982,1610612737,ATL,Atlanta,1630249,Vít Krejčí,Vít,F,,24:40,1.0,2.0,0.5,0.0,0.0,0.0,3.0,3.0,1.0,0.0,2.0,2.0,3.0,0.0,1.0,0.0,4.0,5.0,7.0
0022300982,1610612737,ATL,Atlanta,1630552,Jalen Johnson,Jalen,F,,36:19,7.0,14.0,0.5,3.0,3.0,1.0,1.0,1.0,1.0,1.0,11.0,12.0,6.0,3.0,2.0,1.0,4.0,18.0,16.0
0022300982,1610612737,ATL,Atlanta,203991,Clint Capela,Clint,C,,25:40,7.0,11.0,0.636,0.0,0.0,0.0,1.0,2.0,0.5,6.0,7.0,13.0,3.0,1.0,2.0,1.0,0.0,15.0,18.0
0022300982,1610612737,ATL,Atlanta,203992,Bogdan Bogdanović,Bogdan,G,,29:39,4.0,14.0,0.286,3.0,11.0,0.273,0.0,0.0,0.0,1.0,4.0,5.0,4.0,0.0,0.0,3.0,2.0,11.0,8.0
0022300982,1610612737,ATL,Atlanta,1627749,Dejounte Murray,Dejounte,G,,34:17,7.0,14.0,0.5,5.0,10.0,0.5,2.0,2.0,1.0,0.0,2.0,2.0,10.0,2.0,0.0,4.0,3.0,21.0,10.0
0022300982,1610612737,ATL,Atlanta,1628981,Bruno Fernando,Bruno,,,22:20,2.0,6.0,0.333,0.0,0.0,0.0,2.0,2.0,1.0,2.0,5.0,7.0,1.0,2.0,0.0,4.0,4.0,6.0,-1.0
0022300982,1610612737,ATL,Atlanta,1629631,De'Andre Hunter,De'Andre,,,24:09,8.0,13.0,0.615,2.0,5.0,0.4,2.0,2.0,1.0,0.0,2.0,2.0,2.0,0.0,1.0,1.0,4.0,20.0,5.0
0022300982,1610612737,ATL,Atlanta,1629726,Garrison Mathews,Garrison,,,13:09,2.0,5.0,0.4,2.0,3.0,0.667,0.0,0.0,0.0,0.0,0.0,0.0,0.0,1.0,1.0,0.0,0.0,6.0,12.0
0022300982,1610612737,ATL,Atlanta,1630235,Trent Forrest,Trent,,,16:10,1.0,3.0,0.333,0.0,0.0,0.0,0.0,0.0,0.0,0.0,1.0,1.0,3.0,0.0,0.0,0.0,1.0,2.0,9.0
0022300982,1610612737,ATL,Atlanta,202083,Wesley Matthews,Wesley,,,13:37,2.0,2.0,1.0,2.0,2.0,1.0,0.0,0.0,0.0,0.0,1.0,1.0,0.0,1.0,0.0,0.0,0.0,6.0,1.0
0022300982,1610612737,ATL,Atlanta,1630168,Onyeka Okongwu,Onyeka,,DND - Injury/Illness,,,,,,,,,,,,,,,,,,,,
0022300982,1610612737,ATL,Atlanta,1629027,Trae Young,Trae,,DND - Injury/Illness,,,,,,,,,,,,,,,,,,,,
0022300982,1610612746,LAC,LA,202695,Kawhi Leonard,Kawhi,F,,36:47,8.0,17.0,0.471,3.0,8.0,0.375,9.0,10.0,0.9,0.0,2.0,2.0,2.0,1.0,1.0,3.0,0.0,28.0,-15.0
0022300982,1610612746,LAC,LA,202331,Paul George,Paul,F,,34:40,9.0,20.0,0.45,4.0,12.0,0.333,4.0,4.0,1.0,0.0,6.0,6.0,1.0,4.0,1.0,1.0,1.0,26.0,-8.0
0022300982,1610612746,LAC,LA,1627826,Ivica Zubac,Ivica,C,,23:15,1.0,1.0,1.0,0.0,0.0,0.0,4.0,4.0,1.0,4.0,2.0,6.0,1.0,0.0,1.0,1.0,2.0,6.0,-20.0
0022300982,1610612746,LAC,LA,1629611,Terance Mann,Terance,G,,31:47,2.0,6.0,0.333,1.0,2.0,0.5,2.0,2.0,1.0,0.0,4.0,4.0,0.0,2.0,1.0,0.0,2.0,7.0,-15.0
0022300982,1610612746,LAC,LA,201935,James Harden,James,G,,36:00,3.0,10.0,0.3,2.0,5.0,0.4,1.0,1.0,1.0,0.0,6.0,6.0,9.0,1.0,1.0,3.0,2.0,9.0,-15.0
0022300982,1610612746,LAC,LA,1630538,Bones Hyland,Bones,,,11:02,0.0,4.0,0.0,0.0,4.0,0.0,2.0,2.0,1.0,0.0,1.0,1.0,1.0,0.0,0.0,5.0,0.0,2.0,-7.0
0022300982,1610612746,LAC,LA,1629599,Amir Coffey,Amir,,,22:25,1.0,6.0,0.167,0.0,4.0,0.0,0.0,0.0,0.0,1.0,4.0,5.0,0.0,1.0,0.0,1.0,2.0,2.0,0.0
0022300982,1610612746,LAC,LA,200782,P.J. Tucker,P.J.,,,20:40,1.0,3.0,0.333,1.0,1.0,1.0,0.0,0.0,0.0,2.0,2.0,4.0,0.0,1.0,0.0,0.0,1.0,3.0,3.0
0022300982,1610612746,LAC,LA,1628464,Daniel Theis,Daniel,,,6:37,0.0,2.0,0.0,0.0,0.0,0.0,0.0,0.0,0.0,2.0,1.0,3.0,1.0,0.0,0.0,1.0,1.0,0.0,-5.0
0022300982,1610612746,LAC,LA,203486,Mason Plumlee,Mason,,,6:55,1.0,2.0,0.5,0.0,0.0,0.0,3.0,4.0,0.75,0.0,2.0,2.0,1.0,0.0,0.0,0.0,0.0,5.0,-3.0
0022300982,1610612746,LAC,LA,1641757,Jordan Miller,Jordan,,,2:28,0.0,0.0,0.0,0.0,0.0,0.0,0.0,0.0,0.0,0.0,0.0,0.0,0.0,0.0,0.0,0.0,0.0,0.0,0.0
0022300982,1610612746,LAC,LA,1630527,Brandon Boston,Brandon,,,2:28,0.0,1.0,0.0,0.0,0.0,0.0,0.0,0.0,0.0,0.0,0.0,0.0,0.0,0.0,0.0,0.0,0.0,0.0,0.0
0022300982,1610612746,LAC,LA,1641738,Kobe Brown,Kobe,,,2:28,0.0,0.0,0.0,0.0,0.0,0.0,0.0,0.0,0.0,0.0,0.0,0.0,0.0,0.0,0.0,0.0,0.0,0.0,0.0
0022300982,1610612746,LAC,LA,1629875,Xavier Moon,Xavier,,,2:28,2.0,2.0,1.0,0.0,0.0,0.0,1.0,2.0,0.5,1.0,0.0,1.0,1.0,0.0,0.0,0.0,2.0,5.0,0.0
0022300966,1610612737,ATL,Atlanta,1630249,Vít Krejčí,Vít,F,,28:53,1.0,5.0,0.2,0.0,3.0,0.0,0.0,0.0,0.0,0.0,0.0,0.0,2.0,1.0,0.0,0.0,4.0,2.0,5.0
0022300966,1610612737,ATL,Atlanta,1630552,Jalen Johnson,Jalen,F,,34:36,8.0,23.0,0.348,4.0,8.0,0.5,6.0,10.0,0.6,1.0,4.0,5.0,5.0,0.0,0.0,3.0,1.0,26.0,-2.0
0022300966,1610612737,ATL,Atlanta,203991,Clint Capela,Clint,C,,32:01,4.0,8.0,0.5,0.0,0.0,0.0,2.0,4.0,0.5,7.0,8.0,15.0,4.0,0.0,2.0,1.0,2.0,10.0,0.0
0022300966,1610612737,ATL,Atlanta,202083,Wesley Matthews,Wesley,G,,16:43,4.0,5.0,0.8,3.0,3.0,1.0,2.0,2.0,1.0,0.0,3.0,3.0,1.0,0.0,1.0,0.0,1.0,13.0,-3.0
0022300966,1610612737,ATL,Atlanta,1627749,Dejounte Murray,Dejounte,G,,38:50,10.0,27.0,0.37,5.0,14.0,0.357,8.0,9.0,0.889,2.0,4.0,6.0,9.0,2.0,0.0,3.0,0.0,33.0,6.0
0022300966,1610612737,ATL,Atlanta,1628981,Bruno Fernando,Bruno,,,15:59,1.0,1.0,1.0,0.0,0.0,0.0,0.0,0.0,0.0,1.0,4.0,5.0,2.0,2.0,0.0,0.0,3.0,2.0,-2.0
0022300966,1610612737,ATL,Atlanta,1629726,Garrison Mathews,Garrison,,,21:42,3.0,5.0,0.6,3.0,4.0,0.75,0.0,0.0,0.0,0.0,3.0,3.0,4.0,1.0,1.0,0.0,2.0,9.0,-11.0
0022300966,1610612737,ATL,Atlanta,1629631,De'Andre Hunter,De'Andre,,,32:09,10.0,17.0,0.588,5.0,7.0,0.714,2.0,2.0,1.0,0.0,2.0,2.0,1.0,1.0,0.0,2.0,2.0,27.0,4.0
0022300966,1610612737,ATL,Atlanta,1630235,Trent Forrest,Trent,,,19:07,0.0,1.0,0.0,0.0,0.0,0.0,0.0,0.0,0.0,0.0,2.0,2.0,4.0,0.0,1.0,0.0,1.0,0.0,-7.0
0022300966,1610612737,ATL,Atlanta,203992,Bogdan Bogdanović,Bogdan,,NWT - Injury/Illness,,,,,,,,,,,,,,,,,,,,
0022300966,1610612737,ATL,Atlanta,1630168,Onyeka Okongwu,Onyeka,,DND - Injury/Illness,,,,,,,,,,,,,,,,,,,,
0022300966,1610612737,ATL,Atlanta,1629685,Dylan Windler,Dylan,,DNP - Coach's Decision,,,,,,,,,,,,,,,,,,,,
0022300966,1610612762,UTA,Utah,1641729,Brice Sensabaugh,Brice,F,,28:16,5.0,9.0,0.556,0.0,4.0,0.0,4.0,4.0,1.0,0.0,4.0,4.0,2.0,0.0,0.0,1.0,2.0,14.0,-5.0
0022300966,1610612762,UTA,Utah,1641707,Taylor Hendricks,Taylor,F,,19:25,1.0,7.0,0.143,0.0,3.0,0.0,1.0,2.0,0.5,2.0,8.0,10.0,0.0,0.0,3.0,0.0,5.0,3.0,1.0
0022300966,1610612762,UTA,Utah,1628381,John Collins,John,C,,29:41,7.0,10.0,0.7,2.0,2.0,1.0,2.0,3.0,0.667,3.0,8.0,11.0,2.0,0.0,1.0,2.0,4.0,18.0,-4.0
0022300966,1610612762,UTA,Utah,1629012,Collin Sexton,Collin,G,,31:27,9.0,16.0,0.563,3.0,6.0,0.5,0.0,0.0,0.0,0.0,4.0,4.0,6.0,2.0,0.0,1.0,2.0,21.0,6.0
0022300966,1610612762,UTA,Utah,1641718,Keyonte George,Keyonte,G,,34:31,8.0,19.0,0.421,1.0,7.0,0.143,8.0,8.0,1.0,0.0,4.0,4.0,5.0,2.0,0.0,2.0,2.0,25.0,0.0
0022300966,1610612762,UTA,Utah,1630695,Micah Potter,Micah,,,14:11,4.0,4.0,1.0,2.0,2.0,1.0,1.0,1.0,1.0,1.0,1.0,2.0,1.0,0.0,0.0,0.0,1.0,11.0,3.0
0022300966,1610612762,UTA,Utah,1630548,Johnny Juzang,Johnny,,,25:12,7.0,11.0,0.636,5.0,8.0,0.625,0.0,0.0,0.0,0.0,3.0,3.0,0.0,0.0,0.0,1.0,1.0,19.0,3.0
0022300966,1610612762,UTA,Utah,1631117,Walker Kessler,Walker,,,26:01,3.0,5.0,0.6,0.0,0.0,0.0,0.0,0.0,0.0,3.0,6.0,9.0,1.0,1.0,2.0,2.0,2.0,6.0,0.0
0022300966,1610612762,UTA,Utah,1629659,Talen Horton-Tucker,Talen,,,19:00,1.0,6.0,0.167,1.0,4.0,0.25,2.0,2.0,1.0,0.0,0.0,0.0,5.0,1.0,1.0,1.0,1.0,5.0,0.0
0022300966,1610612762,UTA,Utah,1630554,Jason Preston,Jason,,,12:16,1.0,3.0,0.333,0.0,0.0,0.0,0.0,0.0,0.0,1.0,1.0,2.0,2.0,0.0,0.0,1.0,1.0,2.0,6.0
0022300966,1610612762,UTA,Utah,1630184,Kira Lewis Jr.,Kira,,DNP - Coach's Decision,,,,,,,,,,,,,,,,,,,,
0022300966,1610612762,UTA,Utah,1629677,Luka Samanic,Luka,,DNP - Coach's Decision,,,,,,,,,,,,,,,,,,,,
0022300966,1610612762,UTA,Utah,1630209,Omer Yurtseven,Omer,,DNP - Coach's Decision,,,,,,,,,,,,,,,,,,,,
0022300953,1610612737,ATL,Atlanta,1630249,Vít Krejčí,Vít,F,,31:16,2.0,4.0,0.5,2.0,4.0,0.5,1.0,2.0,0.5,1.0,1.0,2.0,2.0,1.0,1.0,1.0,2.0,7.0,-6.0
0022300953,1610612737,ATL,Atlanta,202083,Wesley Matthews,Wesley,F,,14:10,1.0,7.0,0.143,1.0,4.0,0.25,0.0,0.0,0.0,0.0,0.0,0.0,0.0,0.0,1.0,0.0,0.0,3.0,-6.0
0022300953,1610612737,ATL,Atlanta,203991,Clint Capela,Clint,C,,27:14,6.0,9.0,0.667,0.0,0.0,0.0,1.0,5.0,0.2,7.0,7.0,14.0,1.0,2.0,0.0,2.0,4.0,13.0,-8.0
0022300953,1610612737,ATL,Atlanta,203992,Bogdan Bogdanović,Bogdan,G,,33:31,3.0,15.0,0.2,2.0,9.0,0.222,0.0,0.0,0.0,2.0,5.0,7.0,8.0,3.0,1.0,2.0,3.0,8.0,5.0
0022300953,1610612737,ATL,Atlanta,1627749,Dejounte Murray,Dejounte,G,,43:14,15.0,29.0,0.517,6.0,13.0,0.462,4.0,5.0,0.8,1.0,3.0,4.0,3.0,2.0,1.0,5.0,5.0,40.0,-13.0
0022300953,1610612737,ATL,Atlanta,1630235,Trent Forrest,Trent,,,11:21,2.0,4.0,0.5,0.0,0.0,0.0,2.0,2.0,1.0,0.0,0.0,0.0,4.0,0.0,0.0,1.0,0.0,6.0,2.0
0022300953,1610612737,ATL,Atlanta,1629726,Garrison Mathews,Garrison,,,20:45,2.0,3.0,0.667,2.0,3.0,0.667,2.0,2.0,1.0,0.0,2.0,2.0,0.0,1.0,0.0,0.0,4.0,8.0,4.0
0022300953,1610612737,ATL,Atlanta,1629631,De'Andre Hunter,De'Andre,,,32:40,4.0,12.0,0.333,1.0,6.0,0.167,2.0,2.0,1.0,1.0,0.0,1.0,1.0,1.0,1.0,1.0,2.0,11.0,8.0
0022300953,1610612737,ATL,Atlanta,1628981,Bruno Fernando,Bruno,,,20:58,3.0,5.0,0.6,0.0,0.0,0.0,0.0,0.0,0.0,1.0,6.0,7.0,0.0,1.0,1.0,2.0,2.0,6.0,2.0
0022300953,1610612737,ATL,Atlanta,1629685,Dylan Windler,Dylan,,,4:51,0.0,0.0,0.0,0.0,0.0,0.0,0.0,0.0,0.0,0.0,1.0,1.0,0.0,0.0,0.0,0.0,1.0,0.0,-8.0
0022300953,1610612737,ATL,Atlanta,1630552,Jalen Johnson,Jalen,,DND - Injury/Illness,,,,,,,,,,,,,,,,,,,,
0022300953,1610612737,ATL,Atlanta,1630168,Onyeka Okongwu,Onyeka,,DND - Injury/Illness,,,,,,,,,,,,,,,,,,,,
0022300953,1610612757,POR,Portland,1631200,Kris Murray,Kris,F,,34:55,3.0,8.0,0.375,1.0,3.0,0.333,2.0,3.0,0.667,2.0,4.0,6.0,2.0,1.0,1.0,6.0,4.0,9.0,17.0
0022300953,1610612757,POR,Portland,1641739,Toumani Camara,Toumani,F,,30:21,1.0,3.0,0.333,0.0,1.0,0.0,1.0,2.0,0.5,2.0,4.0,6.0,3.0,0.0,1.0,1.0,3.0,3.0,12.0
0022300953,1610612757,POR,Portland,1629028,Deandre Ayton,Deandre,C,,40:30,15.0,20.0,0.75,0.0,0.0,0.0,3.0,4.0,0.75,4.0,15.0,19.0,1.0,1.0,1.0,3.0,3.0,33.0,16.0
0022300953,1610612757,POR,Portland,1630625,Dalano Banton,Dalano,G,,19:25,4.0,8.0,0.5,2.0,3.0,0.667,2.0,2.0,1.0,1.0,4.0,5.0,2.0,0.0,0.0,1.0,1.0,12.0,-10.0
0022300953,1610612757,POR,Portland,1629014,Anfernee Simons,Anfernee,G,,42:57,10.0,23.0,0.435,5.0,13.0,0.385,11.0,11.0,1.0,2.0,5.0,7.0,8.0,1.0,0.0,1.0,2.0,36.0,13.0
0022300953,1610612757,POR,Portland,1629680,Matisse Thybulle,Matisse,,,32:04,3.0,6.0,0.5,2.0,4.0,0.5,0.0,0.0,0.0,1.0,4.0,5.0,4.0,2.0,2.0,1.0,1.0,8.0,-4.0
0022300953,1610612757,POR,Portland,1631303,Justin Minaya,Justin,,,14:49,1.0,3.0,0.333,0.0,1.0,0.0,0.0,0.0,0.0,0.0,0.0,0.0,1.0,1.0,0.0,1.0,1.0,2.0,-9.0
0022300953,1610612757,POR,Portland,1630703,Scoot Henderson,Scoot,,,17:29,1.0,8.0,0.125,0.0,4.0,0.0,0.0,0.0,0.0,0.0,1.0,1.0,3.0,1.0,0.0,3.0,5.0,2.0,-3.0
0022300953,1610612757,POR,Portland,1641871,Duop Reath,Duop,,,7:30,0.0,3.0,0.0,0.0,1.0,0.0,1.0,2.0,0.5,0.0,0.0,0.0,0.0,0.0,0.0,1.0,1.0,1.0,-12.0
0022300953,1610612757,POR,Portland,1629650,Moses Brown,Moses,,DNP - Coach's Decision,,,,,,,,,,,,,,,,,,,,
0022300953,1610612757,POR,Portland,1641712,Rayan Rupert,Rayan,,DNP - Coach's Decision,,,,,,,,,,,,,,,,,,,,
0022300953,1610612757,POR,Portland,1631101,Shaedon Sharpe,Shaedon,,DND - Injury/Illness,,,,,,,,,,,,,,,,,,,,
0022300925,1610612740,NOP,New Orleans,1627742,Brandon Ingram,Brandon,F,,31:50,3.0,9.0,0.333,0.0,1.0,0.0,1.0,2.0,0.5,0.0,7.0,7.0,10.0,1.0,0.0,2.0,2.0,7.0,1.0
0022300925,1610612740,NOP,New Orleans,1629627,Zion Williamson,Zion,F,,36:25,10.0,14.0,0.714,0.0,0.0,0.0,7.0,10.0,0.7,2.0,4.0,6.0,7.0,0.0,2.0,1.0,2.0,27.0,6.0
0022300925,1610612740,NOP,New Orleans,202685,Jonas Valančiūnas,Jonas,C,,16:32,1.0,2.0,0.5,0.0,0.0,0.0,2.0,2.0,1.0,0.0,9.0,9.0,1.0,0.0,2.0,2.0,1.0,4.0,3.0
0022300925,1610612740,NOP,New Orleans,1630529,Herbert Jones,Herbert,G,,30:26,3.0,5.0,0.6,1.0,2.0,0.5,0.0,0.0,0.0,0.0,1.0,1.0,2.0,2.0,3.0,2.0,3.0,7.0,0.0
0022300925,1610612740,NOP,New Orleans,203468,CJ McCollum,CJ,G,,30:41,7.0,14.0,0.5,4.0,7.0,0.571,2.0,3.0,0.667,1.0,3.0,4.0,3.0,0.0,0.0,2.0,0.0,20.0,1.0
0022300925,1610612740,NOP,New Orleans,1630530,Trey Murphy III,Trey,,,30:19,10.0,18.0,0.556,6.0,13.0,0.462,2.0,2.0,1.0,0.0,7.0,7.0,2.0,0.0,0.0,2.0,1.0,28.0,14.0
0022300925,1610612740,NOP,New Orleans,1630230,Naji Marshall,Naji,,,17:34,3.0,5.0,0.6,1.0,1.0,1.0,0.0,0.0,0.0,0.0,5.0,5.0,3.0,0.0,0.0,0.0,0.0,7.0,13.0
0022300925,1610612740,NOP,New Orleans,1630631,Jose Alvarado,Jose,,,17:19,2.0,4.0,0.5,2.0,3.0,0.667,0.0,0.0,0.0,0.0,2.0,2.0,1.0,1.0,0.0,1.0,0.0,6.0,12.0
0022300925,1610612740,NOP,New Orleans,1626204,Larry Nance Jr.,Larry,,,28:54,4.0,4.0,1.0,0.0,0.0,0.0,2.0,3.0,0.667,1.0,1.0,2.0,3.0,4.0,0.0,0.0,1.0,10.0,15.0
0022300925,1610612740,NOP,New Orleans,1641722,Jordan Hawkins,Jordan,,DNP - Coach's Decision,,,,,,,,,,,,,,,,,,,,
0022300925,1610612740,NOP,New Orleans,1630526,Jeremiah Robinson-Earl,Jeremiah,,DNP - Coach's Decision,,,,,,,,,,,,,,,,,,,,
0022300925,1610612740,NOP,New Orleans,1630346,Matt Ryan,Matt,,DNP - Coach's Decision,,,,,,,,,,,,,,,,,,,,
0022300925,1610612740,NOP,New Orleans,203469,Cody Zeller,Cody,,DNP - Coach's Decision,,,,,,,,,,,,,,,,,,,,
0022300925,1610612737,ATL,Atlanta,1630249,Vít Krejčí,Vít,F,,22:12,1.0,3.0,0.333,1.0,2.0,0.5,0.0,0.0,0.0,0.0,2.0,2.0,3.0,1.0,0.0,1.0,0.0,3.0,-8.0
0022300925,1610612737,ATL,Atlanta,1630180,Saddiq Bey,Saddiq,F,,27:05,3.0,11.0,0.273,3.0,8.0,0.375,5.0,6.0,0.833,1.0,4.0,5.0,2.0,0.0,0.0,0.0,1.0,14.0,-6.0
0022300925,1610612737,ATL,Atlanta,203991,Clint Capela,Clint,C,,25:36,9.0,13.0,0.692,0.0,0.0,0.0,0.0,0.0,0.0,6.0,8.0,14.0,0.0,0.0,1.0,2.0,3.0,18.0,4.0
0022300925,1610612737,ATL,Atlanta,203992,Bogdan Bogdanović,Bogdan,G,,36:26,9.0,19.0,0.474,7.0,15.0,0.467,0.0,0.0,0.0,1.0,0.0,1.0,7.0,2.0,0.0,1.0,1.0,25.0,4.0
0022300925,1610612737,ATL,Atlanta,1627749,Dejounte Murray,Dejounte,G,,40:59,7.0,20.0,0.35,4.0,10.0,0.4,5.0,7.0,0.714,1.0,0.0,1.0,11.0,1.0,0.0,4.0,2.0,23.0,-5.0
0022300925,1610612737,ATL,Atlanta,1629631,De'Andre Hunter,De'Andre,,,35:34,5.0,15.0,0.333,2.0,8.0,0.25,0.0,0.0,0.0,0.0,6.0,6.0,2.0,0.0,0.0,2.0,0.0,12.0,-8.0
0022300925,1610612737,ATL,Atlanta,202083,Wesley Matthews,Wesley,,,3:48,0.0,1.0,0.0,0.0,1.0,0.0,0.0,0.0,0.0,0.0,0.0,0.0,1.0,0.0,0.0,0.0,0.0,0.0,-3.0
0022300925,1610612737,ATL,Atlanta,1629726,Garrison Mathews,Garrison,,,18:55,1.0,3.0,0.333,0.0,2.0,0.0,0.0,0.0,0.0,0.0,0.0,0.0,0.0,0.0,0.0,0.0,4.0,2.0,-18.0
0022300925,1610612737,ATL,Atlanta,1628981,Bruno Fernando,Bruno,,,22:24,3.0,5.0,0.6,0.0,0.0,0.0,0.0,0.0,0.0,3.0,8.0,11.0,2.0,2.0,3.0,1.0,3.0,6.0,-17.0
0022300925,1610612737,ATL,Atlanta,1630235,Trent Forrest,Trent,,,7:01,0.0,1.0,0.0,0.0,0.0,0.0,0.0,0.0,0.0,0.0,1.0,1.0,0.0,0.0,0.0,0.0,1.0,0.0,-8.0
0022300925,1610612737,ATL,Atlanta,1641723,Kobe Bufkin,Kobe,,DND - Injury/Illness,,,,,,,,,,,,,,,,,,,,
0022300925,1610612737,ATL,Atlanta,1629685,Dylan Windler,Dylan,,DNP - Coach's Decision,,,,,,,,,,,,,,,,,,,,
0022300913,1610612737,ATL,Atlanta,1630249,Vít Krejčí,Vít,F,,22:05,1.0,5.0,0.2,1.0,4.0,0.25,0.0,0.0,0.0,1.0,0.0,1.0,5.0,2.0,1.0,0.0,1.0,3.0,7.0
0022300913,1610612737,ATL,Atlanta,1630180,Saddiq Bey,Saddiq,F,,37:03,1.0,12.0,0.083,0.0,6.0,0.0,1.0,2.0,0.5,4.0,5.0,9.0,2.0,1.0,1.0,3.0,1.0,3.0,7.0
0022300913,1610612737,ATL,Atlanta,203991,Clint Capela,Clint,C,,26:52,5.0,13.0,0.385,0.0,0.0,0.0,5.0,5.0,1.0,5.0,6.0,11.0,3.0,0.0,1.0,1.0,2.0,15.0,13.0
0022300913,1610612737,ATL,Atlanta,203992,Bogdan Bogdanović,Bogdan,G,,34:58,6.0,14.0,0.429,3.0,6.0,0.5,1.0,2.0,0.5,2.0,4.0,6.0,3.0,1.0,2.0,4.0,4.0,16.0,15.0
0022300913,1610612737,ATL,Atlanta,1627749,Dejounte Murray,Dejounte,G,,40:08,17.0,25.0,0.68,6.0,10.0,0.6,1.0,1.0,1.0,0.0,7.0,7.0,6.0,2.0,0.0,2.0,1.0,41.0,15.0
0022300913,1610612737,ATL,Atlanta,1629631,De'Andre Hunter,De'Andre,,,29:01,4.0,11.0,0.364,3.0,6.0,0.5,1.0,3.0,0.333,0.0,2.0,2.0,2.0,1.0,0.0,3.0,5.0,12.0,6.0
0022300913,1610612737,ATL,Atlanta,1628981,Bruno Fernando,Bruno,,,21:08,0.0,1.0,0.0,0.0,0.0,0.0,1.0,2.0,0.5,1.0,6.0,7.0,0.0,2.0,0.0,1.0,3.0,1.0,-6.0
0022300913,1610612737,ATL,Atlanta,1629726,Garrison Mathews,Garrison,,,16:10,2.0,4.0,0.5,2.0,3.0,0.667,0.0,0.0,0.0,2.0,1.0,3.0,0.0,0.0,0.0,0.0,3.0,6.0,-7.0
0022300913,1610612737,ATL,Atlanta,1630235,Trent Forrest,Trent,,,7:52,1.0,2.0,0.5,0.0,0.0,0.0,0.0,0.0,0.0,0.0,1.0,1.0,0.0,0.0,0.0,0.0,0.0,2.0,-8.0
0022300913,1610612737,ATL,Atlanta,202083,Wesley Matthews,Wesley,,,4:43,0.0,0.0,0.0,0.0,0.0,0.0,0.0,0.0,0.0,0.0,0.0,0.0,0.0,0.0,0.0,0.0,0.0,0.0,-7.0
0022300913,1610612737,ATL,Atlanta,1641723,Kobe Bufkin,Kobe,,NWT - Injury/Illness,,,,,,,,,,,,,,,,,,,,
0022300913,1610612737,ATL,Atlanta,1629685,Dylan Windler,Dylan,,DNP - Coach's Decision,,,,,,,,,,,,,,,,,,,,
0022300913,1610612763,MEM,Memphis,1631246,Vince Williams Jr.,Vince,F,,36:49,4.0,8.0,0.5,3.0,5.0,0.6,3.0,4.0,0.75,0.0,5.0,5.0,6.0,0.0,1.0,6.0,4.0,14.0,-7.0
0022300913,1610612763,MEM,Memphis,1630583,Santi Aldama,Santi,F,,31:31,5.0,7.0,0.714,2.0,3.0,0.667,1.0,2.0,0.5,1.0,4.0,5.0,0.0,1.0,3.0,1.0,0.0,13.0,-14.0
0022300913,1610612763,MEM,Memphis,1628991,Jaren Jackson Jr.,Jaren,C,,35:15,8.0,19.0,0.421,0.0,2.0,0.0,5.0,8.0,0.625,2.0,7.0,9.0,3.0,3.0,2.0,2.0,4.0,21.0,-13.0
0022300913,1610612763,MEM,Memphis,1629723,John Konchar,John,G,,28:33,2.0,4.0,0.5,1.0,2.0,0.5,0.0,0.0,0.0,2.0,3.0,5.0,3.0,0.0,1.0,2.0,1.0,5.0,-9.0
0022300913,1610612763,MEM,Memphis,1630692,Jordan Goodwin,Jordan,G,,23:56,2.0,8.0,0.25,1.0,3.0,0.333,0.0,0.0,0.0,0.0,0.0,0.0,4.0,0.0,1.0,0.0,2.0,5.0,-10.0
0022300913,1610612763,MEM,Memphis,1631222,Jake LaRavia,Jake,,,26:06,3.0,10.0,0.3,2.0,7.0,0.286,6.0,6.0,1.0,2.0,1.0,3.0,3.0,3.0,1.0,0.0,2.0,14.0,2.0
0022300913,1610612763,MEM,Memphis,1630205,Lamar Stevens,Lamar,,,28:36,3.0,12.0,0.25,1.0,4.0,0.25,6.0,6.0,1.0,1.0,4.0,5.0,0.0,1.0,2.0,0.0,2.0,13.0,3.0
0022300913,1610612763,MEM,Memphis,1641998,Trey Jemison III,Trey,,,16:29,2.0,3.0,0.667,0.0,0.0,0.0,1.0,2.0,0.5,0.0,2.0,2.0,0.0,1.0,0.0,1.0,2.0,5.0,7.0
0022300913,1610612763,MEM,Memphis,1629117,Wenyen Gabriel,Wenyen,,,12:45,1.0,3.0,0.333,0.0,0.0,0.0,0.0,2.0,0.0,2.0,2.0,4.0,2.0,1.0,0.0,1.0,2.0,2.0,6.0
0022300913,1610612763,MEM,Memphis,1641713,GG Jackson,GG,,DND - Injury/Illness,,,,,,,,,,,,,,,,,,,,
0022300913,1610612763,MEM,Memphis,1628379,Luke Kennard,Luke,,DND - Injury/Illness,,,,,,,,,,,,,,,,,,,,
0022300913,1610612763,MEM,Memphis,1630533,Ziaire Williams,Ziaire,,DND - Injury/Illness,,,,,,,,,,,,,,,,,,,,
