player_id,player_name,birth_date,position,is_active,weight,height,draft_year
1630173,Precious Achiuwa,1999-09-19T00:00:00,Forward,1,243,6-8,2020
203500,Steven Adams,1993-07-20T00:00:00,Center,1,265,6-11,2013
1628389,Bam Adebayo,1997-07-18T00:00:00,Center-Forward,1,255,6-9,2017
1630534,Ochai Agbaji,2000-04-20T00:00:00,Guard,1,215,6-5,2022
1630583,Santi Aldama,2001-01-10T00:00:00,Forward-Center,1,215,7-0,2021
1641725,Trey Alexander,2003-05-02T00:00:00,Guard,1,185,6-4,Undrafted
1629638,Nickeil Alexander-Walker,1998-09-02T00:00:00,Guard,1,205,6-5,2019
1628960,Grayson Allen,1995-10-08T00:00:00,Guard,1,198,6-4,2018
1628386,Jarrett Allen,1998-04-21T00:00:00,Center,1,243,6-9,2017
1630631,Jose Alvarado,1998-04-12T00:00:00,Guard,1,179,6-0,Undrafted
203937,Kyle Anderson,1993-09-20T00:00:00,Forward-Guard,1,230,6-9,2014
203507,Giannis Antetokounmpo,1994-12-06T00:00:00,Forward,1,243,6-11,2013
1630175,Cole Anthony,2000-05-15T00:00:00,Guard,1,185,6-2,2020
1628384,OG Anunoby,1997-07-17T00:00:00,Forward-Guard,1,240,6-7,2017
1630166,Deni Avdija,2001-01-03T00:00:00,Forward,1,240,6-9,2020
1629028,Deandre Ayton,1998-07-23T00:00:00,Center,1,252,7-0,2018
1630542,Marcus Bagley,2001-10-23T00:00:00,Forward,0,217,6-6,Undrafted
1628963,Marvin Bagley III,1999-03-14T00:00:00,Forward,1,235,6-10,2018
1631116,Patrick Baldwin Jr.,2002-11-18T00:00:00,Forward,1,220,6-9,2022
1630163,LaMelo Ball,2001-08-22T00:00:00,Guard,1,180,6-7,2020
1628366,Lonzo Ball,1997-10-27T00:00:00,Guard,1,190,6-6,2017
1628964,Mo Bamba,1998-05-12T00:00:00,Center,0,231,7-0,2018
1631094,Paolo Banchero,2002-11-12T00:00:00,Forward,1,250,6-10,2022
1630217,Desmond Bane,1998-06-25T00:00:00,Guard,1,215,6-5,2020
1630625,Dalano Banton,1999-11-07T00:00:00,Forward,1,203,6-8,2021
1631230,Dominick Barlow,2003-05-26T00:00:00,Forward,1,215,6-8,Undrafted
203084,Harrison Barnes,1992-05-30T00:00:00,Forward,1,225,6-8,2012
1630567,Scottie Barnes,2001-08-01T00:00:00,Forward-Guard,1,237,6-7,2021
1629628,RJ Barrett,2000-06-14T00:00:00,Forward-Guard,1,214,6-6,2019
1629646,Charles Bassey,2000-10-28T00:00:00,Center-Forward,1,230,6-10,2021
1641734,Emoni Bates,2004-01-28T00:00:00,Forward,1,202,6-8,2023
1642419,Jamison Battle,2001-05-10T00:00:00,Forward,1,220,6-7,Undrafted
201587,Nicolas Batum,1988-12-14T00:00:00,Guard-Forward,1,230,6-8,2008
1641878,Damion Baugh,2000-08-03T00:00:00,Guard,1,194,6-4,Undrafted
203078,Bradley Beal,1993-06-28T00:00:00,Guard,1,207,6-4,2012
1627736,Malik Beasley,1996-11-26T00:00:00,Guard,1,187,6-4,2016
1630699,MarJon Beauchamp,2000-10-12T00:00:00,Forward,1,199,6-7,2022
1641736,Reece Beekman,2001-10-08T00:00:00,Guard,1,190,6-3,Undrafted
1629048,Goga Bitadze,1999-07-20T00:00:00,Center-Forward,1,250,6-10,2019
202687,Bismack Biyombo,1992-08-28T00:00:00,Center,1,255,6-8,2011
1641710,Anthony Black,2004-01-20T00:00:00,Guard,1,200,6-7,2023
203992,Bogdan Bogdanović,1992-08-18T00:00:00,Guard,1,225,6-5,2014
1629626,Bol Bol,1999-11-16T00:00:00,Center-Forward,1,220,7-3,2019
1641737,Adem Bona,2003-03-28T00:00:00,Forward,1,235,6-10,2024
1626164,Devin Booker,1996-10-30T00:00:00,Guard,1,206,6-6,2015
1630527,Brandon Boston,2001-11-28T00:00:00,Guard,1,188,6-6,2021
1628449,Chris Boucher,1993-01-11T00:00:00,Forward,1,200,6-9,Undrafted
1631123,Jamaree Bouyea,1999-06-27T00:00:00,Guard,1,180,6-2,Undrafted
1628396,Tony Bradley,1998-01-08T00:00:00,Center-Forward,1,248,6-11,2017
1631103,Malaki Branham,2003-05-12T00:00:00,Forward,1,180,6-4,2022
1631128,Christian Braun,2001-04-17T00:00:00,Guard,1,220,6-6,2022
1641779,Jalen Bridges,2001-05-14T00:00:00,Forward,1,225,6-8,Undrafted
1628969,Mikal Bridges,1996-08-30T00:00:00,Guard-Forward,1,209,6-6,2018
1628970,Miles Bridges,1998-03-21T00:00:00,Forward,1,225,6-7,2018
1629052,Oshae Brissett,1998-06-20T00:00:00,Forward-Guard,0,210,6-7,Undrafted
1627763,Malcolm Brogdon,1992-12-11T00:00:00,Guard,1,229,6-4,2016
1628415,Dillon Brooks,1996-01-22T00:00:00,Guard-Forward,1,225,6-6,2017
1631232,Keion Brooks Jr.,2000-08-07T00:00:00,Forward,1,210,6-7,Undrafted
1628971,Bruce Brown,1996-08-15T00:00:00,Guard-Forward,1,202,6-4,2018
1627759,Jaylen Brown,1996-10-24T00:00:00,Guard-Forward,1,223,6-6,2016
1641738,Kobe Brown,2000-01-01T00:00:00,Forward,1,250,6-7,2023
1629650,Moses Brown,1999-10-13T00:00:00,Center,0,258,7-2,Undrafted
1628973,Jalen Brunson,1996-08-31T00:00:00,Guard,1,190,6-2,2018
1628418,Thomas Bryant,1997-07-31T00:00:00,Center-Forward,1,248,6-10,2017
1641723,Kobe Bufkin,2003-09-21T00:00:00,Guard,1,195,6-4,2023
202692,Alec Burks,1991-07-20T00:00:00,Guard,1,214,6-5,2011
1630215,Jared Butler,2000-08-25T00:00:00,Guard,1,193,6-3,2021
202710,Jimmy Butler III,1989-09-14T00:00:00,Forward,1,230,6-7,2011
1641824,Matas Buzelis,2004-10-13T00:00:00,Forward,1,209,6-10,2024
1631288,Jamal Cain,1999-03-20T00:00:00,Forward,1,191,6-6,Undrafted
203484,Kentavious Caldwell-Pope,1993-02-18T00:00:00,Guard,1,204,6-5,2013
1641739,Toumani Camara,2000-05-08T00:00:00,Forward,1,229,6-7,2023
203991,Clint Capela,1994-05-18T00:00:00,Center,1,256,6-10,2014
1642382,Branden Carlson,1999-06-14T00:00:00,Center,1,220,7-0,Undrafted
1642267,Bub Carrington,2005-07-21T00:00:00,Guard,1,190,6-4,2024
1642269,Devin Carter,2002-03-18T00:00:00,Guard,1,195,6-2,2024
1628975,Jevon Carter,1995-09-14T00:00:00,Guard,1,200,6-1,2018
1628976,Wendell Carter Jr.,1999-04-16T00:00:00,Center-Forward,1,270,6-10,2018
1630618,D.J. Carton,2000-08-05T00:00:00,Guard,0,200,6-3,Undrafted
1627936,Alex Caruso,1994-02-28T00:00:00,Guard,1,186,6-5,Undrafted
1642264,Stephon Castle,2004-11-01T00:00:00,Guard,1,215,6-6,2024
1630658,Colin Castleton,2000-05-25T00:00:00,Center,1,250,6-10,Undrafted
1630577,Julian Champagnie,2001-06-29T00:00:00,Forward,1,217,6-7,Undrafted
1630551,Justin Champagnie,2001-06-29T00:00:00,Guard-Forward,1,206,6-6,Undrafted
1642279,Ulrich Chomche,2005-12-30T00:00:00,Center,1,235,6-11,2024
1642353,Cam Christie,2005-07-24T00:00:00,Guard,1,190,6-6,2024
1631108,Max Christie,2003-02-10T00:00:00,Guard,1,190,6-5,2022
1630528,Josh Christopher,2001-12-08T00:00:00,Guard,1,215,6-4,2021
1631321,Sidy Cissoko,2004-04-02T00:00:00,Guard,1,200,6-6,2023
1641740,Jaylen Clark,2001-10-13T00:00:00,Guard,1,205,6-4,2023
1629634,Brandon Clarke,1996-09-19T00:00:00,Forward,1,215,6-8,2019
203903,Jordan Clarkson,1992-06-07T00:00:00,Guard,1,194,6-3,2014
1629651,Nic Claxton,1999-04-17T00:00:00,Center,1,215,6-11,2019
1642270,Donovan Clingan,2004-02-23T00:00:00,Center,1,280,7-2,2024
1641730,Noah Clowney,2004-07-14T00:00:00,Forward-Center,1,210,6-9,2023
1629599,Amir Coffey,1997-06-17T00:00:00,Guard-Forward,1,210,6-7,Undrafted
1642268,Isaiah Collier,2004-10-08T00:00:00,Guard,1,210,6-3,2024
1628381,John Collins,1997-09-23T00:00:00,Forward-Center,1,226,6-9,2017
1641879,Yuri Collins,2001-03-07T00:00:00,Guard,0,190,6-0,Undrafted
1628380,Zach Collins,1997-11-19T00:00:00,Forward-Center,1,250,6-11,2017
201144,Mike Conley,1987-10-11T00:00:00,Guard,1,175,6-0,2007
1626192,Pat Connaughton,1993-01-06T00:00:00,Guard,1,209,6-5,2015
1641731,Bilal Coulibaly,2004-07-26T00:00:00,Guard,1,195,6-8,2023
1641741,Ricky Council IV,2001-08-03T00:00:00,Guard,1,207,6-6,Undrafted
1628470,Torrey Craig,1990-12-19T00:00:00,Forward,1,221,6-5,Undrafted
1642384,Isaiah Crawford,2001-11-01T00:00:00,Forward,1,220,6-6,Undrafted
203109,Jae Crowder,1990-07-06T00:00:00,Forward,1,235,6-6,2012
1630595,Cade Cunningham,2001-09-25T00:00:00,Guard,1,220,6-6,2021
203552,Seth Curry,1990-08-23T00:00:00,Guard,1,185,6-1,Undrafted
201939,Stephen Curry,1988-03-14T00:00:00,Guard,1,185,6-2,2009
1642359,Pacôme Dadiet,2005-07-27T00:00:00,Forward,1,210,6-8,2024
1630700,Dyson Daniels,2003-03-17T00:00:00,Guard,1,199,6-7,2022
1642368,N'Faly Dante,2001-10-19T00:00:00,Center,1,230,6-11,Undrafted
203076,Anthony Davis,1993-03-11T00:00:00,Forward-Center,1,253,6-10,2012
1631098,Johnny Davis,2002-02-27T00:00:00,Guard,0,195,6-4,2022
1629056,Terence Davis,1997-05-16T00:00:00,Guard,1,201,6-4,Undrafted
1631120,JD Davison,2002-10-03T00:00:00,Guard,1,195,6-1,2022
201942,DeMar DeRozan,1989-08-07T00:00:00,Guard-Forward,1,220,6-6,2009
1642484,RayJ Dennis,2001-03-30T00:00:00,Guard,1,180,6-2,Undrafted
1628978,Donte DiVincenzo,1997-01-31T00:00:00,Guard,1,203,6-4,2018
1631217,Moussa Diabaté,2002-01-21T00:00:00,Forward,1,210,6-9,2022
1641711,Gradey Dick,2003-11-20T00:00:00,Guard-Forward,1,200,6-6,2023
1631172,Ousmane Dieng,2003-05-21T00:00:00,Forward,1,185,6-9,2022
1642265,Rob Dillingham,2005-01-04T00:00:00,Guard,1,175,6-3,2024
203915,Spencer Dinwiddie,1993-04-06T00:00:00,Guard,1,215,6-5,2014
1629029,Luka Dončić,1999-02-28T00:00:00,Forward-Guard,1,230,6-6,2018
1629652,Luguentz Dort,1999-04-19T00:00:00,Guard,1,220,6-4,Undrafted
1630245,Ayo Dosunmu,2000-01-17T00:00:00,Guard,1,200,6-5,2021
1630288,Jeff Dowtin Jr.,1997-05-10T00:00:00,Guard,1,177,6-3,Undrafted
1628408,PJ Dozier,1996-10-25T00:00:00,Guard-Forward,0,205,6-6,Undrafted
203083,Andre Drummond,1993-08-10T00:00:00,Center,1,279,6-11,2012
1630537,Chris Duarte,1997-06-13T00:00:00,Guard,0,190,6-5,2021
1642505,Alex Ducas,2000-12-11T00:00:00,Guard,1,220,6-7,Undrafted
1630561,David Duke Jr.,1999-10-13T00:00:00,Guard,1,204,6-4,Undrafted
1627739,Kris Dunn,1994-03-18T00:00:00,Guard,1,205,6-3,2016
1642346,Ryan Dunn,2003-01-07T00:00:00,Forward,1,216,6-8,2024
201142,Kevin Durant,1988-09-29T00:00:00,Forward,1,240,6-11,2007
1631105,Jalen Duren,2003-11-18T00:00:00,Center,1,250,6-10,2022
1631106,Tari Eason,2001-05-10T00:00:00,Forward,1,215,6-8,2022
1641744,Zach Edey,2002-05-14T00:00:00,Center,1,305,7-4,2024
1630162,Anthony Edwards,2001-08-05T00:00:00,Guard,1,225,6-4,2020
1642399,Jesse Edwards,2000-03-18T00:00:00,Center,1,236,7-0,Undrafted
1642348,Justin Edwards,2003-12-16T00:00:00,Forward,1,203,6-7,Undrafted
1630556,Kessler Edwards,2000-08-09T00:00:00,Forward,1,203,6-7,2021
1631165,Keon Ellis,2000-01-08T00:00:00,Guard,1,175,6-4,Undrafted
203954,Joel Embiid,1994-03-16T00:00:00,Center-Forward,1,280,7-0,2014
1630623,Tyson Etienne,1999-09-17T00:00:00,Guard,1,200,6-2,Undrafted
1629234,Drew Eubanks,1997-02-01T00:00:00,Forward-Center,1,245,6-10,Undrafted
1641787,Tosan Evbuomwan,2001-02-16T00:00:00,Forward,1,217,6-7,Undrafted
203957,Danté Exum,1995-07-13T00:00:00,Guard,1,214,6-5,2014
1628981,Bruno Fernando,1998-08-15T00:00:00,Forward-Center,0,240,6-9,2019
1642271,Kyle Filipowski,2003-11-07T00:00:00,Center,1,250,6-11,2024
1627827,Dorian Finney-Smith,1993-05-04T00:00:00,Forward,1,220,6-7,Undrafted
1641745,Adam Flagler,1999-12-01T00:00:00,Guard,1,180,6-3,Undrafted
1642280,Trentyn Flowers,2005-03-08T00:00:00,Forward,1,185,6-9,Undrafted
1630201,Malachi Flynn,1998-05-09T00:00:00,Guard,0,185,6-1,2020
1631323,Simone Fontecchio,1995-12-09T00:00:00,Forward,1,209,6-7,Undrafted
1628368,De'Aaron Fox,1997-12-20T00:00:00,Guard,1,185,6-3,2017
1642402,Enrique Freeman,2000-07-29T00:00:00,Forward,1,220,6-7,2024
1628365,Markelle Fultz,1998-05-29T00:00:00,Guard,1,209,6-4,2017
1642277,Johnny Furphy,2004-12-08T00:00:00,Guard,1,200,6-9,2024
1629655,Daniel Gafford,1998-10-01T00:00:00,Forward-Center,1,265,6-10,2019
1629636,Darius Garland,2000-01-26T00:00:00,Guard,1,192,6-1,2019
1630585,Marcus Garrett,1998-11-09T00:00:00,Guard,0,205,6-5,Undrafted
1630568,Luka Garza,1998-12-27T00:00:00,Center,1,243,6-10,2021
1641718,Keyonte George,2003-11-08T00:00:00,Guard,1,185,6-4,2023
1642273,Kyshawn George,2003-12-12T00:00:00,Forward,1,200,6-8,2024
202331,Paul George,1990-05-02T00:00:00,Forward,1,220,6-8,2010
201959,Taj Gibson,1985-06-24T00:00:00,Forward,1,232,6-9,2009
1630581,Josh Giddey,2002-10-10T00:00:00,Guard,1,216,6-8,2021
1628983,Shai Gilgeous-Alexander,1998-07-12T00:00:00,Guard,1,195,6-6,2018
1630264,Anthony Gill,1992-10-17T00:00:00,Forward,1,230,6-8,Undrafted
1631221,Collin Gillespie,1999-06-25T00:00:00,Guard,1,195,6-1,Undrafted
203497,Rudy Gobert,1992-06-26T00:00:00,Center,1,258,7-1,2013
1630692,Jordan Goodwin,1998-10-23T00:00:00,Guard,1,215,6-5,Undrafted
203932,Aaron Gordon,1995-09-16T00:00:00,Forward,1,235,6-8,2014
201569,Eric Gordon,1988-12-25T00:00:00,Guard,1,215,6-3,2008
1641789,Jazian Gortman,2003-03-14T00:00:00,Guard,0,184,6-2,Undrafted
203924,Jerami Grant,1994-03-12T00:00:00,Forward,1,210,6-7,2014
1631260,AJ Green,1999-09-27T00:00:00,Guard,1,190,6-4,Undrafted
203110,Draymond Green,1990-03-04T00:00:00,Forward,1,230,6-6,2012
1630224,Jalen Green,2002-02-09T00:00:00,Guard,1,186,6-4,2021
1629750,Javonte Green,1993-07-23T00:00:00,Guard,1,205,6-5,Undrafted
201145,Jeff Green,1986-08-28T00:00:00,Forward,1,235,6-8,2007
1630182,Josh Green,2000-11-16T00:00:00,Guard,1,200,6-5,2020
1629656,Quentin Grimes,2000-05-08T00:00:00,Guard,1,210,6-4,2021
1631243,Mouhamed Gueye,2002-11-09T00:00:00,Forward,1,210,6-10,2023
1629060,Rui Hachimura,1998-02-08T00:00:00,Forward,1,230,6-8,2019
1630169,Tyrese Haliburton,2000-02-29T00:00:00,Guard,1,185,6-5,2020
1641790,PJ Hall,2002-02-21T00:00:00,Center,1,245,6-10,Undrafted
203501,Tim Hardaway Jr.,1992-03-16T00:00:00,Guard-Forward,1,205,6-5,2013
201935,James Harden,1989-08-26T00:00:00,Guard,1,220,6-5,2009
1630702,Jaden Hardy,2002-07-05T00:00:00,Guard,1,198,6-3,2022
1641989,Elijah Harkless,2000-02-03T00:00:00,Guard,1,195,6-3,Undrafted
1631199,Ron Harper Jr.,2000-04-12T00:00:00,Guard-Forward,1,233,6-4,Undrafted
203914,Gary Harris,1994-09-14T00:00:00,Guard,1,210,6-4,2014
202699,Tobias Harris,1992-07-15T00:00:00,Forward,1,226,6-8,2011
1628404,Josh Hart,1995-03-06T00:00:00,Guard,1,215,6-4,2017
1628392,Isaiah Hartenstein,1998-05-05T00:00:00,Center-Forward,1,250,7-0,2017
1630573,Sam Hauser,1997-12-08T00:00:00,Forward,1,217,6-7,Undrafted
1641722,Jordan Hawkins,2002-04-29T00:00:00,Guard,1,190,6-5,2023
1629637,Jaxson Hayes,2000-05-23T00:00:00,Center-Forward,1,220,7-0,2019
1630165,Killian Hayes,2001-07-27T00:00:00,Guard,0,195,6-5,2020
1630703,Scoot Henderson,2004-02-03T00:00:00,Guard,1,206,6-3,2023
1641707,Taylor Hendricks,2003-11-22T00:00:00,Forward,1,215,6-9,2023
1629639,Tyler Herro,2000-01-20T00:00:00,Guard,1,195,6-5,2019
1627741,Buddy Hield,1992-12-17T00:00:00,Guard,1,220,6-4,2016
1629312,Haywood Highsmith,1996-12-09T00:00:00,Forward,1,220,6-5,2018
1628988,Aaron Holiday,1996-09-30T00:00:00,Guard,1,185,6-0,2018
201950,Jrue Holiday,1990-06-12T00:00:00,Guard,1,205,6-4,2009
1641842,Ronald Holland II,2005-07-07T00:00:00,Forward,1,206,6-8,2024
1626158,Richaun Holmes,1993-10-15T00:00:00,Forward,1,235,6-9,2015
1631096,Chet Holmgren,2002-05-01T00:00:00,Center-Forward,1,208,7-1,2022
1641720,Jalen Hood-Schifino,2003-06-19T00:00:00,Guard,1,210,6-5,2023
201143,Al Horford,1986-06-03T00:00:00,Center-Forward,1,240,6-9,2007
1629659,Talen Horton-Tucker,2000-11-25T00:00:00,Guard,1,234,6-4,2019
1631216,Caleb Houstan,2003-01-09T00:00:00,Guard,1,205,6-8,2022
1641724,Jett Howard,2003-09-14T00:00:00,Guard,1,215,6-6,2023
1628989,Kevin Huerter,1998-08-27T00:00:00,Guard-Forward,1,198,6-7,2018
1630643,Jay Huff,1997-08-25T00:00:00,Center,1,240,7-1,Undrafted
1630574,Ariel Hukporti,2002-04-12T00:00:00,Center,1,246,6-11,2024
1629631,De'Andre Hunter,1997-12-02T00:00:00,Forward-Guard,1,221,6-8,2019
1630538,Bones Hyland,2000-09-14T00:00:00,Guard,1,169,6-2,2021
1642345,Oso Ighodaro,2002-07-14T00:00:00,Forward,1,235,7-0,2024
204060,Joe Ingles,1987-10-02T00:00:00,Forward-Guard,1,220,6-8,Undrafted
1627742,Brandon Ingram,1997-09-02T00:00:00,Forward,1,190,6-8,2016
1631127,Harrison Ingram,2002-11-27T00:00:00,Forward,1,230,6-5,2024
202681,Kyrie Irving,1992-03-23T00:00:00,Guard,1,195,6-2,2011
1628371,Jonathan Isaac,1997-10-03T00:00:00,Forward,1,230,6-10,2017
1631093,Jaden Ivey,2002-02-13T00:00:00,Guard,1,195,6-4,2022
1641713,GG Jackson,2004-12-17T00:00:00,Forward,1,210,6-9,2023
1630543,Isaiah Jackson,2002-01-10T00:00:00,Forward,1,205,6-9,2021
1631245,Quenton Jackson,1998-09-15T00:00:00,Guard,1,173,6-5,Undrafted
202704,Reggie Jackson,1990-04-16T00:00:00,Guard,0,208,6-2,2011
1641748,Andre Jackson Jr.,2001-11-13T00:00:00,Guard,1,209,6-6,2023
1628991,Jaren Jackson Jr.,1999-09-15T00:00:00,Forward-Center,1,242,6-10,2018
1631218,Trayce Jackson-Davis,2000-02-22T00:00:00,Forward,1,245,6-9,2023
1642355,Bronny James,2004-10-06T00:00:00,Guard,1,210,6-3,2024
2544,LeBron James,1984-12-30T00:00:00,Forward,1,250,6-9,2003
1631170,Jaime Jaquez Jr.,2001-02-18T00:00:00,Guard,1,225,6-6,2023
1629610,DaQuan Jeffries,1997-08-30T00:00:00,Guard-Forward,1,222,6-5,Undrafted
1641998,Trey Jemison III,1999-11-28T00:00:00,Center,1,270,6-11,Undrafted
1642450,Daniss Jenkins,2001-08-17T00:00:00,Guard,1,165,6-3,Undrafted
1629660,Ty Jerome,1997-07-08T00:00:00,Guard-Forward,1,195,6-5,2019
1630198,Isaiah Joe,1999-07-02T00:00:00,Guard,1,165,6-3,2020
1642358,AJ Johnson,2004-12-01T00:00:00,Guard,1,160,6-5,2024
1629661,Cameron Johnson,1996-03-03T00:00:00,Forward,1,210,6-8,2019
1630552,Jalen Johnson,2001-12-18T00:00:00,Forward,1,219,6-8,2021
201949,James Johnson,1987-02-20T00:00:00,Forward,1,240,6-7,2009
1629640,Keldon Johnson,1999-10-11T00:00:00,Forward-Guard,1,220,6-5,2019
1630553,Keon Johnson,2002-03-10T00:00:00,Guard,1,185,6-5,2021
1642352,Keshad Johnson,2001-06-23T00:00:00,Forward,1,225,6-7,Undrafted
203999,Nikola Jokić,1995-02-19T00:00:00,Center,1,284,6-11,2014
1641732,Colby Jones,2002-05-28T00:00:00,Guard,1,207,6-6,2023
1641794,Dillon Jones,2001-10-29T00:00:00,Forward,1,235,6-5,2024
1630529,Herbert Jones,1998-10-06T00:00:00,Forward,1,206,6-7,2021
1642403,Isaac Jones,2000-07-11T00:00:00,Forward,1,245,6-9,Undrafted
1630539,Kai Jones,2001-01-19T00:00:00,Center-Forward,1,221,6-11,2021
1630222,Mason Jones,1998-07-21T00:00:00,Guard,1,200,6-4,Undrafted
1642461,Spencer Jones,2001-06-14T00:00:00,Forward,1,225,6-7,Undrafted
1630200,Tre Jones,2000-01-08T00:00:00,Guard,1,185,6-1,2020
1626145,Tyus Jones,1996-05-10T00:00:00,Guard,1,196,6-1,2015
1627884,Derrick Jones Jr.,1997-02-15T00:00:00,Forward,1,210,6-6,Undrafted
201599,DeAndre Jordan,1988-07-21T00:00:00,Center,1,265,6-11,2008
202709,Cory Joseph,1991-08-20T00:00:00,Guard,1,200,6-2,2011
1631107,Nikola Jović,2003-06-09T00:00:00,Forward,1,205,6-10,2022
1630548,Johnny Juzang,2001-03-17T00:00:00,Guard,1,226,6-5,Undrafted
1642530,Yuki Kawamura,2001-05-02T00:00:00,Guard,1,159,5-8,Undrafted
1630283,Kylor Kelley,1997-08-26T00:00:00,Center,0,230,7-0,Undrafted
1628379,Luke Kennard,1996-06-24T00:00:00,Guard,1,206,6-5,2017
1631117,Walker Kessler,2001-07-26T00:00:00,Center,1,245,7-0,2022
1630296,Braxton Key,1997-02-14T00:00:00,Forward,1,225,6-8,Undrafted
1630557,Corey Kispert,1999-03-03T00:00:00,Forward,1,224,6-6,2021
1628467,Maxi Kleber,1992-01-29T00:00:00,Forward,1,240,6-10,Undrafted
1641752,Bobi Klintman,2003-03-06T00:00:00,Forward,1,225,6-9,2024
1642261,Dalton Knecht,2001-04-19T00:00:00,Forward,1,215,6-6,2024
1628995,Kevin Knox II,1999-08-11T00:00:00,Forward,1,215,6-8,2018
1642278,Tyler Kolek,2001-03-27T00:00:00,Guard,1,195,6-3,2024
1631132,Christian Koloko,2000-06-20T00:00:00,Center,1,225,7-0,2022
1629723,John Konchar,1996-03-22T00:00:00,Guard,1,210,6-5,Undrafted
1628436,Luke Kornet,1995-07-15T00:00:00,Center-Forward,1,250,7-1,Undrafted
1630249,Vít Krejčí,2000-06-19T00:00:00,Guard,1,195,6-8,2020
1630228,Jonathan Kuminga,2002-10-06T00:00:00,Forward,1,225,6-7,2021
1628398,Kyle Kuzma,1995-07-24T00:00:00,Forward,1,221,6-9,2017
1631222,Jake LaRavia,2001-11-03T00:00:00,Forward,1,235,6-7,2022
203897,Zach LaVine,1995-03-10T00:00:00,Guard,1,200,6-5,2014
1627746,Skal Labissiere,1996-03-18T00:00:00,Forward-Center,0,235,6-10,2016
1629111,Jock Landale,1995-10-25T00:00:00,Center,1,255,6-11,Undrafted
1641796,Pelle Larsson,2001-02-23T00:00:00,Guard,1,215,6-5,2024
1630639,A.J. Lawson,2000-07-15T00:00:00,Guard,1,179,6-6,Undrafted
1627747,Caris LeVert,1994-08-25T00:00:00,Guard,1,205,6-6,2016
1627814,Damion Lee,1992-10-21T00:00:00,Guard-Forward,1,210,6-6,Undrafted
203458,Alex Len,1993-06-16T00:00:00,Center,1,250,7-0,2013
202695,Kawhi Leonard,1991-06-29T00:00:00,Forward,1,225,6-7,2011
1642502,Malevy Leons,1999-09-23T00:00:00,Forward,0,210,6-9,Undrafted
1641721,Maxwell Lewis,2002-07-27T00:00:00,Forward,1,215,6-7,2023
1630604,E.J. Liddell,2000-12-18T00:00:00,Forward,1,240,6-6,2022
203081,Damian Lillard,1990-07-15T00:00:00,Guard,1,195,6-2,2012
1641726,Dereck Lively II,2004-02-12T00:00:00,Center,1,230,7-1,2023
1641753,Chris Livingston,2003-10-15T00:00:00,Forward,1,220,6-6,2023
1626172,Kevon Looney,1996-02-06T00:00:00,Forward,1,222,6-9,2015
201572,Brook Lopez,1988-04-01T00:00:00,Center,1,282,7-1,2008
201567,Kevin Love,1988-09-07T00:00:00,Forward-Center,1,251,6-8,2008
200768,Kyle Lowry,1986-03-25T00:00:00,Guard,1,196,6-0,2006
1626168,Trey Lyles,1995-11-05T00:00:00,Forward,1,234,6-9,2015
1630572,Sandro Mamukelashvili,1999-05-23T00:00:00,Forward-Center,1,240,6-9,2021
1629611,Terance Mann,1996-10-18T00:00:00,Guard-Forward,1,215,6-5,2019
1630544,Tre Mann,2001-02-03T00:00:00,Guard,1,178,6-3,2021
1628374,Lauri Markkanen,1997-05-22T00:00:00,Forward-Center,1,240,7-0,2017
1630230,Naji Marshall,1998-01-24T00:00:00,Forward,1,220,6-6,Undrafted
1628997,Caleb Martin,1995-09-28T00:00:00,Forward,1,205,6-5,Undrafted
1628998,Cody Martin,1995-09-28T00:00:00,Forward,1,205,6-6,2019
1641798,Jaylen Martin,2004-01-28T00:00:00,Guard,1,216,6-6,Undrafted
1630231,KJ Martin,2001-01-06T00:00:00,Forward,1,215,6-6,2020
1631213,Tyrese Martin,1999-03-07T00:00:00,Forward,1,215,6-6,2022
1629726,Garrison Mathews,1996-10-24T00:00:00,Guard,1,215,6-6,Undrafted
1631097,Bennedict Mathurin,2002-06-19T00:00:00,Guard-Forward,1,210,6-5,2022
1631255,Karlo Matković,2001-03-30T00:00:00,Forward-Center,1,231,6-10,2022
1630178,Tyrese Maxey,2000-11-04T00:00:00,Guard,1,200,6-2,2020
1630540,Miles McBride,2000-09-08T00:00:00,Guard,1,195,6-1,2021
1642272,Jared McCain,2004-02-20T00:00:00,Guard,1,195,6-3,2024
1630644,Mac McClung,1999-01-06T00:00:00,Guard,1,185,6-2,Undrafted
203468,CJ McCollum,1991-09-19T00:00:00,Guard,1,190,6-3,2013
204456,T.J. McConnell,1992-03-25T00:00:00,Guard,1,190,6-1,2015
1641755,Kevin McCullar Jr.,2001-03-15T00:00:00,Guard,1,210,6-6,2024
1630183,Jaden McDaniels,2000-09-29T00:00:00,Forward,1,185,6-9,2020
1629667,Jalen McDaniels,1998-01-31T00:00:00,Forward,0,190,6-9,2019
203926,Doug McDermott,1992-01-03T00:00:00,Forward,1,225,6-6,2014
1631121,Bryce McGowens,2002-11-08T00:00:00,Guard,1,190,6-6,2022
1629162,Jordan McLaughlin,1996-04-09T00:00:00,Guard,1,185,6-0,Undrafted
1629098,Jack McVeigh,1996-06-27T00:00:00,Guard-Forward,1,215,6-8,Undrafted
1629001,De'Anthony Melton,1998-05-28T00:00:00,Guard,1,200,6-3,2018
1630241,Sam Merrill,1996-05-15T00:00:00,Guard,1,205,6-4,2020
203995,Vasilije Micic,1994-01-13T00:00:00,Guard,1,188,6-3,2014
203114,Khris Middleton,1991-08-12T00:00:00,Forward,1,222,6-7,2012
1641706,Brandon Miller,2002-11-22T00:00:00,Forward,1,200,6-7,2023
1641801,Emanuel Miller,2000-06-19T00:00:00,Forward,1,215,6-7,Undrafted
1641757,Jordan Miller,2000-01-23T00:00:00,Guard,1,194,6-5,2023
1631159,Leonard Miller,2003-11-26T00:00:00,Forward,1,220,6-10,2023
201988,Patty Mills,1988-08-11T00:00:00,Guard,1,180,6-2,2009
1629003,Shake Milton,1996-09-26T00:00:00,Guard,1,205,6-5,2018
1631303,Justin Minaya,1999-03-26T00:00:00,Forward,1,205,6-5,Undrafted
1642434,Riley Minix,2000-09-22T00:00:00,Forward,1,230,6-7,Undrafted
1631169,Josh Minott,2002-11-25T00:00:00,Forward,1,205,6-8,2022
1642274,Yves Missi,2004-05-14T00:00:00,Center,1,235,6-11,2024
1642349,Ajay Mitchell,2002-06-25T00:00:00,Guard,1,190,6-5,2024
1630558,Davion Mitchell,1998-09-05T00:00:00,Guard,1,202,6-0,2021
1628378,Donovan Mitchell,1996-09-07T00:00:00,Guard,1,215,6-3,2017
1630596,Evan Mobley,2001-06-18T00:00:00,Center,1,215,6-11,2021
1630600,Isaiah Mobley,1999-09-24T00:00:00,Forward,0,238,6-8,2022
1642367,Jonathan Mogbo,2001-10-29T00:00:00,Forward,1,225,6-9,2024
1628370,Malik Monk,1998-02-04T00:00:00,Guard,1,200,6-3,2017
1630541,Moses Moody,2002-05-31T00:00:00,Guard,1,211,6-5,2021
1631386,Taze Moore,1998-06-29T00:00:00,Guard,0,195,6-5,Undrafted
1631111,Wendell Moore Jr.,2001-09-18T00:00:00,Guard,1,215,6-5,2022
1629630,Ja Morant,1999-08-10T00:00:00,Guard,1,174,6-2,2019
202693,Markieff Morris,1989-09-02T00:00:00,Forward,1,245,6-9,2011
1628420,Monté Morris,1995-06-27T00:00:00,Guard,1,183,6-2,2017
1630530,Trey Murphy III,2000-06-18T00:00:00,Forward,1,206,6-8,2021
1627749,Dejounte Murray,1996-09-19T00:00:00,Guard,1,180,6-4,2016
1627750,Jamal Murray,1997-02-23T00:00:00,Guard,1,215,6-4,2016
1631099,Keegan Murray,2000-08-19T00:00:00,Forward,1,225,6-8,2022
1631200,Kris Murray,2000-08-19T00:00:00,Forward,1,216,6-8,2023
1629004,Svi Mykhailiuk,1997-06-10T00:00:00,Guard-Forward,1,205,6-7,2018
1631250,Pete Nance,2000-02-19T00:00:00,Forward,1,225,6-10,Undrafted
1626204,Larry Nance Jr.,1993-01-01T00:00:00,Forward-Center,1,245,6-8,2015
1629614,Andrew Nembhard,2000-01-16T00:00:00,Guard-Forward,1,191,6-4,2022
1630174,Aaron Nesmith,1999-10-16T00:00:00,Guard-Forward,1,215,6-6,2020
1641803,Tristen Newton,2001-04-26T00:00:00,Guard,1,190,6-5,2024
1627777,Georges Niang,1993-06-17T00:00:00,Forward,1,230,6-7,2016
1630227,Daishen Nix,2002-02-13T00:00:00,Guard,0,238,6-4,Undrafted
1630192,Zeke Nnaji,2001-01-09T00:00:00,Forward-Center,1,240,6-9,2020
1641936,Miles Norris,2000-04-15T00:00:00,Forward,1,220,6-7,Undrafted
1629669,Jaylen Nowell,1999-07-09T00:00:00,Guard,0,201,6-4,2019
203994,Jusuf Nurkić,1994-08-23T00:00:00,Center,1,290,7-0,2014
1626220,Royce O'Neale,1993-06-05T00:00:00,Forward,1,226,6-6,Undrafted
1626143,Jahlil Okafor,1995-12-15T00:00:00,Center-Forward,0,270,6-10,2015
1629643,Chuma Okeke,1998-08-18T00:00:00,Forward,1,229,6-7,2019
1629006,Josh Okogie,1998-09-01T00:00:00,Guard,1,213,6-4,2018
1630168,Onyeka Okongwu,2000-12-11T00:00:00,Forward-Center,1,240,6-10,2020
1630171,Isaac Okoro,2001-01-26T00:00:00,Forward-Guard,1,225,6-5,2020
1642439,Quincy Olivari,2001-05-27T00:00:00,Guard,0,200,6-3,Undrafted
203482,Kelly Olynyk,1991-04-19T00:00:00,Forward-Center,1,240,6-11,2013
1626162,Kelly Oubre Jr.,1995-12-09T00:00:00,Forward-Guard,1,203,6-8,2015
101108,Chris Paul,1985-05-06T00:00:00,Guard,1,175,6-0,2005
1626166,Cameron Payne,1994-08-08T00:00:00,Guard,1,183,6-3,2015
203901,Elfrid Payton,1994-02-22T00:00:00,Guard,1,195,6-3,2014
1627780,Gary Payton II,1992-12-01T00:00:00,Guard,1,195,6-2,Undrafted
1641809,Drew Peterson,1999-11-09T00:00:00,Forward,1,205,6-9,Undrafted
1641763,Julian Phillips,2003-11-05T00:00:00,Forward,1,198,6-8,2023
1629618,Jalen Pickett,1999-10-22T00:00:00,Guard,1,202,6-2,2023
1630590,Scotty Pippen Jr.,2000-11-10T00:00:00,Guard,1,170,6-1,Undrafted
1631342,Daeqwon Plowden,1998-08-29T00:00:00,Guard-Forward,1,216,6-6,Undrafted
203486,Mason Plumlee,1990-03-05T00:00:00,Forward-Center,1,254,6-10,2013
1641764,Brandin Podziemski,2003-02-25T00:00:00,Guard,1,205,6-4,2023
1627751,Jakob Poeltl,1995-10-15T00:00:00,Center,1,260,7-0,2016
1629673,Jordan Poole,1999-06-19T00:00:00,Guard,1,194,6-4,2019
1641854,Craig Porter Jr.,2000-02-26T00:00:00,Guard,1,180,6-1,Undrafted
1629645,Kevin Porter Jr.,2000-05-04T00:00:00,Guard-Forward,1,203,6-4,2019
1629008,Michael Porter Jr.,1998-06-29T00:00:00,Forward,1,218,6-10,2018
1626171,Bobby Portis,1995-02-10T00:00:00,Forward,1,250,6-10,2015
204001,Kristaps Porziņģis,1995-08-02T00:00:00,Forward-Center,1,240,7-2,2015
1642366,Quinten Post,2000-03-21T00:00:00,Center,1,238,7-0,2024
1630695,Micah Potter,1998-04-06T00:00:00,Center,1,248,6-9,Undrafted
203939,Dwight Powell,1991-07-20T00:00:00,Forward-Center,1,240,6-10,2014
1626181,Norman Powell,1993-05-25T00:00:00,Guard,1,215,6-4,2015
1627752,Taurean Prince,1994-03-22T00:00:00,Forward,1,218,6-6,2016
1630202,Payton Pritchard,1998-01-28T00:00:00,Guard,1,195,6-1,2020
1641765,Olivier-Maxence Prosper,2002-07-03T00:00:00,Forward,1,230,6-7,2023
1642389,Zyon Pullin,2001-03-03T00:00:00,Guard,1,206,6-4,Undrafted
1630243,Trevelin Queen,1997-02-25T00:00:00,Guard,1,190,6-5,Undrafted
1629674,Neemias Queta,1999-07-13T00:00:00,Center,1,248,7-0,2021
1630193,Immanuel Quickley,1999-06-17T00:00:00,Guard,1,190,6-2,2020
1631311,Lester Quinones,2000-11-16T00:00:00,Guard,1,208,6-4,Undrafted
203944,Julius Randle,1994-11-29T00:00:00,Forward-Center,1,250,6-9,2014
1641871,Duop Reath,1996-06-26T00:00:00,Center,1,245,6-9,Undrafted
1630559,Austin Reaves,1998-05-29T00:00:00,Guard,1,197,6-5,Undrafted
1629629,Cam Reddish,1999-09-01T00:00:00,Forward-Guard,0,217,6-7,2019
1630194,Paul Reed,1999-06-14T00:00:00,Forward,1,210,6-9,2020
1642024,Alex Reese,1999-05-21T00:00:00,Forward-Center,1,245,6-9,Undrafted
1641810,Antonio Reeves,2002-11-20T00:00:00,Guard,1,205,6-5,2024
1629675,Naz Reid,1999-08-26T00:00:00,Center-Forward,1,264,6-9,Undrafted
1631197,Jared Rhoden,1999-08-27T00:00:00,Guard,1,210,6-5,Undrafted
1630208,Nick Richards,1997-11-29T00:00:00,Center,1,245,7-0,2020
1626196,Josh Richardson,1993-09-15T00:00:00,Guard,0,200,6-5,2015
1642258,Zaccharie Risacher,2005-04-08T00:00:00,Forward,1,200,6-8,2024
1641857,Liam Robbins,1999-07-12T00:00:00,Center,0,250,7-0,Undrafted
1629130,Duncan Robinson,1994-04-22T00:00:00,Forward,1,215,6-7,Undrafted
1629011,Mitchell Robinson,1998-04-01T00:00:00,Center-Forward,1,240,7-0,2018
1631115,Orlando Robinson,2000-07-10T00:00:00,Center,0,235,6-10,Undrafted
1630526,Jeremiah Robinson-Earl,2000-11-03T00:00:00,Forward,1,240,6-8,2021
1631223,David Roddy,2001-03-27T00:00:00,Forward,1,255,6-4,2022
1631157,Ryan Rollins,2002-07-03T00:00:00,Guard,1,180,6-3,2022
1642050,Jackson Rowe,1997-01-04T00:00:00,Forward,1,210,6-7,Undrafted
1626179,Terry Rozier,1994-03-17T00:00:00,Guard,1,190,6-1,2015
1641712,Rayan Rupert,2004-05-31T00:00:00,Guard-Forward,1,195,6-6,2023
1626156,D'Angelo Russell,1996-02-23T00:00:00,Guard,1,193,6-3,2015
1630346,Matt Ryan,1997-04-17T00:00:00,Forward,0,215,6-6,Undrafted
1627734,Domantas Sabonis,1996-05-03T00:00:00,Forward-Center,1,240,6-10,2016
1642275,Tidjane Salaün,2005-08-10T00:00:00,Forward,1,207,6-8,2024
1641766,Adama Sanogo,2002-02-12T00:00:00,Forward,0,245,6-9,Undrafted
1630611,Gui Santos,2002-06-22T00:00:00,Forward,1,185,6-6,2022
1642259,Alex Sarr,2005-04-26T00:00:00,Center,1,205,7-0,2024
1631204,Marcus Sasser,2000-09-21T00:00:00,Guard,1,195,6-2,2023
1631248,Baylor Scheierman,2000-09-26T00:00:00,Guard,1,205,6-6,2024
203471,Dennis Schröder,1993-09-15T00:00:00,Guard,1,175,6-1,2013
1630578,Alperen Sengun,2002-07-25T00:00:00,Center,1,243,6-11,2021
1641729,Brice Sensabaugh,2003-10-30T00:00:00,Forward,1,235,6-5,2023
1629012,Collin Sexton,1999-01-04T00:00:00,Guard,1,190,6-3,2018
1629013,Landry Shamet,1997-03-13T00:00:00,Guard,1,190,6-4,2018
1630545,Terrence Shannon Jr.,2000-07-30T00:00:00,Guard-Forward,1,215,6-6,2024
1630549,Day'Ron Sharpe,2001-11-06T00:00:00,Center,1,265,6-9,2021
1631101,Shaedon Sharpe,2003-05-30T00:00:00,Guard,1,208,6-5,2022
1642347,Jamal Shead,2002-07-24T00:00:00,Guard,1,200,6-1,2024
1641767,Ben Sheppard,2001-07-16T00:00:00,Guard,1,190,6-6,2023
1642263,Reed Sheppard,2004-06-24T00:00:00,Guard,1,185,6-2,2024
1627783,Pascal Siakam,1994-04-02T00:00:00,Forward,1,245,6-8,2016
1627732,Ben Simmons,1996-07-20T00:00:00,Guard-Forward,1,240,6-10,2016
1629014,Anfernee Simons,1999-06-08T00:00:00,Guard,1,200,6-3,2018
1642354,KJ Simpson,2002-08-08T00:00:00,Guard,1,189,6-0,2024
1631301,Jaylen Sims,1998-12-11T00:00:00,Guard,0,210,6-6,Undrafted
1630579,Jericho Sims,1998-10-20T00:00:00,Center,1,250,6-10,2021
203935,Marcus Smart,1994-03-06T00:00:00,Guard,1,220,6-3,2014
1630696,Dru Smith,1997-12-30T00:00:00,Guard,1,203,6-2,Undrafted
1630188,Jalen Smith,2000-03-16T00:00:00,Forward-Center,1,215,6-9,2020
1642449,Tolu Smith,2000-07-26T00:00:00,Forward,1,,6-11,Undrafted
1641890,Tyler Smith,2004-11-02T00:00:00,Forward,1,224,6-9,2024
1631095,Jabari Smith Jr.,2003-05-13T00:00:00,Forward,1,220,6-10,2022
1641733,Nick Smith Jr.,2004-04-18T00:00:00,Guard,1,185,6-2,2023
1631110,Jeremy Sochan,2003-05-20T00:00:00,Forward,1,230,6-8,2022
1642285,Cam Spencer,2000-04-06T00:00:00,Guard,1,205,6-4,2024
1630311,Pat Spencer,1996-07-04T00:00:00,Guard,1,205,6-3,Undrafted
1630531,Jaden Springer,2002-09-25T00:00:00,Guard,1,202,6-4,2021
1641815,Isaiah Stevens,2000-11-01T00:00:00,Guard,1,185,6-0,Undrafted
1630205,Lamar Stevens,1997-07-09T00:00:00,Forward,1,230,6-7,Undrafted
1630191,Isaiah Stewart,2001-05-22T00:00:00,Forward-Center,1,250,6-8,2020
1631124,Julian Strawther,2002-04-18T00:00:00,Guard,1,205,6-6,2023
1629622,Max Strus,1996-03-28T00:00:00,Guard-Forward,1,215,6-5,Undrafted
1630591,Jalen Suggs,2001-06-03T00:00:00,Guard,1,205,6-5,2021
1631306,Cole Swider,1999-05-08T00:00:00,Forward,0,220,6-8,Undrafted
1630256,Jae'Sean Tate,1995-10-28T00:00:00,Forward,1,230,6-4,Undrafted
1628369,Jayson Tatum,1998-03-03T00:00:00,Forward-Guard,1,210,6-8,2017
1630678,Terry Taylor,1999-09-23T00:00:00,Forward,0,230,6-4,Undrafted
202066,Garrett Temple,1986-05-08T00:00:00,Guard-Forward,1,195,6-5,Undrafted
1631207,Dalen Terry,2002-07-12T00:00:00,Forward,1,195,6-7,2022
1628464,Daniel Theis,1992-04-04T00:00:00,Forward-Center,0,245,6-8,Undrafted
1630560,Cam Thomas,2001-10-13T00:00:00,Guard,1,210,6-3,2021
1641708,Amen Thompson,2003-01-30T00:00:00,Guard-Forward,1,200,6-7,2023
1641709,Ausar Thompson,2003-01-30T00:00:00,Guard-Forward,1,205,6-6,2023
202691,Klay Thompson,1990-02-08T00:00:00,Guard,1,220,6-5,2011
202684,Tristan Thompson,1991-03-13T00:00:00,Center-Forward,1,254,6-9,2011
1630550,JT Thor,2002-08-26T00:00:00,Forward,1,203,6-9,2021
1629680,Matisse Thybulle,1997-03-04T00:00:00,Guard-Forward,1,201,6-5,2019
1630214,Xavier Tillman,1999-01-12T00:00:00,Forward,1,245,6-7,2020
1631166,Drew Timme,2000-09-09T00:00:00,Forward,1,235,6-10,Undrafted
1641772,Nae'Qwan Tomlin,2000-12-19T00:00:00,Forward,1,210,6-10,Undrafted
1631210,Jacob Toppin,2000-05-08T00:00:00,Forward,1,200,6-8,Undrafted
1630167,Obi Toppin,1998-03-04T00:00:00,Forward,1,220,6-9,2020
1626157,Karl-Anthony Towns,1995-11-15T00:00:00,Center-Forward,1,248,7-0,2015
1642422,Armel Traore,2003-01-23T00:00:00,Forward,0,245,6-9,Undrafted
1631247,Luke Travers,2001-09-03T00:00:00,Forward,1,207,6-7,2022
1629018,Gary Trent Jr.,1999-01-18T00:00:00,Guard,1,204,6-5,2018
1631131,Oscar Tshiebwe,1999-11-27T00:00:00,Forward-Center,1,255,6-8,Undrafted
200782,P.J. Tucker,1985-05-05T00:00:00,Forward,1,245,6-5,2006
1626167,Myles Turner,1996-03-24T00:00:00,Center-Forward,1,250,6-11,2015
1641816,Hunter Tyson,2000-06-13T00:00:00,Forward,1,215,6-8,2023
1642281,Jaylon Tyson,2002-12-02T00:00:00,Guard-Forward,1,215,6-6,2024
1630649,Stanley Umude,1999-04-12T00:00:00,Guard,1,210,6-6,Undrafted
202685,Jonas Valančiūnas,1992-05-06T00:00:00,Center,1,265,6-11,2011
1627832,Fred VanVleet,1994-02-25T00:00:00,Guard,1,197,6-0,Undrafted
1629020,Jarred Vanderbilt,1999-04-03T00:00:00,Forward,1,214,6-8,2018
1630170,Devin Vassell,2000-08-23T00:00:00,Guard-Forward,1,200,6-5,2020
1629216,Gabe Vincent,1996-06-14T00:00:00,Guard,1,200,6-2,Undrafted
1641774,Tristan Vukcevic,2003-03-11T00:00:00,Forward,1,220,7-0,2023
202696,Nikola Vučević,1990-10-24T00:00:00,Center,1,260,6-10,2011
1629731,Dean Wade,1996-11-20T00:00:00,Forward-Center,1,228,6-9,Undrafted
1630532,Franz Wagner,2001-08-27T00:00:00,Forward,1,220,6-10,2021
1629021,Moritz Wagner,1997-04-26T00:00:00,Forward-Center,1,245,6-11,2018
1631133,Jabari Walker,2002-07-30T00:00:00,Forward,1,237,6-7,2022
1641716,Jarace Walker,2003-09-04T00:00:00,Forward,1,235,6-7,2023
1629022,Lonnie Walker IV,1998-12-14T00:00:00,Guard-Forward,1,204,6-4,2018
1641717,Cason Wallace,2003-11-07T00:00:00,Guard,1,195,6-3,2023
1630811,Keaton Wallace,1999-02-26T00:00:00,Guard,1,185,6-3,Undrafted
1641775,Jordan Walsh,2004-03-03T00:00:00,Guard,1,205,6-6,2023
1642266,Ja'Kobe Walter,2004-09-04T00:00:00,Guard,1,180,6-5,2024
1642276,Kel'el Ware,2004-04-20T00:00:00,Center,1,230,7-0,2024
1629023,P.J. Washington,1998-08-23T00:00:00,Forward,1,230,6-6,2019
1631102,TyTy Washington Jr.,2001-11-15T00:00:00,Guard,1,195,6-3,2022
1630322,Lindy Waters III,1997-07-28T00:00:00,Forward,1,210,6-6,Undrafted
1630570,Trendon Watford,2000-11-09T00:00:00,Guard-Forward,1,237,6-8,Undrafted
1641817,Anton Watson,2000-10-06T00:00:00,Forward,1,225,6-8,2024
1631212,Peyton Watson,2002-09-11T00:00:00,Guard,1,200,6-7,2022
1642377,Jaylen Wells,2003-08-26T00:00:00,Forward,1,,6-8,2024
1641705,Victor Wembanyama,2004-01-04T00:00:00,Forward-Center,1,235,7-3,2023
1631104,Blake Wesley,2003-03-16T00:00:00,Guard,1,185,6-3,2022
201566,Russell Westbrook,1988-11-12T00:00:00,Guard,1,200,6-4,2008
1630762,Phillip Wheeler,2002-04-23T00:00:00,Forward,0,185,6-8,Undrafted
1629632,Coby White,2000-02-16T00:00:00,Guard,1,195,6-5,2019
1628401,Derrick White,1994-07-02T00:00:00,Guard,1,190,6-4,2017
1641727,Dariq Whitehead,2004-08-01T00:00:00,Guard-Forward,1,220,6-6,2023
1641715,Cam Whitmore,2004-07-08T00:00:00,Forward,1,230,6-7,2023
1630598,Aaron Wiggins,1999-01-02T00:00:00,Guard,1,190,6-5,2021
203952,Andrew Wiggins,1995-02-23T00:00:00,Forward,1,197,6-7,2014
1631214,Alondes Williams,1999-06-19T00:00:00,Guard,0,210,6-4,Undrafted
1630314,Brandon Williams,1999-11-22T00:00:00,Guard,1,190,6-1,Undrafted
1642262,Cody Williams,2004-11-20T00:00:00,Forward,1,190,6-7,2024
1629684,Grant Williams,1998-11-30T00:00:00,Forward,1,236,6-6,2019
1631114,Jalen Williams,2001-04-14T00:00:00,Guard-Forward,1,211,6-5,2022
1631119,Jaylin Williams,2002-06-29T00:00:00,Forward,1,240,6-9,2022
1629026,Kenrich Williams,1994-12-02T00:00:00,Guard-Forward,1,210,6-6,Undrafted
1631109,Mark Williams,2001-12-16T00:00:00,Center,1,240,7-0,2022
1631466,Nate Williams,1999-02-12T00:00:00,Guard,1,205,6-5,Undrafted
1630172,Patrick Williams,2001-08-26T00:00:00,Forward,1,215,6-7,2020
1630533,Ziaire Williams,2001-09-12T00:00:00,Forward,1,185,6-9,2021
1629057,Robert Williams III,1997-10-17T00:00:00,Center-Forward,1,249,6-9,2018
1631246,Vince Williams Jr.,2000-08-30T00:00:00,Guard,1,205,6-4,2022
1629627,Zion Williamson,2000-07-06T00:00:00,Forward,1,284,6-6,2019
1630592,Jalen Wilson,2000-11-04T00:00:00,Forward,1,220,6-6,2023
1630164,James Wiseman,2001-03-31T00:00:00,Center,0,240,6-11,2020
1631209,Isaiah Wong,2001-01-28T00:00:00,Guard,0,185,6-3,2023
1626153,Delon Wright,1992-04-26T00:00:00,Guard,1,185,6-5,2015
1627824,Guerschon Yabusele,1995-12-17T00:00:00,Forward,1,265,6-8,2016
1642385,Cui Yongxi,2003-05-28T00:00:00,Forward,0,190,6-5,Undrafted
1642443,Jahmir Young,2000-10-07T00:00:00,Guard,1,185,6-1,Undrafted
1629027,Trae Young,1998-09-19T00:00:00,Guard,1,164,6-1,2018
1627826,Ivica Zubac,1997-03-18T00:00:00,Center,1,240,7-0,2016
1641783,Tristan da Silva,2001-05-15T00:00:00,Forward,1,217,6-8,2024
1628427,Vlatko Čančar,1997-04-10T00:00:00,Forward,1,236,6-8,2017
203967,Dario Šarić,1994-04-08T00:00:00,Forward-Center,1,225,6-10,2014
