shot_id,player_id,game_id,shot_type,result,minutes_remaining,seconds_remaining
1,1628436,22201042,2PT,missed,4,37
2,1628436,22201042,3PT,made,9,37
3,1628436,22201042,2PT,missed,2,31
4,1628436,22201042,FT,missed,1,32
5,1629639,22201042,FT,missed,7,27
6,1629639,22201042,3PT,missed,7,4
7,1629639,22201042,3PT,missed,4,45
8,1629639,22201042,FT,made,0,54
9,1629639,22201042,FT,missed,7,3
10,203109,22201042,FT,missed,9,33
11,203109,22201042,2PT,made,8,32
12,101108,22201042,2PT,missed,1,31
13,101108,22201042,3PT,made,0,10
14,101108,22201042,3PT,missed,3,9
15,101108,22201042,3PT,missed,6,21
16,101108,22201042,3PT,missed,10,50
17,1642502,22201042,2PT,missed,1,26
18,1642502,22201042,3PT,missed,10,25
19,1642348,22201042,FT,missed,8,30
20,1641736,22201042,FT,made,9,45
21,1641736,22201042,2PT,missed,5,44
22,1641736,22201042,3PT,missed,9,29
23,1630581,22201042,2PT,made,11,41
24,1630581,22201042,3PT,made,7,45
25,1630581,22201042,3PT,missed,5,12
26,1626181,22201042,3PT,made,9,33
27,1626181,22201042,3PT,made,5,31
28,1626181,22201042,3PT,made,6,55
29,1626181,22201042,FT,missed,3,40
30,1626181,22201042,3PT,missed,10,22
31,202066,22201042,FT,made,7,27
32,202066,22201042,2PT,missed,6,47
33,202066,22201042,3PT,missed,4,54
34,202066,22201042,3PT,made,11,38
35,1628380,22000866,FT,missed,6,8
36,1628380,22000866,3PT,missed,3,42
37,1628380,22000866,3PT,made,2,37
38,203897,22000866,3PT,made,2,48
39,1641729,22000866,FT,missed,3,43
40,1641729,22000866,FT,missed,10,31
41,1641729,22000866,FT,made,10,15
42,1641729,22000866,2PT,made,5,23
43,1641729,22000866,FT,missed,10,29
44,1629622,22000866,2PT,made,9,17
45,1629622,22000866,3PT,missed,7,38
46,1629618,22000866,2PT,missed,5,40
47,1629618,22000866,FT,missed,8,46
48,1629618,22000866,FT,made,9,22
49,1629618,22000866,FT,missed,5,54
50,1629618,22000866,2PT,made,11,50
51,1628960,22000866,2PT,made,6,14
52,1628960,22000866,FT,made,11,56
53,1628960,22000866,FT,missed,6,51
54,1641711,22000866,2PT,missed,2,34
55,1641711,22000866,FT,made,7,7
56,1641711,22000866,2PT,made,4,48
57,203501,22000866,2PT,missed,4,20
58,203501,22000866,2PT,made,0,8
59,203501,22000866,FT,missed,5,21
60,1642449,22000866,3PT,missed,4,10
61,1631097,22000866,2PT,missed,2,24
62,1631097,22000866,2PT,missed,2,2
63,1631097,22000866,3PT,missed,10,50
64,1631097,22000866,FT,made,3,33
65,1627884,22100527,2PT,made,7,27
66,1627884,22100527,2PT,missed,2,48
67,1627884,22100527,3PT,made,7,44
68,1630168,22100527,2PT,missed,6,27
69,1629003,22100527,FT,missed,3,50
70,1629003,22100527,3PT,made,6,30
71,1629003,22100527,2PT,missed,1,32
72,1628997,22100527,FT,made,8,26
73,1629013,22100527,2PT,missed,5,26
74,1629013,22100527,3PT,made,0,13
75,1628365,22100527,2PT,missed,5,54
76,1628427,22100527,FT,made,0,30
77,1628427,22100527,FT,made,5,8
78,1628427,22100527,3PT,missed,2,39
79,1628427,22100527,2PT,made,9,58
80,1630534,22100527,2PT,made,0,49
81,1630534,22100527,2PT,missed,6,26
82,1642348,22100527,FT,made,2,14
83,1642348,22100527,3PT,missed,9,8
84,1629018,22100527,3PT,made,7,55
85,1629018,22100527,3PT,made,8,20
86,1629018,22100527,2PT,missed,11,23
87,1630188,21900003,3PT,missed,10,11
88,1630188,21900003,3PT,made,3,16
89,1630188,21900003,FT,missed,11,30
90,1630314,21900003,FT,made,4,33
91,1626172,21900003,2PT,made,0,58
92,1626172,21900003,3PT,made,2,12
93,1641711,21900003,3PT,missed,3,47
94,1641711,21900003,3PT,made,5,15
95,1641711,21900003,2PT,missed,9,42
96,1630164,21900003,3PT,missed,3,53
97,1630164,21900003,FT,missed,6,18
98,1630164,21900003,3PT,missed,7,37
99,1630164,21900003,FT,missed,0,42
100,1642281,21900003,FT,made,3,21
101,1642281,21900003,FT,made,3,43
102,1642281,21900003,2PT,missed,5,15
103,1642367,21900003,3PT,made,6,11
104,1642367,21900003,FT,made,9,3
105,1642367,21900003,2PT,missed,11,51
106,1642367,21900003,3PT,missed,5,54
107,1642367,21900003,2PT,missed,4,53
108,1629060,21900003,2PT,missed,3,20
109,1629060,21900003,2PT,made,1,18
110,1629060,21900003,2PT,missed,4,14
111,1629060,21900003,FT,missed,11,42
112,1631101,21900003,2PT,missed,11,45
113,1631101,21900003,FT,made,5,54
114,1631248,21900003,2PT,made,7,44
115,1631248,21900003,FT,missed,8,56
116,1631248,21900003,3PT,made,4,56
117,1631248,21900003,3PT,missed,8,36
118,1631248,21900003,3PT,missed,0,37
119,1642349,21900456,2PT,missed,4,19
120,1642349,21900456,2PT,made,11,56
121,1642349,21900456,3PT,made,5,21
122,1642349,21900456,FT,missed,10,24
123,1642349,21900456,3PT,made,0,37
124,1631197,21900456,3PT,made,0,30
125,1631197,21900456,2PT,missed,0,48
126,1642382,21900456,3PT,made,3,21
127,1642382,21900456,2PT,made,6,14
128,1642382,21900456,3PT,made,5,41
129,1630695,21900456,2PT,made,11,38
130,1630695,21900456,2PT,made,4,5
131,1630695,21900456,FT,missed,9,55
132,1642385,21900456,FT,made,9,28
133,1642385,21900456,2PT,made,0,13
134,1642385,21900456,FT,made,4,29
135,1630165,21900456,2PT,missed,11,3
136,1630165,21900456,FT,missed,7,58
137,1630165,21900456,FT,made,7,46
138,1630165,21900456,FT,made,1,38
139,1629675,21900456,2PT,made,1,28
140,1629675,21900456,2PT,made,0,10
141,1629675,21900456,FT,made,10,45
142,203084,21900456,2PT,missed,10,4
143,203084,21900456,3PT,made,7,18
144,203084,21900456,2PT,missed,10,37
145,203084,21900456,FT,made,6,5
146,203084,21900456,2PT,missed,8,2
147,1629130,21900456,2PT,made,10,46
148,1629130,21900456,2PT,missed,6,9
149,1629130,21900456,3PT,missed,4,53
150,1627814,21900456,2PT,made,11,35
151,1627814,21900456,FT,made,2,8
152,1627814,21900456,FT,missed,3,30
153,1627759,22000443,FT,missed,0,6
154,1627759,22000443,FT,made,1,33
155,1627759,22000443,2PT,made,10,58
156,1627759,22000443,3PT,missed,10,31
157,1630208,22000443,FT,missed,6,30
158,1630208,22000443,3PT,made,8,36
159,1630208,22000443,FT,missed,1,49
160,1630208,22000443,3PT,missed,4,25
161,1630208,22000443,FT,missed,1,12
162,1630557,22000443,FT,missed,1,34
163,1630557,22000443,FT,made,6,23
164,1630557,22000443,3PT,made,6,11
165,1630557,22000443,FT,missed,10,43
166,1631243,22000443,3PT,made,2,22
167,1631243,22000443,3PT,made,8,39
168,1631243,22000443,3PT,made,10,31
169,1631243,22000443,2PT,made,10,14
170,1631243,22000443,3PT,made,3,9
171,1627742,22000443,FT,missed,2,35
172,1627742,22000443,2PT,missed,10,51
173,1627742,22000443,2PT,made,3,51
174,1627742,22000443,2PT,made,3,29
175,1627742,22000443,2PT,missed,8,0
176,1641712,22000443,3PT,made,9,54
177,1641712,22000443,FT,missed,6,22
178,1641712,22000443,FT,missed,11,47
179,1641712,22000443,3PT,made,0,49
180,1641712,22000443,FT,made,1,28
181,1642259,22000443,3PT,missed,1,40
182,1629634,22000443,3PT,made,7,3
183,1629634,22000443,3PT,made,1,21
184,1629634,22000443,3PT,made,5,34
185,203957,22000443,FT,missed,2,52
186,203957,22000443,3PT,missed,4,47
187,1641810,22000443,3PT,made,9,26
188,1641810,22000443,3PT,missed,10,51
189,1641810,22000443,2PT,missed,9,40
190,1641810,22000443,FT,made,3,49
191,1641810,22000443,2PT,made,8,39
192,201950,22100961,2PT,made,2,45
193,201950,22100961,2PT,made,10,23
194,201950,22100961,FT,missed,10,9
195,201950,22100961,FT,missed,1,39
196,1630228,22100961,FT,made,2,41
197,1630228,22100961,3PT,made,9,58
198,1630228,22100961,2PT,missed,1,36
199,1631103,22100961,2PT,made,4,59
200,1629674,22100961,3PT,missed,8,14
201,1629674,22100961,FT,made,4,59
202,1629674,22100961,FT,missed,10,48
203,203999,22100961,3PT,made,5,9
204,203999,22100961,2PT,made,7,11
205,203999,22100961,3PT,missed,5,58
206,203999,22100961,2PT,missed,6,59
207,1642278,22100961,3PT,made,1,37
208,1642278,22100961,3PT,made,1,9
209,1642278,22100961,FT,made,4,56
210,1642278,22100961,2PT,missed,2,20
211,203954,22100961,2PT,missed,1,51
212,203954,22100961,FT,missed,8,36
213,203954,22100961,3PT,missed,8,5
214,203954,22100961,3PT,made,4,45
215,1630166,22100961,3PT,made,10,21
216,1630618,22100961,2PT,made,0,3
217,1630618,22100961,3PT,missed,1,5
218,1630618,22100961,3PT,missed,7,2
219,1630618,22100961,FT,made,1,27
220,1641815,22100961,3PT,missed,8,9
221,1641815,22100961,3PT,made,9,51
222,1641815,22100961,2PT,missed,11,39
223,1641815,22100961,2PT,missed,11,54
224,1641815,22100961,FT,made,2,23
225,1629630,22200291,FT,missed,8,40
226,1629630,22200291,3PT,missed,10,26
227,1629630,22200291,FT,missed,3,13
228,1629630,22200291,3PT,missed,3,36
229,204456,22200291,3PT,made,4,6
230,1631303,22200291,3PT,missed,2,22
231,1631303,22200291,FT,missed,11,26
232,1631303,22200291,FT,made,5,12
233,1626204,22200291,3PT,made,10,20
234,1626204,22200291,3PT,made,3,15
235,1626204,22200291,FT,missed,4,42
236,1626204,22200291,2PT,missed,6,40
237,1641733,22200291,2PT,missed,3,29
238,1629674,22200291,FT,missed,8,20
239,1627741,22200291,2PT,missed,11,26
240,1627741,22200291,FT,made,6,50
241,1628978,22200291,2PT,missed,10,50
242,1628978,22200291,2PT,made,4,21
243,1628975,22200291,2PT,made,1,44
244,1628975,22200291,2PT,made,0,40
245,1628975,22200291,2PT,made,4,28
246,1629622,22200291,3PT,missed,5,28
247,1629622,22200291,3PT,made,0,26
248,1629622,22200291,2PT,missed,9,30
249,1629622,22200291,2PT,missed,11,32
250,1629622,22200291,FT,missed,4,31
251,1629673,22200883,3PT,missed,9,3
252,1629673,22200883,FT,missed,4,45
253,1629673,22200883,FT,made,2,1
254,1629673,22200883,2PT,made,7,57
255,1627734,22200883,FT,made,1,1
256,1627734,22200883,2PT,missed,11,29
257,1627734,22200883,2PT,made,9,41
258,1627734,22200883,3PT,made,2,50
259,1627734,22200883,2PT,missed,1,7
260,1642273,22200883,FT,made,0,39
261,1642273,22200883,3PT,missed,10,59
262,1642273,22200883,3PT,missed,3,50
263,1631245,22200883,FT,missed,9,58
264,1631245,22200883,3PT,made,3,50
265,1631245,22200883,FT,missed,4,29
266,1631246,22200883,2PT,made,0,13
267,1631246,22200883,2PT,made,9,53
268,1631246,22200883,3PT,made,9,10
269,1631246,22200883,FT,made,3,29
270,1631246,22200883,3PT,made,3,7
271,1630695,22200883,2PT,missed,2,23
272,1630695,22200883,2PT,made,2,13
273,1631216,22200883,2PT,made,1,15
274,1631216,22200883,FT,missed,3,8
275,1631216,22200883,3PT,made,2,52
276,1631216,22200883,3PT,made,8,16
277,1627749,22200883,2PT,made,9,38
278,1629630,22200883,2PT,missed,1,24
279,1642419,22200883,3PT,missed,2,17
280,1642419,22200883,FT,missed,6,53
281,1642419,22200883,2PT,made,0,7
282,1642419,22200883,3PT,made,0,13
283,1642419,22200883,FT,made,4,38
284,1629130,21900416,2PT,made,4,16
285,1629130,21900416,FT,missed,11,53
286,1629130,21900416,FT,made,1,56
287,1629130,21900416,2PT,made,5,10
288,1630553,21900416,FT,made,8,6
289,1630553,21900416,FT,missed,10,8
290,1630553,21900416,FT,made,5,51
291,1630553,21900416,3PT,made,0,44
292,203994,21900416,FT,missed,2,21
293,203994,21900416,3PT,missed,2,52
294,1642502,21900416,FT,made,0,41
295,203468,21900416,FT,missed,10,30
296,1631255,21900416,3PT,made,1,38
297,1631255,21900416,FT,made,3,46
298,1631255,21900416,FT,made,2,52
299,1631255,21900416,2PT,missed,0,46
300,1631255,21900416,2PT,made,9,36
301,1631099,21900416,FT,missed,6,56
302,203484,21900416,FT,made,3,57
303,203484,21900416,2PT,made,10,46
304,203484,21900416,3PT,made,1,55
305,203484,21900416,3PT,made,3,37
306,203484,21900416,FT,made,9,51
307,1642367,21900416,3PT,made,8,27
308,1642367,21900416,FT,made,9,10
309,1642367,21900416,FT,made,0,53
310,1628408,21900416,2PT,made,0,15
311,1628408,21900416,2PT,missed,6,25
312,1628408,21900416,2PT,missed,11,30
313,1628408,21900416,FT,made,7,53
314,1628408,21900416,FT,missed,4,54
315,1628401,22000077,2PT,made,0,33
316,1628401,22000077,3PT,missed,7,38
317,1628401,22000077,2PT,missed,11,19
318,1630168,22000077,2PT,missed,4,47
319,1626157,22000077,2PT,made,0,55
320,1626157,22000077,FT,made,1,32
321,1629640,22000077,3PT,made,7,42
322,1642285,22000077,3PT,made,5,53
323,1642285,22000077,3PT,made,8,54
324,1642285,22000077,2PT,made,11,33
325,1642285,22000077,2PT,made,5,28
326,203914,22000077,FT,made,10,7
327,203914,22000077,3PT,made,6,5
328,203914,22000077,FT,missed,11,10
329,203914,22000077,3PT,made,2,36
330,203914,22000077,3PT,missed,5,0
331,1630583,22000077,FT,missed,6,58
332,1630583,22000077,FT,missed,11,53
333,202709,22000077,2PT,made,8,36
334,1631209,22000077,3PT,made,6,55
335,1631209,22000077,2PT,missed,5,41
336,1631209,22000077,3PT,made,3,18
337,1631209,22000077,3PT,made,1,45
338,204060,22000077,3PT,made,10,44
339,204060,22000077,3PT,missed,5,47
340,1628380,21900313,3PT,missed,4,49
341,1628380,21900313,FT,missed,10,52
342,1628380,21900313,2PT,made,6,2
343,1628380,21900313,FT,made,3,38
344,1628380,21900313,3PT,missed,8,36
345,203944,21900313,3PT,made,5,51
346,203944,21900313,2PT,made,8,15
347,203944,21900313,2PT,missed,0,29
348,1630296,21900313,3PT,missed,3,27
349,1641740,21900313,3PT,made,5,30
350,1630256,21900313,2PT,missed,0,47
351,1630256,21900313,FT,made,1,18
352,1630245,21900313,FT,missed,9,35
353,1630245,21900313,FT,made,4,11
354,1630245,21900313,FT,made,7,13
355,1630245,21900313,FT,made,1,36
356,1641745,21900313,3PT,missed,9,3
357,1641745,21900313,FT,made,2,38
358,1641745,21900313,3PT,made,1,47
359,1641745,21900313,2PT,missed,8,41
360,1629012,21900313,2PT,missed,6,19
361,1629012,21900313,2PT,missed,1,41
362,1629012,21900313,3PT,made,2,38
363,1629012,21900313,3PT,missed,6,46
364,1629012,21900313,3PT,missed,7,36
365,203109,21900313,3PT,made,0,13
366,203109,21900313,FT,made,6,49
367,203109,21900313,2PT,missed,11,9
368,203109,21900313,2PT,made,9,2
369,203109,21900313,3PT,made,7,18
370,1641787,21900313,FT,missed,1,0
371,1641787,21900313,2PT,missed,4,49
372,1641787,21900313,2PT,missed,4,29
373,1641787,21900313,FT,missed,8,4
374,1626153,22300531,2PT,made,2,59
375,1626153,22300531,2PT,missed,1,19
376,1626153,22300531,2PT,missed,6,49
377,1626153,22300531,3PT,made,0,59
378,1626153,22300531,FT,made,5,30
379,1641783,22300531,FT,missed,7,41
380,1641783,22300531,3PT,made,1,50
381,1641783,22300531,FT,made,10,30
382,1641783,22300531,2PT,missed,4,53
383,1641783,22300531,2PT,missed,8,58
384,203083,22300531,FT,missed,10,36
385,203083,22300531,FT,missed,8,41
386,203083,22300531,FT,made,6,37
387,203083,22300531,2PT,made,9,45
388,1627759,22300531,FT,missed,3,1
389,1627759,22300531,FT,missed,7,28
390,1627759,22300531,2PT,made,8,41
391,1627759,22300531,2PT,missed,10,8
392,1642434,22300531,FT,made,5,22
393,1627777,22300531,2PT,made,3,25
394,203999,22300531,FT,missed,8,7
395,203999,22300531,3PT,made,10,33
396,1630543,22300531,2PT,made,0,31
397,1642389,22300531,FT,made,7,44
398,1641718,22300531,2PT,made,3,42
399,1629750,22000241,3PT,made,8,59
400,1629750,22000241,2PT,made,0,22
401,1629750,22000241,FT,made,10,48
402,1629750,22000241,3PT,missed,1,58
403,1629629,22000241,3PT,missed,2,34
404,1629629,22000241,2PT,made,4,8
405,1641707,22000241,FT,missed,11,35
406,1641707,22000241,3PT,missed,0,51
407,1641707,22000241,3PT,missed,11,47
408,1641707,22000241,3PT,missed,8,13
409,1631306,22000241,3PT,missed,7,24
410,1626166,22000241,3PT,missed,7,57
411,1626166,22000241,3PT,missed,0,3
412,1626166,22000241,FT,missed,2,2
413,1626166,22000241,FT,made,1,23
414,1626166,22000241,3PT,missed,3,40
415,1629643,22000241,FT,missed,5,37
416,1629643,22000241,2PT,missed,7,19
417,1629643,22000241,FT,missed,1,22
418,1629643,22000241,3PT,made,11,41
419,1629643,22000241,3PT,missed,1,15
420,1630527,22000241,FT,made,11,32
421,1630215,22000241,FT,missed,0,55
422,1630215,22000241,2PT,missed,0,16
423,1630215,22000241,2PT,missed,2,45
424,1630215,22000241,2PT,made,4,7
425,1630215,22000241,2PT,made,4,12
426,1641731,22000241,FT,made,4,10
427,1641731,22000241,3PT,made,6,7
428,1641731,22000241,3PT,made,11,31
429,1641731,22000241,FT,made,1,11
430,1641731,22000241,FT,made,11,36
431,1641747,22000241,2PT,missed,1,2
432,1627832,21900374,2PT,made,10,42
433,1627832,21900374,FT,missed,0,45
434,1641764,21900374,2PT,missed,8,52
435,1641764,21900374,FT,made,7,39
436,1641764,21900374,3PT,made,9,53
437,1629628,21900374,2PT,missed,0,17
438,1629628,21900374,FT,made,10,8
439,1629628,21900374,FT,made,7,59
440,1629628,21900374,FT,made,11,54
441,1629628,21900374,2PT,made,8,24
442,1641757,21900374,FT,made,11,38
443,1641757,21900374,FT,made,9,0
444,1641757,21900374,FT,made,10,58
445,1641757,21900374,3PT,missed,7,48
446,1626179,21900374,2PT,missed,10,59
447,1631111,21900374,3PT,missed,8,10
448,1631111,21900374,2PT,missed,5,20
449,1631111,21900374,2PT,missed,3,45
450,1631111,21900374,3PT,made,10,43
451,1630165,21900374,3PT,missed,9,47
452,1630165,21900374,FT,missed,6,36
453,1630165,21900374,FT,missed,9,53
454,1630165,21900374,FT,made,3,17
455,1630165,21900374,2PT,made,3,3
456,1641739,21900374,2PT,missed,10,56
457,1641739,21900374,FT,missed,9,25
458,1641739,21900374,3PT,made,6,32
459,1641739,21900374,2PT,missed,6,9
460,1641739,21900374,3PT,missed,9,37
461,203937,21900374,2PT,missed,1,23
462,203937,21900374,2PT,made,1,48
463,203501,21900374,3PT,made,0,25
464,203501,21900374,2PT,made,1,31
465,1631311,22101151,FT,missed,4,48
466,1641854,22101151,FT,made,10,3
467,1641854,22101151,3PT,made,11,45
468,1628404,22101151,FT,missed,6,33
469,1628404,22101151,2PT,missed,6,20
470,1630591,22101151,3PT,missed,11,9
471,1642379,22101151,3PT,made,8,22
472,1642379,22101151,FT,made,7,21
473,203482,22101151,2PT,missed,2,28
474,1631321,22101151,3PT,made,8,51
475,1631321,22101151,FT,made,1,15
476,1631321,22101151,FT,missed,6,6
477,1631321,22101151,2PT,missed,6,17
478,1631321,22101151,FT,made,3,25
479,1630322,22101151,FT,made,9,0
480,1631323,22101151,2PT,missed,5,14
481,1630581,22101151,2PT,made,5,17
482,1630581,22101151,3PT,made,8,3
483,1630581,22101151,3PT,missed,7,51
484,1629750,22201030,3PT,missed,0,44
485,1629750,22201030,3PT,missed,9,3
486,1629750,22201030,3PT,missed,6,30
487,201959,22201030,2PT,missed,5,5
488,201959,22201030,FT,missed,7,31
489,201959,22201030,2PT,missed,11,53
490,201959,22201030,FT,made,11,38
491,201959,22201030,2PT,made,9,3
492,201599,22201030,2PT,missed,7,44
493,1641787,22201030,3PT,missed,0,31
494,1641787,22201030,FT,made,0,14
495,1641787,22201030,3PT,missed,6,18
496,1641787,22201030,3PT,missed,1,41
497,1641787,22201030,3PT,made,1,49
498,1629637,22201030,2PT,missed,7,3
499,201142,22201030,3PT,made,9,14
500,201142,22201030,2PT,missed,0,24
501,1642268,22201030,3PT,missed,5,19
502,1642268,22201030,FT,made,8,50
503,1642268,22201030,3PT,made,0,34
504,1642268,22201030,2PT,missed,1,47
505,203992,22201030,2PT,made,5,51
506,203992,22201030,3PT,missed,7,5
507,203992,22201030,2PT,made,1,31
508,203992,22201030,FT,missed,8,1
509,1641779,22201030,2PT,made,5,48
510,1641779,22201030,2PT,missed,7,29
511,1641779,22201030,3PT,made,9,56
512,1641779,22201030,3PT,made,9,35
513,1629630,22201030,2PT,made,2,22
514,1629630,22201030,2PT,made,3,28
515,1629630,22201030,2PT,made,11,35
516,1630631,22000181,FT,missed,9,0
517,1630631,22000181,FT,made,1,15
518,1630631,22000181,FT,missed,4,52
519,1642259,22000181,3PT,made,2,45
520,1642262,22000181,3PT,missed,6,41
521,1642262,22000181,2PT,missed,3,45
522,1629674,22000181,3PT,missed,0,29
523,1629674,22000181,3PT,missed,11,47
524,1629674,22000181,2PT,made,2,51
525,1642461,22000181,FT,made,6,28
526,1642461,22000181,2PT,missed,1,12
527,1642461,22000181,2PT,made,8,37
528,1642461,22000181,3PT,made,1,15
529,1642461,22000181,FT,missed,0,56
530,1629006,22000181,FT,missed,9,13
531,1629006,22000181,2PT,missed,2,20
532,1629006,22000181,3PT,made,8,58
533,1629006,22000181,2PT,missed,6,14
534,1627936,22000181,3PT,missed,10,55
535,1627936,22000181,FT,made,9,24
536,1627936,22000181,2PT,missed,11,34
537,1627936,22000181,FT,missed,0,33
538,203507,22000181,2PT,missed,5,24
539,1630591,22000181,3PT,made,8,55
540,1630591,22000181,3PT,made,3,30
541,1630591,22000181,3PT,made,5,49
542,1630591,22000181,FT,made,6,40
543,1630591,22000181,2PT,missed,6,21
544,1630288,22000181,2PT,missed,0,7
545,1630288,22000181,FT,made,9,39
546,1630288,22000181,2PT,missed,3,38
547,1630288,22000181,FT,made,3,2
548,1630288,22000181,FT,made,9,53
549,203083,22200701,2PT,missed,1,36
550,203083,22200701,2PT,made,8,10
551,203083,22200701,FT,made,9,7
552,1631255,22200701,3PT,made,4,18
553,1631255,22200701,3PT,missed,4,38
554,202331,22200701,2PT,missed,5,55
555,202331,22200701,2PT,missed,3,58
556,202331,22200701,3PT,made,11,43
557,202331,22200701,FT,missed,10,56
558,1642281,22200701,2PT,made,1,47
559,1642434,22200701,FT,made,6,1
560,1642434,22200701,FT,made,2,33
561,1642434,22200701,3PT,made,2,31
562,1642434,22200701,2PT,missed,11,12
563,1642434,22200701,FT,missed,2,6
564,1628398,22200701,2PT,missed,1,15
565,1628398,22200701,2PT,made,7,37
566,1628467,22200701,3PT,made,3,45
567,1628467,22200701,3PT,made,8,51
568,1628467,22200701,3PT,made,4,25
569,1628467,22200701,FT,missed,3,44
570,1628467,22200701,3PT,missed,8,25
571,1631169,22200701,FT,made,10,13
572,1631169,22200701,FT,made,5,40
573,1631169,22200701,FT,missed,4,50
574,1631169,22200701,3PT,made,9,31
575,1631169,22200701,3PT,made,4,57
576,1631119,22200701,3PT,made,1,22
577,1631119,22200701,FT,made,4,45
578,1631119,22200701,2PT,missed,1,40
579,1631119,22200701,FT,made,7,24
580,1628971,22200701,FT,missed,11,1
581,1628971,22200701,2PT,made,4,7
582,1628971,22200701,FT,made,3,51
583,1628971,22200701,FT,made,3,35
584,1628971,22200701,3PT,missed,6,58
585,1629018,22200384,3PT,missed,1,36
586,1629018,22200384,FT,missed,2,39
587,1629018,22200384,3PT,missed,2,59
588,1642259,22200384,FT,missed,2,43
589,1642259,22200384,FT,missed,3,34
590,1642259,22200384,3PT,made,10,54
591,1642259,22200384,FT,missed,10,55
592,1629632,22200384,2PT,made,0,55
593,1641725,22200384,FT,missed,5,1
594,1641725,22200384,2PT,made,10,22
595,1641725,22200384,2PT,made,10,43
596,1641725,22200384,3PT,made,5,25
597,1641725,22200384,2PT,made,1,46
598,1627746,22200384,2PT,missed,10,18
599,1627746,22200384,2PT,made,6,25
600,1642275,22200384,2PT,made,11,9
601,1642275,22200384,3PT,missed,2,6
602,1642275,22200384,2PT,missed,6,26
603,1642275,22200384,3PT,missed,5,17
604,1642275,22200384,3PT,made,10,26
605,201935,22200384,FT,made,11,42
606,203914,22200384,3PT,made,6,4
607,1642382,22200384,3PT,made,9,33
608,1642434,22200384,FT,missed,6,36
609,1642434,22200384,2PT,made,9,41
610,1642434,22200384,FT,made,3,12
611,1642434,22200384,3PT,made,11,0
612,1630322,21900800,FT,made,5,19
613,1630322,21900800,2PT,missed,9,50
614,1630322,21900800,2PT,made,4,44
615,1630322,21900800,FT,missed,4,39
616,1630322,21900800,3PT,made,9,42
617,1642281,21900800,2PT,made,6,23
618,1630559,21900800,FT,made,6,45
619,1630559,21900800,3PT,made,4,17
620,203458,21900800,3PT,made,3,14
621,203458,21900800,FT,made,6,38
622,203458,21900800,3PT,missed,6,59
623,1629622,21900800,2PT,made,3,52
624,1629622,21900800,3PT,missed,10,8
625,1629622,21900800,3PT,made,11,32
626,1629622,21900800,FT,missed,11,45
627,1629622,21900800,2PT,missed,1,12
628,1641738,21900800,3PT,made,0,0
629,1641738,21900800,2PT,missed,7,35
630,1641738,21900800,FT,missed,3,44
631,201939,21900800,3PT,made,1,49
632,1627759,21900800,3PT,missed,3,18
633,1627759,21900800,3PT,missed,4,1
634,1627759,21900800,FT,missed,2,18
635,1627759,21900800,3PT,made,6,8
636,1627759,21900800,3PT,missed,3,36
637,203081,21900800,2PT,made,3,12
638,203081,21900800,3PT,missed,0,34
639,203081,21900800,FT,missed,8,3
640,203482,21900800,FT,made,9,56
641,203482,21900800,FT,made,7,16
642,203482,21900800,3PT,made,6,22
643,1642274,22000570,2PT,missed,2,35
644,1642274,22000570,3PT,made,9,17
645,1630559,22000570,3PT,made,4,9
646,1630559,22000570,FT,made,3,38
647,1629006,22000570,FT,missed,6,21
648,1629006,22000570,FT,missed,0,4
649,1629006,22000570,FT,missed,4,41
650,1629008,22000570,3PT,made,9,46
651,1627734,22000570,3PT,missed,4,20
652,1641790,22000570,2PT,made,10,41
653,1641790,22000570,3PT,missed,0,50
654,1641790,22000570,3PT,made,1,14
655,1631117,22000570,2PT,made,4,2
656,1631117,22000570,FT,made,8,34
657,1631117,22000570,3PT,made,4,25
658,1631117,22000570,3PT,made,9,45
659,203952,22000570,3PT,missed,10,22
660,203952,22000570,3PT,missed,10,38
661,1629014,22000570,3PT,made,5,19
662,1641810,22000570,3PT,missed,3,18
663,1641810,22000570,2PT,made,5,23
664,1641810,22000570,3PT,made,4,11
665,1630551,22200409,3PT,made,6,5
666,1630551,22200409,3PT,made,4,14
667,1630551,22200409,FT,made,9,57
668,1630551,22200409,FT,made,2,55
669,1630545,22200409,FT,missed,2,39
670,1630545,22200409,3PT,missed,5,24
671,1630545,22200409,FT,made,6,23
672,1630545,22200409,3PT,missed,10,7
673,1630545,22200409,FT,missed,11,58
674,1631123,22200409,2PT,made,10,22
675,1631123,22200409,FT,made,1,47
676,1631123,22200409,FT,missed,5,42
677,1641767,22200409,2PT,missed,5,53
678,1641767,22200409,2PT,made,5,44
679,1641767,22200409,FT,made,8,25
680,1641767,22200409,FT,made,10,0
681,1629631,22200409,3PT,missed,6,26
682,1629631,22200409,2PT,missed,11,7
683,1629631,22200409,FT,missed,9,43
684,1629013,22200409,FT,made,4,18
685,1629013,22200409,3PT,made,6,5
686,1629013,22200409,2PT,made,10,1
687,1641747,22200409,2PT,missed,6,50
688,1641747,22200409,3PT,missed,3,5
689,1641747,22200409,3PT,made,8,40
690,1642274,22200409,FT,made,3,12
691,1642274,22200409,FT,missed,5,12
692,1642274,22200409,2PT,missed,1,44
693,1642274,22200409,3PT,made,6,39
694,1642274,22200409,FT,missed,4,32
695,1628415,22200409,2PT,missed,9,59
696,1628415,22200409,FT,made,0,23
697,1642505,22200409,3PT,made,4,7
698,1642505,22200409,3PT,made,3,46
699,1642505,22200409,3PT,made,0,56
700,1642505,22200409,FT,made,7,38
701,1642505,22200409,FT,missed,1,15
702,1628964,22200574,3PT,missed,2,42
703,1628964,22200574,3PT,made,4,19
704,1628964,22200574,FT,made,1,4
705,1629652,22200574,3PT,missed,5,56
706,1629652,22200574,2PT,made,8,29
707,202693,22200574,FT,missed,7,37
708,202693,22200574,3PT,made,8,23
709,202693,22200574,FT,missed,5,28
710,202693,22200574,FT,made,0,15
711,202693,22200574,FT,made,4,17
712,1630528,22200574,3PT,made,11,0
713,1630528,22200574,FT,missed,5,48
714,1630528,22200574,2PT,made,5,36
715,1630528,22200574,FT,made,3,44
716,1641734,22200574,FT,made,11,27
717,1641734,22200574,FT,missed,7,44
718,1641734,22200574,FT,missed,3,49
719,1642260,22200574,FT,missed,9,16
720,1642260,22200574,3PT,made,9,48
721,1642260,22200574,3PT,made,7,54
722,1641744,22200574,2PT,missed,11,53
723,1641744,22200574,3PT,missed,4,38
724,1630548,22200574,2PT,made,6,59
725,1630548,22200574,FT,missed,1,12
726,1628997,22200574,2PT,missed,10,48
727,1628997,22200574,3PT,missed,2,18
728,1628997,22200574,FT,made,2,35
729,1628997,22200574,3PT,missed,4,14
730,1628997,22200574,2PT,missed,1,22
731,1630217,22200574,3PT,missed,5,46
732,1630217,22200574,FT,missed,9,57
733,1630217,22200574,3PT,made,0,14
734,1630217,22200574,2PT,missed,9,25
735,1630217,22200574,FT,missed,1,18
736,1630591,22200976,3PT,missed,6,55
737,1630591,22200976,3PT,missed,2,45
738,1626192,22200976,3PT,made,4,20
739,1626192,22200976,2PT,missed,11,2
740,1626192,22200976,FT,missed,3,30
741,1631246,22200976,3PT,missed,11,25
742,1631246,22200976,2PT,missed,2,48
743,1630598,22200976,FT,missed,6,37
744,1630598,22200976,3PT,made,0,57
745,1630598,22200976,3PT,made,0,17
746,1627777,22200976,3PT,made,0,37
747,1627777,22200976,FT,missed,0,35
748,1627777,22200976,FT,made,1,34
749,1629673,22200976,3PT,made,7,8
750,1629673,22200976,FT,missed,9,23
751,1629673,22200976,FT,missed,7,28
752,203944,22200976,2PT,missed,11,2
753,203944,22200976,2PT,missed,4,1
754,203944,22200976,FT,made,6,1
755,1628975,22200976,2PT,made,6,50
756,1628975,22200976,3PT,missed,1,30
757,1628975,22200976,3PT,missed,8,8
758,1628975,22200976,3PT,made,7,53
759,1628975,22200976,FT,made,10,12
760,1627824,22200976,3PT,missed,7,59
761,1627824,22200976,2PT,missed,10,8
762,1631165,22200976,FT,made,1,50
763,1631119,22300694,3PT,missed,3,48
764,1627736,22300694,FT,missed,0,41
765,1628470,22300694,2PT,missed,6,48
766,1628470,22300694,3PT,missed,2,37
767,1628470,22300694,2PT,made,11,31
768,1628470,22300694,3PT,made,10,51
769,1627832,22300694,3PT,missed,10,28
770,1641723,22300694,2PT,made,9,53
771,1641723,22300694,3PT,missed,2,7
772,1641725,22300694,FT,missed,11,2
773,1641725,22300694,FT,missed,0,26
774,1641725,22300694,2PT,made,3,28
775,1641725,22300694,FT,made,11,36
776,1641725,22300694,FT,missed,0,50
777,1642379,22300694,3PT,missed,0,31
778,1627749,22300694,2PT,missed,6,12
779,1627749,22300694,FT,missed,2,37
780,1628379,22300694,3PT,missed,7,56
781,1628379,22300694,FT,missed,7,37
782,1628379,22300694,FT,missed,8,15
783,1628379,22300694,3PT,missed,8,6
784,1628379,22300694,FT,made,1,45
785,1641711,22300694,2PT,made,9,41
786,1641711,22300694,2PT,made,11,22
787,1641711,22300694,3PT,missed,2,15
788,1627763,22300445,3PT,missed,5,52
789,1627763,22300445,FT,missed,9,39
790,1627763,22300445,2PT,missed,4,25
791,1630581,22300445,3PT,missed,4,52
792,1630581,22300445,3PT,made,6,56
793,1630581,22300445,FT,made,2,36
794,1630581,22300445,FT,made,2,2
795,1630581,22300445,2PT,missed,7,21
796,1642267,22300445,2PT,missed,3,33
797,1628973,22300445,2PT,missed,3,28
798,1628973,22300445,2PT,missed,10,57
799,1628973,22300445,2PT,made,9,8
800,1628973,22300445,FT,missed,11,26
801,1626145,22300445,2PT,missed,2,8
802,1626145,22300445,FT,missed,6,17
803,1626145,22300445,2PT,made,6,1
804,1626145,22300445,3PT,missed,7,44
805,1626145,22300445,3PT,missed,11,7
806,1641718,22300445,FT,missed,1,39
807,1641718,22300445,FT,missed,10,55
808,1641718,22300445,3PT,made,9,19
809,1641718,22300445,2PT,missed,7,28
810,1641718,22300445,FT,made,6,50
811,1630231,22300445,2PT,missed,0,48
812,1630249,22300445,3PT,made,4,48
813,1630527,22300445,3PT,made,0,52
814,1628970,22300445,3PT,missed,4,46
815,202681,21900740,2PT,made,6,20
816,1630639,21900740,3PT,made,6,25
817,1630639,21900740,3PT,missed,11,46
818,1630639,21900740,2PT,missed,10,44
819,1630639,21900740,3PT,missed,11,25
820,1628408,21900740,2PT,missed,0,34
821,1628408,21900740,2PT,missed,6,41
822,1628408,21900740,3PT,missed,7,54
823,1629628,21900740,2PT,missed,2,20
824,1629628,21900740,FT,missed,3,21
825,1629628,21900740,3PT,missed,8,23
826,1629628,21900740,3PT,made,8,24
827,1641718,21900740,3PT,missed,3,23
828,1641718,21900740,3PT,made,10,57
829,203924,21900740,3PT,made,11,40
830,203924,21900740,FT,missed,7,38
831,1628381,21900740,3PT,made,5,41
832,1628381,21900740,2PT,made,2,5
833,1628381,21900740,3PT,missed,1,8
834,1628381,21900740,3PT,missed,0,23
835,1631210,21900740,2PT,made,0,25
836,1631210,21900740,FT,made,7,2
837,1631210,21900740,2PT,missed,6,43
838,1631210,21900740,3PT,missed,2,10
839,1631210,21900740,2PT,made,5,15
840,1631212,21900740,FT,made,1,26
841,1631212,21900740,FT,missed,4,45
842,1629669,21900740,3PT,missed,2,10
843,1628960,21900260,3PT,made,4,48
844,1628960,21900260,FT,missed,5,23
845,1628969,21900260,FT,missed,4,7
846,1628969,21900260,FT,made,10,24
847,1628969,21900260,FT,missed,1,26
848,1630573,21900260,FT,made,3,16
849,1630573,21900260,2PT,made,3,0
850,1630573,21900260,3PT,missed,5,11
851,1630573,21900260,2PT,missed,2,56
852,1630643,21900260,FT,made,0,19
853,1630643,21900260,3PT,made,8,28
854,1630643,21900260,2PT,missed,5,30
855,1630643,21900260,2PT,made,9,34
856,1642272,21900260,2PT,missed,8,51
857,1629026,21900260,FT,missed,8,25
858,1629026,21900260,FT,missed,6,22
859,1629026,21900260,FT,made,0,20
860,1629026,21900260,FT,made,3,28
861,1629026,21900260,3PT,missed,0,17
862,1629611,21900260,2PT,missed,11,17
863,1629611,21900260,2PT,missed,10,37
864,2544,21900260,2PT,missed,6,59
865,2544,21900260,3PT,missed,0,34
866,2544,21900260,FT,made,6,22
867,2544,21900260,3PT,made,1,48
868,1630283,21900260,2PT,made,3,59
869,1630283,21900260,2PT,missed,0,36
870,1630283,21900260,FT,missed,6,41
871,1630194,21900260,FT,made,8,29
872,1630194,21900260,3PT,made,11,4
873,1642272,22000910,2PT,made,8,12
874,1642272,22000910,2PT,missed,4,39
875,1642272,22000910,2PT,made,0,24
876,1642272,22000910,2PT,made,6,16
877,1641755,22000910,FT,missed,6,8
878,1630559,22000910,2PT,missed,10,44
879,1630559,22000910,FT,made,11,23
880,1631131,22000910,FT,missed,10,33
881,1631131,22000910,FT,missed,5,58
882,1631131,22000910,FT,missed,11,43
883,1631131,22000910,3PT,made,8,10
884,1631131,22000910,3PT,made,0,20
885,1630192,22000910,FT,missed,11,26
886,1630192,22000910,FT,made,1,24
887,101108,22000910,3PT,made,5,23
888,101108,22000910,3PT,missed,4,45
889,101108,22000910,2PT,missed,1,29
890,101108,22000910,FT,missed,2,50
891,101108,22000910,2PT,missed,2,32
892,1628464,22000910,3PT,made,2,27
893,1628464,22000910,3PT,made,11,50
894,1628464,22000910,3PT,made,11,12
895,1628365,22000910,FT,missed,1,59
896,1628365,22000910,3PT,missed,10,36
897,1628365,22000910,2PT,made,6,38
898,1630311,22000910,3PT,made,2,8
899,1630311,22000910,2PT,missed,11,40
900,1630311,22000910,FT,made,5,38
901,1641772,22000910,2PT,made,8,2
902,1641772,22000910,3PT,missed,9,18
903,1641772,22000910,2PT,missed,6,19
904,1641772,22000910,FT,missed,6,58
905,1641772,22000910,3PT,made,7,30
906,1641709,22000784,2PT,made,10,11
907,1641709,22000784,2PT,missed,8,29
908,1641709,22000784,2PT,made,7,43
909,1629660,22000784,3PT,missed,4,53
910,1629660,22000784,3PT,missed,3,16
911,1629660,22000784,3PT,missed,8,13
912,1629660,22000784,FT,made,10,9
913,203486,22000784,FT,made,9,54
914,203486,22000784,2PT,missed,2,39
915,1641752,22000784,2PT,made,9,58
916,1641752,22000784,FT,missed,11,1
917,1641752,22000784,2PT,made,11,45
918,1641752,22000784,2PT,missed,0,43
919,1630314,22000784,3PT,missed,4,12
920,1630314,22000784,3PT,missed,11,21
921,1630314,22000784,3PT,made,4,53
922,1642399,22000784,3PT,made,1,23
923,203109,22000784,FT,missed,0,34
924,203109,22000784,2PT,made,10,45
925,1630578,22000784,3PT,made,0,25
926,1630578,22000784,FT,missed,4,52
927,1630578,22000784,2PT,missed,0,16
928,1630169,22000784,FT,made,0,45
929,1630169,22000784,2PT,missed,3,44
930,203471,22000784,2PT,missed,3,7
931,203471,22000784,2PT,missed,0,33
932,203471,22000784,2PT,made,3,4
933,203471,22000784,FT,made,5,10
934,1626204,21900802,3PT,missed,5,45
935,1626204,21900802,3PT,made,0,25
936,1626204,21900802,2PT,missed,10,48
937,1628978,21900802,3PT,missed,4,43
938,1628978,21900802,3PT,missed,3,15
939,1631115,21900802,2PT,made,11,52
940,1631115,21900802,3PT,missed,5,4
941,1631115,21900802,2PT,missed,3,36
942,1631115,21900802,FT,missed,11,45
943,1642262,21900802,FT,made,4,55
944,1642262,21900802,3PT,missed,5,32
945,1642262,21900802,FT,made,11,44
946,1642262,21900802,2PT,missed,10,17
947,1642262,21900802,2PT,missed,6,10
948,1642274,21900802,FT,made,4,31
949,1642274,21900802,FT,missed,10,6
950,1642402,21900802,2PT,made,0,45
951,1642402,21900802,3PT,made,5,37
952,1628970,21900802,3PT,made,10,31
953,1642439,21900802,FT,missed,8,20
954,1642439,21900802,3PT,missed,2,16
955,1631105,21900802,3PT,missed,10,16
956,203083,21900802,3PT,made,2,44
957,203083,21900802,2PT,missed,7,56
958,203083,21900802,3PT,missed,7,3
959,203083,21900802,2PT,made,1,6
960,203083,21900802,FT,made,1,28
961,1627734,22300709,FT,missed,2,22
962,1627734,22300709,FT,missed,1,55
963,1630170,22300709,FT,missed,10,26
964,1642399,22300709,2PT,made,2,22
965,1642399,22300709,2PT,missed,5,11
966,1642399,22300709,3PT,missed,2,55
967,1630658,22300709,FT,made,1,42
968,1629023,22300709,2PT,missed,5,15
969,1629023,22300709,2PT,missed,7,18
970,1629023,22300709,FT,missed,4,3
971,1629023,22300709,3PT,made,9,51
972,1642422,22300709,2PT,missed,5,39
973,1642422,22300709,3PT,missed,8,50
974,1641842,22300709,2PT,made,2,34
975,1641842,22300709,2PT,made,10,5
976,1641842,22300709,3PT,made,9,15
977,1641767,22300709,FT,made,2,18
978,1641767,22300709,2PT,made,11,35
979,1629628,22300709,2PT,made,8,8
980,1630550,22300709,2PT,made,4,46
981,1630550,22300709,FT,missed,5,34
982,1630550,22300709,FT,made,5,56
983,1630550,22300709,2PT,made,10,39
984,1630550,22300709,3PT,missed,9,19
985,1626143,22200049,3PT,missed,8,39
986,1626143,22200049,2PT,made,9,23
987,1641710,22200049,3PT,missed,11,27
988,1641710,22200049,3PT,made,8,35
989,1641710,22200049,2PT,made,9,38
990,1641710,22200049,FT,missed,2,55
991,1627777,22200049,2PT,made,3,44
992,1627777,22200049,2PT,made,1,0
993,1627777,22200049,3PT,missed,7,33
994,1627777,22200049,3PT,missed,8,40
995,1641809,22200049,FT,made,6,53
996,1641809,22200049,2PT,missed,2,49
997,1641809,22200049,2PT,missed,3,11
998,1641809,22200049,2PT,made,1,38
999,203991,22200049,3PT,made,0,24
1000,203991,22200049,FT,made,11,11
1001,203991,22200049,2PT,missed,5,4
1002,203991,22200049,2PT,missed,2,18
1003,203991,22200049,3PT,missed,10,17
1004,202709,22200049,3PT,missed,4,29
1005,202709,22200049,FT,missed,6,53
1006,202709,22200049,FT,missed,2,50
1007,202709,22200049,FT,missed,6,6
1008,1642402,22200049,3PT,made,7,24
1009,1642402,22200049,3PT,made,11,51
1010,1642402,22200049,2PT,missed,8,8
1011,1642402,22200049,3PT,made,3,0
1012,1642402,22200049,FT,made,4,8
1013,1627736,22200049,3PT,missed,6,16
1014,1627736,22200049,3PT,missed,0,52
1015,1630549,22200049,2PT,made,1,18
1016,1642024,22200049,FT,made,1,19
1017,1642024,22200049,FT,missed,3,58
1018,1631232,22300566,3PT,missed,11,2
1019,1629006,22300566,2PT,missed,4,57
1020,1629006,22300566,3PT,made,2,28
1021,1630526,22300566,3PT,made,6,44
1022,1641725,22300566,2PT,made,8,15
1023,1641725,22300566,2PT,missed,8,33
1024,1641725,22300566,FT,made,2,12
1025,1630559,22300566,FT,missed,0,36
1026,1630559,22300566,2PT,made,10,47
1027,1630559,22300566,FT,made,7,33
1028,1630559,22300566,3PT,made,11,2
1029,1641737,22300566,3PT,missed,10,3
1030,1641737,22300566,FT,missed,8,51
1031,1641989,22300566,3PT,missed,4,27
1032,1641989,22300566,3PT,made,4,31
1033,1641989,22300566,FT,missed,2,29
1034,1641989,22300566,3PT,missed,6,47
1035,1641989,22300566,2PT,made,4,6
1036,1630208,22300566,FT,missed,8,42
1037,1630550,22300566,3PT,missed,11,33
1038,1630550,22300566,FT,missed,3,17
1039,1630550,22300566,FT,made,8,54
1040,1630550,22300566,2PT,made,2,44
1041,1630553,22300566,2PT,made,4,46
1042,1630553,22300566,FT,made,10,43
1043,1630553,22300566,2PT,made,9,14
1044,1642348,21900602,3PT,made,4,32
1045,1642348,21900602,2PT,missed,7,2
1046,1642348,21900602,2PT,missed,3,25
1047,1642348,21900602,3PT,made,5,51
1048,1629003,21900602,FT,made,0,9
1049,1629003,21900602,3PT,made,4,48
1050,1629003,21900602,FT,made,9,34
1051,1629003,21900602,FT,missed,7,38
1052,1631106,21900602,3PT,made,9,41
1053,1631106,21900602,2PT,made,11,23
1054,1641766,21900602,FT,missed,9,52
1055,1641766,21900602,2PT,missed,8,34
1056,1630527,21900602,2PT,missed,7,39
1057,1630527,21900602,FT,made,9,53
1058,1626143,21900602,3PT,missed,10,40
1059,1626143,21900602,3PT,made,2,29
1060,1626143,21900602,3PT,missed,11,26
1061,1629028,21900602,3PT,made,9,23
1062,1629028,21900602,3PT,made,7,16
1063,1642279,21900602,2PT,made,1,4
1064,1642285,21900602,FT,made,7,29
1065,203458,21900602,3PT,made,11,45
1066,203458,21900602,3PT,missed,8,26
1067,203458,21900602,FT,made,9,5
1068,203458,21900602,FT,missed,11,41
1069,1641794,22000305,3PT,made,10,4
1070,1641794,22000305,3PT,missed,0,51
1071,1627746,22000305,3PT,made,10,53
1072,1627746,22000305,FT,missed,10,21
1073,1631212,22000305,2PT,made,1,41
1074,1631212,22000305,FT,made,5,58
1075,1628420,22000305,2PT,missed,4,28
1076,1630228,22000305,2PT,missed,10,53
1077,1630228,22000305,3PT,made,4,8
1078,1630228,22000305,FT,missed,4,8
1079,1630228,22000305,3PT,made,8,3
1080,1630228,22000305,FT,missed,7,0
1081,1642273,22000305,2PT,made,2,30
1082,1642419,22000305,FT,made,4,17
1083,1642419,22000305,3PT,made,1,23
1084,1642419,22000305,FT,made,10,46
1085,1631216,22000305,FT,missed,11,53
1086,1631216,22000305,FT,missed,8,58
1087,1631216,22000305,3PT,made,5,53
1088,202696,22000305,3PT,missed,8,10
1089,202696,22000305,2PT,missed,4,12
1090,202696,22000305,3PT,made,4,50
1091,1626158,22000305,2PT,missed,1,25
1092,1626158,22000305,FT,made,4,4
1093,1630604,22201216,2PT,missed,8,13
1094,1630604,22201216,FT,missed,6,51
1095,1630604,22201216,FT,made,10,27
1096,1630604,22201216,FT,missed,0,42
1097,1641717,22201216,FT,missed,5,41
1098,1631094,22201216,FT,missed,5,35
1099,1630703,22201216,3PT,missed,5,30
1100,203081,22201216,2PT,made,2,56
1101,1629234,22201216,3PT,missed,1,6
1102,1629234,22201216,3PT,missed,2,54
1103,1641709,22201216,3PT,made,6,49
1104,1641709,22201216,3PT,made,10,9
1105,1641709,22201216,3PT,missed,3,22
1106,203991,22201216,2PT,missed,7,43
1107,203991,22201216,FT,made,2,1
1108,203991,22201216,FT,missed,7,31
1109,203991,22201216,FT,missed,0,4
1110,203991,22201216,3PT,missed,6,31
1111,1630567,22201216,2PT,made,6,36
1112,1630567,22201216,FT,made,6,7
1113,1630567,22201216,3PT,missed,5,8
1114,1630567,22201216,FT,made,4,25
1115,1641724,22201216,2PT,made,10,41
1116,1641724,22201216,FT,made,7,10
1117,203507,22100636,FT,made,11,4
1118,203078,22100636,FT,missed,2,55
1119,202709,22100636,3PT,made,9,24
1120,1642385,22100636,3PT,made,9,57
1121,1642385,22100636,2PT,missed,9,56
1122,1642385,22100636,2PT,made,0,44
1123,1642385,22100636,3PT,missed,1,26
1124,1642385,22100636,2PT,missed,2,59
1125,1631109,22100636,FT,missed,7,32
1126,1631109,22100636,3PT,made,10,1
1127,1631109,22100636,FT,missed,5,13
1128,1631109,22100636,2PT,missed,8,28
1129,1631109,22100636,FT,made,3,19
1130,1641736,22100636,FT,made,8,8
1131,1641736,22100636,FT,missed,11,12
1132,1641736,22100636,2PT,missed,8,42
1133,1641736,22100636,3PT,made,0,32
1134,1641736,22100636,3PT,made,4,26
1135,1631115,22100636,FT,missed,10,23
1136,1631115,22100636,3PT,missed,6,1
1137,1631115,22100636,2PT,made,6,2
1138,1631115,22100636,2PT,missed,0,44
1139,1631115,22100636,2PT,made,8,31
1140,1641726,22100636,2PT,made,11,39
1141,1630544,22100636,3PT,made,2,51
1142,203486,22100636,2PT,missed,2,21
1143,203486,22100636,2PT,made,10,3
1144,203486,22100636,FT,made,11,57
1145,203486,22100636,FT,missed,5,39
1146,1630558,22200973,FT,made,9,5
1147,1630558,22200973,2PT,missed,6,18
1148,1630558,22200973,FT,made,3,31
1149,1630558,22200973,3PT,made,2,10
1150,1630558,22200973,2PT,made,6,8
1151,1630166,22200973,FT,made,2,30
1152,1630166,22200973,3PT,missed,9,12
1153,1630166,22200973,3PT,missed,0,50
1154,1630166,22200973,2PT,made,10,33
1155,203078,22200973,FT,made,0,58
1156,203078,22200973,3PT,made,10,19
1157,203078,22200973,2PT,made,6,56
1158,203500,22200973,2PT,made,9,50
1159,203500,22200973,FT,missed,11,1
1160,203500,22200973,FT,missed,9,6
1161,202685,22200973,3PT,made,9,38
1162,202685,22200973,3PT,made,4,42
1163,1631311,22200973,2PT,made,7,2
1164,1631311,22200973,3PT,made,0,23
1165,1631311,22200973,2PT,made,9,3
1166,1629638,22200973,FT,made,3,45
1167,1630526,22200973,FT,made,7,32
1168,203903,22200973,FT,missed,7,39
1169,203903,22200973,FT,made,1,4
1170,203903,22200973,FT,made,0,5
1171,1629021,22200973,3PT,missed,3,18
1172,1629021,22200973,FT,missed,3,40
1173,1641741,22300047,2PT,made,2,22
1174,1641890,22300047,2PT,made,8,10
1175,1641890,22300047,3PT,made,0,19
1176,1641890,22300047,3PT,missed,4,59
1177,1641890,22300047,3PT,missed,9,28
1178,1641890,22300047,FT,made,5,15
1179,1642353,22300047,FT,missed,6,53
1180,1642353,22300047,3PT,missed,5,42
1181,1642353,22300047,3PT,missed,11,19
1182,1642353,22300047,2PT,made,6,14
1183,203939,22300047,2PT,missed,0,21
1184,203939,22300047,3PT,made,2,20
1185,203939,22300047,2PT,missed,7,9
1186,1642385,22300047,2PT,made,3,11
1187,1642385,22300047,FT,made,0,59
1188,1630700,22300047,2PT,missed,4,2
1189,1630644,22300047,2PT,missed,6,48
1190,1630644,22300047,FT,made,2,43
1191,1630644,22300047,3PT,missed,7,45
1192,1630644,22300047,2PT,missed,0,31
1193,1630200,22300047,2PT,made,10,23
1194,1630200,22300047,FT,missed,9,44
1195,1630200,22300047,FT,missed,7,28
1196,1630545,22300047,3PT,made,4,2
1197,1630311,22300047,FT,made,10,14
1198,1630311,22300047,FT,missed,4,8
1199,1630311,22300047,3PT,missed,0,49
1200,1630311,22300047,FT,made,9,7
1201,1630311,22300047,FT,made,10,43
1202,1629004,22000317,3PT,missed,8,0
1203,1629004,22000317,2PT,made,7,7
1204,1629004,22000317,3PT,made,0,18
1205,1629004,22000317,3PT,made,4,39
1206,1629004,22000317,2PT,missed,10,32
1207,1627749,22000317,FT,made,2,55
1208,1628371,22000317,2PT,made,1,14
1209,1628371,22000317,3PT,made,5,1
1210,1628371,22000317,3PT,missed,5,51
1211,1642422,22000317,2PT,made,10,22
1212,1642422,22000317,2PT,made,8,10
1213,1642422,22000317,3PT,missed,7,30
1214,1642422,22000317,3PT,missed,5,32
1215,202685,22000317,2PT,made,7,0
1216,202685,22000317,3PT,missed,4,21
1217,202685,22000317,2PT,missed,0,14
1218,202685,22000317,3PT,made,11,19
1219,203967,22000317,3PT,missed,10,5
1220,203967,22000317,FT,made,8,0
1221,203967,22000317,3PT,made,1,33
1222,203967,22000317,2PT,made,11,34
1223,1627783,22000317,3PT,made,5,24
1224,1627783,22000317,FT,missed,0,43
1225,1627783,22000317,3PT,made,2,2
1226,1627783,22000317,FT,made,2,35
1227,203076,22000317,2PT,made,9,18
1228,203076,22000317,3PT,made,1,13
1229,203076,22000317,FT,missed,6,7
1230,203076,22000317,2PT,missed,3,2
1231,203076,22000317,FT,made,5,3
1232,1642419,22000317,FT,missed,0,13
1233,1642419,22000317,3PT,made,0,43
1234,1642419,22000317,FT,made,5,16
1235,1630245,22000317,2PT,made,6,34
1236,1627746,22300750,2PT,made,10,12
1237,1627746,22300750,3PT,made,9,28
1238,1627746,22300750,2PT,made,0,30
1239,1630578,22300750,FT,made,11,39
1240,1642379,22300750,FT,missed,5,59
1241,1642379,22300750,2PT,missed,11,34
1242,1642379,22300750,FT,made,5,13
1243,1629675,22300750,3PT,made,9,56
1244,1629675,22300750,3PT,made,11,53
1245,1629675,22300750,FT,made,8,27
1246,1629675,22300750,2PT,missed,4,57
1247,1629675,22300750,FT,missed,8,41
1248,1629643,22300750,2PT,made,5,32
1249,1629643,22300750,2PT,missed,0,27
1250,1641720,22300750,2PT,made,7,55
1251,1641720,22300750,2PT,made,4,24
1252,1641720,22300750,FT,missed,3,47
1253,1641720,22300750,3PT,made,3,7
1254,1641720,22300750,3PT,missed,3,55
1255,1630178,22300750,2PT,made,0,47
1256,1630178,22300750,2PT,missed,3,36
1257,1630178,22300750,3PT,missed,3,50
1258,1641733,22300750,3PT,missed,6,0
1259,1630631,22300750,2PT,missed,4,45
1260,1630631,22300750,2PT,made,1,4
1261,1628983,22300750,FT,missed,7,43
1262,1628983,22300750,2PT,made,8,38
1263,1628983,22300750,3PT,missed,6,38
1264,1641810,22000236,3PT,made,11,58
1265,1641810,22000236,2PT,missed,0,2
1266,1630573,22000236,FT,made,8,18
1267,1630573,22000236,2PT,made,3,6
1268,1630573,22000236,FT,missed,11,7
1269,1630170,22000236,2PT,missed,10,45
1270,1630170,22000236,FT,missed,2,15
1271,1628408,22000236,FT,missed,1,6
1272,1628408,22000236,2PT,missed,5,28
1273,1628408,22000236,FT,made,9,9
1274,1628408,22000236,2PT,missed,3,58
1275,203937,22000236,3PT,made,7,5
1276,202710,22000236,3PT,made,2,40
1277,202710,22000236,3PT,missed,11,13
1278,202710,22000236,FT,missed,1,29
1279,202710,22000236,FT,made,9,8
1280,1630182,22000236,2PT,made,8,51
1281,1642280,22000236,2PT,missed,2,58
1282,1642280,22000236,FT,made,7,16
1283,1642280,22000236,FT,made,11,39
1284,1642280,22000236,FT,made,5,29
1285,1642280,22000236,3PT,missed,11,7
1286,1642484,22000236,FT,made,3,30
1287,1642484,22000236,FT,missed,7,46
1288,1629627,22000236,3PT,missed,4,58
1289,1629627,22000236,3PT,made,1,59
1290,1629627,22000236,FT,missed,7,52
1291,1629627,22000236,2PT,made,11,27
1292,1629627,22000236,FT,missed,5,2
1293,1630700,22101124,FT,missed,10,14
1294,1630700,22101124,3PT,missed,4,6
1295,1630700,22101124,3PT,missed,9,35
1296,1630700,22101124,2PT,missed,5,20
1297,1630700,22101124,3PT,missed,9,40
1298,203952,22101124,2PT,missed,10,25
1299,203952,22101124,FT,made,6,0
1300,1630703,22101124,2PT,missed,5,43
1301,1630703,22101124,2PT,missed,3,24
1302,1630703,22101124,FT,made,4,41
1303,1630703,22101124,FT,made,0,33
1304,1630703,22101124,2PT,made,0,2
1305,202696,22101124,FT,missed,6,1
1306,202696,22101124,2PT,made,5,11
1307,202696,22101124,3PT,missed,4,9
1308,202696,22101124,2PT,made,8,8
1309,1627814,22101124,2PT,made,9,45
1310,1627814,22101124,2PT,made,10,26
1311,1629018,22101124,2PT,missed,5,33
1312,1629018,22101124,FT,made,11,26
1313,1629018,22101124,3PT,missed,4,39
1314,1642439,22101124,2PT,missed,7,50
1315,203995,22101124,2PT,made,11,4
1316,203995,22101124,2PT,missed,2,18
1317,203995,22101124,3PT,missed,0,17
1318,1629023,22101124,2PT,made,10,3
1319,1629023,22101124,2PT,missed,1,28
1320,203967,22101124,3PT,missed,6,28
1321,1631127,22300557,3PT,made,11,34
1322,1631127,22300557,2PT,made,1,24
1323,1630249,22300557,FT,missed,10,34
1324,1629023,22300557,2PT,missed,6,5
1325,1631093,22300557,2PT,missed,4,41
1326,1631093,22300557,3PT,made,5,48
1327,1631093,22300557,3PT,made,1,32
1328,1631093,22300557,FT,missed,2,19
1329,1631165,22300557,2PT,missed,8,58
1330,1629008,22300557,FT,missed,0,27
1331,1629008,22300557,FT,missed,11,3
1332,1629008,22300557,3PT,made,5,19
1333,101108,22300557,2PT,missed,1,37
1334,101108,22300557,2PT,missed,3,17
1335,101108,22300557,2PT,made,0,41
1336,101108,22300557,FT,made,8,39
1337,1630695,22300557,2PT,made,1,34
1338,1630695,22300557,2PT,missed,11,36
1339,1630217,22300557,FT,missed,4,13
1340,1630217,22300557,2PT,missed,8,13
1341,1630217,22300557,2PT,missed,2,18
1342,1630217,22300557,3PT,missed,8,59
1343,1641708,22300557,2PT,missed,9,22
1344,1641708,22300557,FT,made,2,54
1345,1641708,22300557,2PT,made,9,38
1346,1630574,22101163,3PT,missed,9,22
1347,1630574,22101163,2PT,missed,10,31
1348,1642348,22101163,FT,missed,6,44
1349,1630702,22101163,2PT,made,11,7
1350,1630702,22101163,FT,made,5,40
1351,1630702,22101163,2PT,made,11,28
1352,1630702,22101163,FT,missed,4,55
1353,1630702,22101163,2PT,missed,4,33
1354,1630573,22101163,3PT,missed,7,5
1355,1630573,22101163,3PT,missed,6,21
1356,1630573,22101163,3PT,made,2,0
1357,1630573,22101163,FT,missed,8,19
1358,1642280,22101163,2PT,made,11,19
1359,1631119,22101163,3PT,missed,9,41
1360,1631119,22101163,2PT,made,8,39
1361,1631119,22101163,2PT,made,3,54
1362,1631097,22101163,3PT,made,2,37
1363,1631097,22101163,3PT,missed,3,12
1364,1631097,22101163,3PT,made,6,54
1365,1631097,22101163,2PT,missed,0,39
1366,1641729,22101163,3PT,missed,1,51
1367,1641729,22101163,2PT,made,6,43
1368,1641729,22101163,2PT,missed,0,34
1369,1630346,22101163,FT,missed,1,48
1370,1630346,22101163,2PT,made,9,52
1371,1630346,22101163,FT,missed,1,24
1372,1630346,22101163,FT,made,3,36
1373,1630346,22101163,2PT,missed,4,36
1374,203552,22101163,3PT,missed,4,21
1375,1628384,22300257,FT,made,0,19
1376,1628384,22300257,2PT,missed,3,58
1377,1628384,22300257,3PT,missed,6,22
1378,1628384,22300257,FT,made,9,2
1379,1628384,22300257,2PT,missed,8,54
1380,1631115,22300257,3PT,missed,4,53
1381,1631115,22300257,2PT,made,7,9
1382,1631115,22300257,3PT,missed,9,37
1383,1630230,22300257,2PT,missed,6,24
1384,1630230,22300257,FT,missed,4,44
1385,1631099,22300257,FT,made,3,24
1386,1631099,22300257,2PT,made,2,35
1387,1631099,22300257,3PT,made,7,45
1388,1631099,22300257,FT,missed,3,49
1389,1631099,22300257,2PT,made,6,48
1390,1626196,22300257,FT,made,11,50
1391,1626196,22300257,3PT,missed,0,1
1392,1626196,22300257,2PT,made,7,19
1393,1626196,22300257,FT,missed,11,23
1394,1626196,22300257,3PT,made,7,29
1395,1642358,22300257,FT,made,9,23
1396,1642358,22300257,FT,made,10,39
1397,1630167,22300257,3PT,made,9,50
1398,1630167,22300257,3PT,missed,6,16
1399,1628368,22300257,3PT,missed,7,5
1400,1628368,22300257,FT,missed,7,2
1401,1628368,22300257,2PT,missed,10,46
1402,1628368,22300257,FT,missed,8,33
1403,1628368,22300257,2PT,missed,0,16
1404,200782,22300257,FT,missed,11,13
1405,200782,22300257,2PT,missed,7,49
1406,1627739,22300257,2PT,missed,7,27
1407,1627739,22300257,3PT,made,5,32
1408,204060,22300119,FT,missed,0,20
1409,204060,22300119,2PT,missed,2,55
1410,204060,22300119,2PT,missed,1,49
1411,1627751,22300119,2PT,made,2,18
1412,1627751,22300119,3PT,made,11,24
1413,1627751,22300119,FT,missed,5,27
1414,1627751,22300119,2PT,made,0,54
1415,1627751,22300119,FT,missed,7,15
1416,1642345,22300119,FT,made,7,6
1417,1642345,22300119,3PT,missed,7,41
1418,1642345,22300119,FT,missed,9,37
1419,1642345,22300119,3PT,made,3,45
1420,1642277,22300119,FT,made,0,37
1421,1642277,22300119,2PT,missed,4,23
1422,1642277,22300119,2PT,missed,3,12
1423,1642277,22300119,3PT,made,11,43
1424,1642277,22300119,2PT,made,3,34
1425,1630198,22300119,2PT,made,0,4
1426,1630198,22300119,FT,missed,8,55
1427,1630198,22300119,2PT,made,7,6
1428,1628449,22300119,3PT,missed,3,19
1429,1628449,22300119,3PT,missed,1,44
1430,2544,22300119,3PT,made,5,17
1431,2544,22300119,FT,made,5,10
1432,2544,22300119,2PT,made,4,2
1433,2544,22300119,3PT,made,9,26
1434,2544,22300119,3PT,missed,8,39
1435,1642358,22300119,3PT,missed,1,18
1436,1642358,22300119,FT,missed,2,57
1437,1642358,22300119,FT,missed,11,41
1438,1642358,22300119,3PT,missed,8,58
1439,1641794,22300119,3PT,made,2,45
1440,1641794,22300119,FT,missed,1,58
1441,1641794,22300119,FT,missed,3,10
1442,1631131,22300119,3PT,made,10,52
1443,1631131,22300119,2PT,missed,1,53
1444,1631131,22300119,3PT,made,4,56
1445,1631131,22300119,2PT,missed,5,3
1446,1641854,21900018,2PT,missed,8,56
1447,1641854,21900018,3PT,made,5,36
1448,1630529,21900018,FT,missed,8,38
1449,1630529,21900018,2PT,missed,4,52
1450,1630529,21900018,FT,made,5,40
1451,1629130,21900018,3PT,missed,11,3
1452,1629130,21900018,2PT,missed,11,14
1453,1629130,21900018,3PT,missed,2,58
1454,1629130,21900018,FT,made,2,53
1455,1629130,21900018,3PT,made,11,17
1456,202696,21900018,FT,made,9,23
1457,202696,21900018,2PT,missed,7,14
1458,202696,21900018,FT,made,6,2
1459,202696,21900018,2PT,made,9,20
1460,202695,21900018,3PT,missed,7,9
1461,202695,21900018,2PT,missed,0,0
1462,202695,21900018,2PT,missed,5,9
1463,202695,21900018,2PT,missed,11,45
1464,203482,21900018,3PT,made,2,10
1465,203482,21900018,3PT,made,10,43
1466,203482,21900018,FT,missed,2,25
1467,203482,21900018,3PT,made,9,25
1468,203482,21900018,2PT,missed,3,52
1469,1630193,21900018,2PT,missed,7,34
1470,1630193,21900018,3PT,made,11,27
1471,1630193,21900018,2PT,missed,7,14
1472,1626167,21900018,3PT,made,5,2
1473,1626167,21900018,2PT,made,7,35
1474,1626167,21900018,2PT,made,6,6
1475,1626167,21900018,FT,missed,9,35
1476,1626167,21900018,3PT,missed,8,10
1477,1628427,21900018,2PT,missed,0,53
1478,1641774,21900018,3PT,missed,10,49
1479,1641774,21900018,FT,missed,3,30
1480,1641774,21900018,3PT,missed,8,42
