player_id,team_id,start_season,end_season
1630173,1610612748,2020,2020
1630173,1610612752,2023,2024
1630173,1610612761,2021,2023
203500,1610612740,2020,2020
203500,1610612745,2024,2024
203500,1610612760,2019,2019
203500,1610612763,2021,2022
1628389,1610612748,2020,2024
1630534,1610612761,2023,2024
1630534,1610612762,2022,2023
1630583,1610612763,2021,2024
1641725,1610612743,2024,2024
1629638,1610612740,2020,2021
1629638,1610612750,2022,2024
1629638,1610612762,2021,2022
1628960,1610612749,2021,2022
1628960,1610612756,2023,2024
1628960,1610612763,2020,2020
1628386,1610612739,2020,2024
1628386,1610612751,2020,2020
1630631,1610612740,2021,2024
203937,1610612744,2024,2024
203937,1610612748,2024,2024
203937,1610612750,2022,2023
203937,1610612763,2020,2021
203507,1610612749,2020,2024
1630175,1610612753,2020,2024
1628384,1610612752,2023,2024
1628384,1610612761,2020,2023
1630166,1610612757,2024,2024
1630166,1610612764,2020,2023
1629028,1610612756,2020,2022
1629028,1610612757,2023,2024
1630542,1610612755,2024,2024
1628963,1610612758,2020,2021
1628963,1610612763,2024,2024
1628963,1610612764,2023,2024
1628963,1610612765,2021,2023
1631116,1610612744,2022,2022
1631116,1610612746,2024,2024
1631116,1610612764,2023,2024
1630163,1610612766,2020,2024
1628366,1610612740,2019,2020
1628366,1610612741,2021,2024
1628366,1610612747,2018,2018
1628964,1610612740,2024,2024
1628964,1610612746,2024,2024
1628964,1610612747,2022,2022
1628964,1610612753,2020,2022
1628964,1610612755,2023,2023
1631094,1610612753,2022,2024
1630217,1610612763,2020,2024
1630625,1610612738,2023,2023
1630625,1610612757,2023,2024
1630625,1610612761,2021,2022
1631230,1610612737,2024,2024
1631230,1610612759,2022,2023
203084,1610612758,2020,2023
203084,1610612759,2024,2024
1630567,1610612761,2021,2024
1629628,1610612752,2020,2023
1629628,1610612761,2023,2024
1629646,1610612755,2021,2021
1629646,1610612759,2022,2024
1641734,1610612739,2023,2024
1642419,1610612761,2024,2024
201587,1610612746,2020,2024
201587,1610612755,2023,2023
1641878,1610612766,2024,2024
203078,1610612756,2023,2024
203078,1610612764,2020,2022
1627736,1610612747,2022,2022
1627736,1610612749,2023,2023
1627736,1610612750,2020,2021
1627736,1610612762,2022,2022
1627736,1610612765,2024,2024
1630699,1610612746,2024,2024
1630699,1610612749,2022,2024
1630699,1610612752,2024,2024
1641736,1610612744,2024,2024
1641736,1610612751,2024,2024
1630180,1610612737,2022,2023
1630180,1610612765,2020,2022
1629048,1610612753,2022,2024
1629048,1610612754,2020,2022
202687,1610612756,2021,2022
202687,1610612759,2024,2024
202687,1610612760,2023,2023
202687,1610612763,2023,2023
202687,1610612766,2020,2020
1641710,1610612753,2023,2024
203992,1610612737,2020,2024
203992,1610612746,2024,2024
1629626,1610612743,2020,2021
1629626,1610612753,2022,2022
1629626,1610612756,2023,2024
1641737,1610612755,2024,2024
1626164,1610612756,2020,2024
1630527,1610612740,2024,2024
1630527,1610612746,2021,2023
1628449,1610612761,2020,2024
1631123,1610612748,2022,2022
1631123,1610612749,2024,2024
1631123,1610612757,2023,2023
1631123,1610612759,2023,2023
1631123,1610612764,2022,2022
1628396,1610612741,2021,2022
1628396,1610612754,2024,2024
1628396,1610612755,2020,2020
1628396,1610612760,2020,2020
1628396,1610612762,2019,2019
1631103,1610612759,2022,2024
1631128,1610612743,2022,2024
1641779,1610612756,2024,2024
1628969,1610612751,2022,2023
1628969,1610612752,2024,2024
1628969,1610612756,2020,2022
1628970,1610612766,2019,2024
1629052,1610612738,2023,2023
1629052,1610612754,2020,2022
1629052,1610612755,2024,2024
1627763,1610612738,2022,2022
1627763,1610612754,2020,2021
1627763,1610612757,2023,2023
1627763,1610612764,2024,2024
1628415,1610612745,2023,2024
1628415,1610612763,2020,2022
1631232,1610612740,2024,2024
1628971,1610612740,2024,2024
1628971,1610612743,2022,2022
1628971,1610612751,2020,2021
1628971,1610612754,2023,2023
1628971,1610612761,2023,2024
1627759,1610612738,2020,2024
1641738,1610612746,2023,2024
1629650,1610612739,2021,2021
1629650,1610612742,2021,2024
1629650,1610612746,2022,2022
1629650,1610612751,2022,2022
1629650,1610612754,2024,2024
1629650,1610612757,2023,2023
1629650,1610612760,2020,2020
1628973,1610612742,2020,2021
1628973,1610612752,2022,2024
1628418,1610612743,2022,2022
1628418,1610612747,2022,2022
1628418,1610612748,2023,2024
1628418,1610612754,2024,2024
1628418,1610612764,2020,2021
1641723,1610612737,2023,2024
202692,1610612748,2024,2024
202692,1610612752,2020,2023
202692,1610612765,2022,2023
1630215,1610612755,2024,2024
1630215,1610612760,2022,2022
1630215,1610612762,2021,2021
1630215,1610612764,2023,2024
202710,1610612744,2024,2024
202710,1610612748,2020,2024
1641824,1610612741,2024,2024
1631288,1610612740,2024,2024
1631288,1610612748,2022,2023
203484,1610612743,2022,2023
203484,1610612747,2020,2020
203484,1610612753,2024,2024
203484,1610612764,2021,2021
1641739,1610612757,2023,2024
203991,1610612737,2020,2024
1642382,1610612760,2024,2024
1642267,1610612764,2024,2024
1642269,1610612758,2024,2024
1628975,1610612741,2023,2024
1628975,1610612749,2021,2022
1628975,1610612751,2021,2021
1628975,1610612756,2020,2020
1628976,1610612741,2020,2020
1628976,1610612753,2020,2024
1630618,1610612761,2023,2024
1627936,1610612741,2021,2023
1627936,1610612747,2020,2020
1627936,1610612760,2024,2024
1642264,1610612759,2024,2024
1630658,1610612747,2023,2023
1630658,1610612755,2024,2024
1630658,1610612761,2024,2024
1630658,1610612763,2024,2024
1630577,1610612755,2022,2022
1630577,1610612759,2022,2024
1630551,1610612738,2022,2022
1630551,1610612761,2021,2022
1630551,1610612764,2023,2024
1642279,1610612761,2024,2024
1642353,1610612746,2024,2024
1631108,1610612742,2024,2024
1631108,1610612747,2022,2024
1630528,1610612745,2021,2022
1630528,1610612748,2024,2024
1631321,1610612757,2024,2024
1631321,1610612759,2023,2024
1641740,1610612750,2024,2024
1629634,1610612763,2020,2024
203903,1610612762,2020,2024
1629651,1610612751,2020,2024
1642270,1610612757,2024,2024
1641730,1610612751,2023,2024
1629599,1610612746,2020,2024
1642268,1610612762,2024,2024
1628381,1610612737,2020,2022
1628381,1610612762,2023,2024
1641879,1610612744,2024,2024
1628380,1610612741,2024,2024
1628380,1610612757,2019,2019
1628380,1610612759,2021,2024
201144,1610612750,2022,2024
201144,1610612762,2020,2022
1626192,1610612749,2020,2024
1641731,1610612764,2023,2024
1641741,1610612755,2023,2024
1628470,1610612738,2024,2024
1628470,1610612741,2023,2024
1628470,1610612749,2020,2020
1628470,1610612754,2021,2021
1628470,1610612756,2020,2022
1642384,1610612758,2024,2024
203109,1610612749,2022,2023
203109,1610612756,2020,2021
203109,1610612758,2024,2024
1630595,1610612765,2021,2024
203552,1610612742,2023,2023
203552,1610612751,2021,2022
203552,1610612755,2020,2021
203552,1610612766,2023,2024
201939,1610612744,2020,2024
1642359,1610612752,2024,2024
1630700,1610612737,2024,2024
1630700,1610612740,2022,2023
1642368,1610612745,2024,2024
203076,1610612742,2024,2024
203076,1610612747,2020,2024
1631098,1610612764,2022,2024
1631120,1610612738,2022,2024
201942,1610612741,2021,2023
201942,1610612758,2024,2024
201942,1610612759,2020,2020
1642484,1610612754,2024,2024
1628978,1610612744,2022,2022
1628978,1610612749,2020,2021
1628978,1610612750,2024,2024
1628978,1610612752,2023,2023
1628978,1610612758,2021,2021
1631217,1610612746,2022,2023
1631217,1610612766,2024,2024
1641711,1610612761,2023,2024
1631172,1610612760,2022,2024
1642265,1610612750,2024,2024
203915,1610612742,2021,2024
203915,1610612747,2023,2023
203915,1610612751,2020,2023
203915,1610612764,2021,2021
1629029,1610612742,2020,2024
1629029,1610612747,2024,2024
1629652,1610612760,2020,2024
1630245,1610612741,2021,2024
1630288,1610612744,2021,2021
1630288,1610612749,2021,2021
1630288,1610612753,2021,2021
1630288,1610612755,2023,2024
1630288,1610612761,2022,2022
1628408,1610612743,2019,2021
1628408,1610612750,2024,2024
1628408,1610612758,2022,2022
203083,1610612739,2020,2020
203083,1610612741,2022,2023
203083,1610612747,2020,2020
203083,1610612751,2021,2021
203083,1610612755,2021,2024
1630537,1610612741,2024,2024
1630537,1610612754,2021,2022
1630537,1610612758,2023,2023
1642505,1610612760,2024,2024
1630561,1610612751,2021,2022
1630561,1610612759,2023,2024
1627739,1610612737,2020,2020
1627739,1610612746,2024,2024
1627739,1610612757,2021,2021
1627739,1610612762,2022,2023
1642346,1610612756,2024,2024
201142,1610612751,2020,2022
201142,1610612756,2022,2024
1631105,1610612765,2022,2024
1631106,1610612745,2022,2024
1641744,1610612763,2024,2024
1630162,1610612750,2020,2024
1642399,1610612750,2024,2024
1642348,1610612755,2024,2024
1630556,1610612742,2024,2024
1630556,1610612751,2021,2022
1630556,1610612758,2022,2023
1631165,1610612758,2022,2024
203954,1610612755,2020,2024
1630623,1610612751,2024,2024
1629234,1610612746,2024,2024
1629234,1610612756,2023,2023
1629234,1610612757,2021,2022
1629234,1610612759,2020,2021
1629234,1610612762,2024,2024
1641787,1610612751,2024,2024
1641787,1610612763,2023,2023
1641787,1610612765,2023,2023
203957,1610612739,2019,2020
203957,1610612742,2023,2024
203957,1610612762,2018,2019
1628981,1610612737,2020,2023
1628981,1610612738,2021,2021
1628981,1610612745,2021,2022
1628981,1610612761,2024,2024
1642271,1610612762,2024,2024
1627827,1610612742,2020,2022
1627827,1610612747,2024,2024
1627827,1610612751,2022,2024
1641745,1610612760,2023,2024
1642280,1610612746,2024,2024
1630201,1610612752,2023,2023
1630201,1610612761,2020,2023
1630201,1610612765,2023,2023
1630201,1610612766,2024,2024
1631323,1610612762,2022,2023
1631323,1610612765,2023,2024
1628368,1610612758,2020,2024
1628368,1610612759,2024,2024
1642402,1610612754,2024,2024
1628365,1610612753,2020,2023
1628365,1610612758,2024,2024
1642277,1610612754,2024,2024
1629655,1610612741,2020,2020
1629655,1610612742,2023,2024
1629655,1610612764,2020,2023
1629636,1610612739,2020,2024
1630585,1610612748,2021,2021
1630585,1610612766,2024,2024
1630568,1610612750,2022,2024
1630568,1610612765,2021,2021
1641718,1610612762,2023,2024
1642273,1610612764,2024,2024
202331,1610612746,2020,2023
202331,1610612755,2024,2024
201959,1610612752,2020,2023
201959,1610612764,2022,2022
201959,1610612765,2023,2023
201959,1610612766,2024,2024
1630581,1610612741,2024,2024
1630581,1610612760,2021,2023
1628983,1610612760,2020,2024
1630264,1610612764,2020,2024
1631221,1610612743,2023,2023
1631221,1610612756,2024,2024
203497,1610612750,2022,2024
203497,1610612762,2020,2021
1630692,1610612747,2024,2024
1630692,1610612756,2023,2023
1630692,1610612763,2023,2023
1630692,1610612764,2021,2022
203932,1610612743,2020,2024
203932,1610612753,2020,2020
201569,1610612745,2020,2022
201569,1610612746,2022,2022
201569,1610612755,2024,2024
201569,1610612756,2023,2023
1641789,1610612742,2024,2024
203924,1610612757,2022,2024
203924,1610612765,2020,2021
1631260,1610612749,2022,2024
203110,1610612744,2020,2024
1630224,1610612745,2021,2024
1629750,1610612738,2020,2020
1629750,1610612739,2024,2024
1629750,1610612740,2024,2024
1629750,1610612741,2020,2023
201145,1610612743,2021,2022
201145,1610612745,2023,2024
201145,1610612751,2020,2020
1630182,1610612742,2020,2023
1630182,1610612766,2024,2024
1629656,1610612742,2024,2024
1629656,1610612752,2021,2023
1629656,1610612755,2024,2024
1629656,1610612765,2023,2023
1631243,1610612737,2023,2024
1629060,1610612747,2022,2024
1629060,1610612764,2020,2022
1630169,1610612754,2021,2024
1630169,1610612758,2020,2021
1641790,1610612743,2024,2024
203501,1610612742,2020,2023
203501,1610612765,2024,2024
201935,1610612745,2020,2020
201935,1610612746,2023,2024
201935,1610612751,2020,2021
201935,1610612755,2021,2022
1630702,1610612742,2022,2024
1641989,1610612762,2024,2024
1631199,1610612761,2022,2023
1631199,1610612765,2024,2024
203914,1610612743,2020,2020
203914,1610612753,2020,2024
202699,1610612755,2020,2023
202699,1610612765,2024,2024
1628404,1610612740,2020,2021
1628404,1610612752,2022,2024
1628404,1610612757,2021,2022
1628392,1610612739,2020,2020
1628392,1610612743,2020,2020
1628392,1610612746,2021,2021
1628392,1610612752,2022,2023
1628392,1610612760,2024,2024
1630573,1610612738,2021,2024
1641722,1610612740,2023,2024
1629637,1610612740,2020,2022
1629637,1610612747,2023,2024
1630165,1610612751,2024,2024
1630165,1610612765,2020,2023
1630703,1610612757,2023,2024
1641707,1610612762,2023,2024
1629639,1610612748,2020,2024
1627741,1610612744,2024,2024
1627741,1610612754,2021,2023
1627741,1610612755,2023,2023
1627741,1610612758,2020,2021
1629312,1610612748,2021,2024
1629312,1610612755,2018,2018
1628988,1610612737,2022,2022
1628988,1610612745,2023,2024
1628988,1610612754,2020,2020
1628988,1610612756,2021,2021
1628988,1610612764,2021,2021
201950,1610612738,2023,2024
201950,1610612749,2020,2022
1641842,1610612765,2024,2024
1626158,1610612742,2023,2023
1626158,1610612758,2020,2022
1626158,1610612764,2023,2024
1631096,1610612760,2023,2024
1641720,1610612747,2023,2024
1641720,1610612755,2024,2024
201143,1610612738,2021,2024
201143,1610612760,2020,2020
1629659,1610612741,2024,2024
1629659,1610612747,2020,2021
1629659,1610612762,2022,2023
1631216,1610612753,2022,2024
1641724,1610612753,2023,2024
1628989,1610612737,2020,2021
1628989,1610612741,2024,2024
1628989,1610612758,2022,2024
1630643,1610612743,2023,2023
1630643,1610612747,2021,2021
1630643,1610612763,2024,2024
1630643,1610612764,2022,2022
1630574,1610612752,2024,2024
1629631,1610612737,2020,2024
1629631,1610612739,2024,2024
1630538,1610612743,2021,2022
1630538,1610612746,2022,2024
1630538,1610612750,2024,2024
1642345,1610612756,2024,2024
204060,1610612749,2022,2022
204060,1610612750,2024,2024
204060,1610612753,2023,2023
204060,1610612762,2020,2021
1627742,1610612740,2020,2024
1631127,1610612759,2024,2024
202681,1610612742,2022,2024
202681,1610612751,2020,2022
1628371,1610612753,2018,2024
1631093,1610612765,2022,2024
1641713,1610612763,2023,2024
1630543,1610612754,2021,2024
1631245,1610612754,2023,2024
1631245,1610612764,2022,2022
202704,1610612743,2022,2023
202704,1610612746,2020,2022
202704,1610612755,2024,2024
1641748,1610612749,2023,2024
1628991,1610612763,2020,2024
1631218,1610612744,2023,2024
1642355,1610612747,2024,2024
2544,1610612747,2020,2024
1631170,1610612748,2023,2024
1629610,1610612745,2020,2020
1629610,1610612752,2023,2023
1629610,1610612758,2019,2020
1629610,1610612763,2021,2021
1629610,1610612766,2024,2024
1641998,1610612740,2024,2024
1641998,1610612747,2024,2024
1641998,1610612763,2023,2023
1641998,1610612764,2023,2023
1642450,1610612765,2024,2024
1629660,1610612739,2023,2024
1629660,1610612744,2022,2022
1629660,1610612760,2020,2021
1630198,1610612755,2020,2021
1630198,1610612760,2022,2024
1642358,1610612749,2024,2024
1642358,1610612764,2024,2024
1629661,1610612751,2022,2024
1629661,1610612756,2020,2022
1630552,1610612737,2021,2024
201949,1610612740,2020,2020
201949,1610612742,2020,2020
201949,1610612751,2021,2021
201949,1610612754,2022,2024
1629640,1610612759,2020,2024
1630553,1610612746,2021,2021
1630553,1610612751,2023,2024
1630553,1610612757,2021,2022
1642352,1610612748,2024,2024
203999,1610612743,2020,2024
1641732,1610612758,2023,2024
1641732,1610612764,2024,2024
1641794,1610612760,2024,2024
1630529,1610612740,2021,2024
1642403,1610612758,2024,2024
1630539,1610612742,2024,2024
1630539,1610612746,2024,2024
1630539,1610612766,2021,2022
1630222,1610612745,2020,2020
1630222,1610612747,2021,2021
1630222,1610612755,2020,2020
1630222,1610612758,2023,2024
1642461,1610612743,2024,2024
1630200,1610612741,2024,2024
1630200,1610612759,2020,2024
1626145,1610612756,2024,2024
1626145,1610612763,2020,2022
1626145,1610612764,2023,2023
1627884,1610612741,2021,2022
1627884,1610612742,2023,2023
1627884,1610612746,2024,2024
1627884,1610612757,2020,2020
201599,1610612743,2022,2024
201599,1610612747,2021,2021
201599,1610612751,2020,2020
201599,1610612755,2021,2021
202709,1610612744,2023,2023
202709,1610612753,2024,2024
202709,1610612758,2020,2020
202709,1610612765,2020,2022
1631107,1610612748,2022,2024
1630548,1610612762,2022,2024
1642530,1610612763,2024,2024
1630283,1610612740,2024,2024
1630283,1610612742,2024,2024
1628379,1610612746,2020,2022
1628379,1610612763,2022,2024
1631117,1610612762,2022,2024
1630296,1610612743,2023,2023
1630296,1610612744,2024,2024
1630296,1610612755,2021,2021
1630296,1610612765,2021,2022
1630557,1610612764,2021,2024
1628467,1610612742,2020,2024
1641752,1610612765,2024,2024
1642261,1610612747,2024,2024
1628995,1610612737,2021,2021
1628995,1610612744,2024,2024
1628995,1610612752,2020,2021
1628995,1610612757,2022,2022
1628995,1610612765,2022,2023
1642278,1610612752,2024,2024
1631132,1610612747,2024,2024
1631132,1610612761,2022,2022
1629723,1610612763,2020,2024
1628436,1610612738,2020,2024
1628436,1610612739,2021,2021
1628436,1610612741,2020,2020
1628436,1610612749,2021,2021
1630249,1610612737,2022,2024
1630249,1610612760,2021,2021
1630228,1610612744,2021,2024
1628398,1610612747,2020,2020
1628398,1610612749,2024,2024
1628398,1610612764,2021,2024
1631222,1610612758,2024,2024
1631222,1610612763,2022,2024
203897,1610612741,2020,2024
203897,1610612758,2024,2024
1627746,1610612757,2018,2019
1627746,1610612758,2016,2024
1629111,1610612745,2023,2024
1629111,1610612756,2022,2022
1629111,1610612759,2021,2021
1641796,1610612748,2024,2024
1630639,1610612742,2022,2023
1630639,1610612750,2022,2022
1630639,1610612761,2024,2024
1627747,1610612737,2024,2024
1627747,1610612739,2021,2024
1627747,1610612751,2020,2020
1627747,1610612754,2020,2021
1627814,1610612744,2019,2021
1627814,1610612756,2022,2024
203458,1610612747,2024,2024
203458,1610612758,2021,2024
203458,1610612761,2020,2020
203458,1610612764,2020,2020
202695,1610612746,2019,2024
1642502,1610612760,2024,2024
1641721,1610612747,2023,2024
1641721,1610612751,2024,2024
1630604,1610612740,2023,2023
1630604,1610612741,2024,2024
203081,1610612749,2023,2024
203081,1610612757,2020,2022
1641726,1610612742,2023,2024
1641753,1610612749,2023,2024
1626172,1610612744,2020,2024
201572,1610612749,2020,2024
201567,1610612739,2020,2022
201567,1610612748,2022,2024
200768,1610612748,2021,2023
200768,1610612755,2023,2024
200768,1610612761,2020,2020
1641754,1610612737,2023,2023
1626168,1610612758,2021,2024
1626168,1610612759,2020,2020
1626168,1610612765,2021,2021
1630572,1610612749,2021,2022
1630572,1610612759,2022,2024
1629611,1610612737,2024,2024
1629611,1610612746,2020,2024
1630544,1610612760,2021,2023
1630544,1610612766,2023,2024
1628374,1610612739,2021,2021
1628374,1610612741,2020,2020
1628374,1610612762,2022,2024
1630230,1610612740,2020,2023
1630230,1610612742,2024,2024
1628997,1610612742,2024,2024
1628997,1610612748,2021,2023
1628997,1610612755,2024,2024
1628997,1610612766,2020,2020
1628998,1610612756,2024,2024
1628998,1610612766,2020,2024
1641798,1610612751,2024,2024
1641798,1610612764,2024,2024
1630231,1610612745,2020,2022
1630231,1610612746,2023,2023
1630231,1610612755,2023,2024
1630231,1610612762,2024,2024
1631213,1610612737,2022,2022
1631213,1610612751,2024,2024
1629726,1610612737,2022,2024
1629726,1610612745,2021,2022
1629726,1610612764,2020,2020
1631097,1610612754,2022,2024
1631255,1610612740,2024,2024
1630178,1610612755,2020,2024
1630540,1610612752,2021,2024
1642272,1610612755,2024,2024
1630644,1610612741,2021,2021
1630644,1610612747,2021,2021
1630644,1610612753,2024,2024
1630644,1610612755,2022,2022
203468,1610612740,2021,2024
203468,1610612757,2020,2021
204456,1610612754,2020,2024
1641755,1610612752,2024,2024
1630183,1610612750,2020,2024
1629667,1610612755,2022,2022
1629667,1610612761,2023,2023
1629667,1610612764,2024,2024
1629667,1610612766,2020,2022
203926,1610612754,2020,2023
203926,1610612758,2024,2024
203926,1610612759,2021,2023
1631121,1610612757,2024,2024
1631121,1610612766,2022,2023
1629162,1610612750,2020,2023
1629162,1610612758,2024,2024
1629162,1610612759,2024,2024
1629098,1610612745,2024,2024
1629001,1610612744,2024,2024
1629001,1610612755,2022,2023
1629001,1610612763,2020,2021
1630241,1610612739,2022,2024
1630241,1610612749,2020,2020
1630241,1610612763,2021,2021
203995,1610612756,2024,2024
203995,1610612760,2023,2023
203995,1610612766,2023,2024
203114,1610612749,2020,2024
203114,1610612764,2024,2024
1641706,1610612766,2023,2024
1641801,1610612741,2024,2024
1641757,1610612746,2023,2024
1631159,1610612750,2023,2024
201988,1610612737,2023,2023
201988,1610612746,2024,2024
201988,1610612748,2023,2023
201988,1610612751,2021,2022
201988,1610612759,2020,2020
201988,1610612762,2024,2024
1629003,1610612747,2024,2024
1629003,1610612750,2023,2023
1629003,1610612751,2024,2024
1629003,1610612752,2023,2023
1629003,1610612755,2020,2022
1629003,1610612765,2023,2023
1631303,1610612757,2022,2024
1642434,1610612759,2024,2024
1631169,1610612750,2022,2024
1642274,1610612740,2024,2024
1642349,1610612760,2024,2024
1630558,1610612748,2024,2024
1630558,1610612758,2021,2023
1630558,1610612761,2024,2024
1628378,1610612739,2022,2024
1628378,1610612762,2020,2021
1630596,1610612739,2021,2024
1642367,1610612761,2024,2024
1628370,1610612747,2021,2021
1628370,1610612758,2022,2024
1628370,1610612766,2020,2020
1630541,1610612744,2021,2024
1631386,1610612757,2023,2024
1631111,1610612750,2022,2023
1631111,1610612765,2024,2024
1631111,1610612766,2024,2024
1629630,1610612763,2020,2024
202693,1610612742,2022,2024
202693,1610612747,2020,2024
202693,1610612748,2021,2021
202693,1610612751,2022,2022
1628420,1610612743,2020,2021
1628420,1610612750,2023,2023
1628420,1610612756,2024,2024
1628420,1610612764,2022,2022
1628420,1610612765,2023,2023
1630530,1610612740,2021,2024
1627749,1610612737,2022,2023
1627749,1610612740,2024,2024
1627749,1610612759,2020,2021
1627750,1610612743,2019,2024
1631099,1610612758,2022,2024
1631200,1610612757,2023,2024
1629004,1610612738,2023,2023
1629004,1610612752,2022,2022
1629004,1610612760,2020,2020
1629004,1610612761,2021,2021
1629004,1610612762,2024,2024
1629004,1610612765,2020,2020
1629004,1610612766,2022,2022
1631250,1610612739,2023,2023
1631250,1610612749,2024,2024
1631250,1610612755,2024,2024
1626204,1610612737,2024,2024
1626204,1610612739,2020,2020
1626204,1610612740,2021,2023
1626204,1610612757,2021,2021
1629614,1610612754,2022,2024
1630174,1610612738,2020,2021
1630174,1610612754,2022,2024
1641803,1610612750,2024,2024
1641803,1610612754,2024,2024
1627777,1610612737,2024,2024
1627777,1610612739,2023,2024
1627777,1610612755,2021,2022
1627777,1610612762,2020,2020
1630227,1610612745,2021,2022
1630227,1610612750,2023,2024
1630192,1610612743,2020,2024
1641936,1610612738,2024,2024
1629669,1610612740,2024,2024
1629669,1610612750,2020,2022
1629669,1610612763,2023,2023
1629669,1610612765,2023,2023
203994,1610612756,2023,2024
203994,1610612757,2020,2022
203994,1610612766,2024,2024
1626220,1610612751,2022,2023
1626220,1610612756,2023,2024
1626220,1610612762,2020,2021
1626143,1610612740,2018,2019
1626143,1610612751,2017,2017
1626143,1610612754,2024,2024
1626143,1610612755,2017,2017
1626143,1610612765,2020,2020
1629643,1610612739,2024,2024
1629643,1610612753,2020,2023
1629643,1610612755,2024,2024
1629006,1610612750,2020,2021
1629006,1610612756,2022,2024
1629006,1610612766,2024,2024
1630168,1610612737,2020,2024
1630171,1610612739,2020,2024
1642439,1610612747,2024,2024
203482,1610612740,2024,2024
203482,1610612745,2020,2020
203482,1610612748,2020,2020
203482,1610612761,2023,2024
203482,1610612762,2022,2023
203482,1610612765,2021,2021
1626162,1610612744,2020,2020
1626162,1610612755,2023,2024
1626162,1610612766,2021,2022
101108,1610612744,2023,2023
101108,1610612756,2020,2022
101108,1610612759,2024,2024
1626166,1610612749,2023,2023
1626166,1610612752,2024,2024
1626166,1610612755,2023,2023
1626166,1610612756,2020,2022
203901,1610612740,2018,2024
203901,1610612752,2019,2020
203901,1610612756,2021,2021
203901,1610612766,2024,2024
1627780,1610612744,2020,2024
1627780,1610612757,2022,2022
1641809,1610612738,2023,2024
1641763,1610612741,2023,2024
1629618,1610612743,2023,2024
1630590,1610612747,2022,2022
1630590,1610612763,2023,2024
1631342,1610612737,2024,2024
203486,1610612746,2022,2023
203486,1610612756,2024,2024
203486,1610612765,2020,2020
203486,1610612766,2021,2022
1641764,1610612744,2023,2024
1627751,1610612759,2020,2022
1627751,1610612761,2022,2024
1629673,1610612744,2020,2022
1629673,1610612764,2023,2024
1641854,1610612739,2023,2024
1629645,1610612739,2019,2019
1629645,1610612745,2020,2022
1629645,1610612746,2024,2024
1629645,1610612749,2024,2024
1629008,1610612743,2020,2024
1626171,1610612749,2020,2024
204001,1610612738,2023,2024
204001,1610612742,2020,2021
204001,1610612764,2021,2022
1642366,1610612744,2024,2024
1630695,1610612762,2022,2024
1630695,1610612765,2021,2021
203939,1610612742,2020,2024
1626181,1610612746,2021,2024
1626181,1610612757,2020,2021
1626181,1610612761,2020,2020
1627752,1610612739,2020,2020
1627752,1610612747,2023,2023
1627752,1610612749,2024,2024
1627752,1610612750,2021,2022
1627752,1610612751,2020,2020
1630202,1610612738,2020,2024
1641765,1610612742,2023,2024
1642389,1610612763,2024,2024
1630243,1610612745,2021,2021
1630243,1610612753,2023,2024
1630243,1610612754,2022,2022
1629674,1610612738,2023,2024
1629674,1610612758,2021,2022
1630193,1610612752,2020,2023
1630193,1610612761,2023,2024
1631311,1610612740,2024,2024
1631311,1610612744,2022,2023
1631311,1610612755,2024,2024
203944,1610612750,2024,2024
203944,1610612752,2020,2023
1641871,1610612757,2023,2024
1630559,1610612747,2021,2024
1629629,1610612737,2020,2021
1629629,1610612747,2023,2024
1629629,1610612752,2021,2022
1629629,1610612757,2022,2022
1630194,1610612755,2020,2023
1630194,1610612765,2024,2024
1642024,1610612755,2024,2024
1642024,1610612760,2024,2024
1641810,1610612740,2024,2024
1629675,1610612750,2020,2024
1631197,1610612761,2024,2024
1631197,1610612765,2022,2023
1631197,1610612766,2024,2024
1630208,1610612756,2024,2024
1630208,1610612766,2020,2024
1626196,1610612738,2021,2021
1626196,1610612740,2022,2022
1626196,1610612742,2020,2020
1626196,1610612748,2023,2024
1626196,1610612759,2021,2022
1642258,1610612737,2024,2024
1641857,1610612749,2024,2024
1629130,1610612748,2020,2024
1629011,1610612752,2020,2024
1631115,1610612748,2022,2023
1631115,1610612758,2024,2024
1631115,1610612761,2024,2024
1630526,1610612740,2023,2024
1630526,1610612760,2021,2022
1631223,1610612737,2024,2024
1631223,1610612745,2024,2024
1631223,1610612755,2024,2024
1631223,1610612756,2023,2023
1631223,1610612763,2022,2023
1631157,1610612744,2022,2022
1631157,1610612749,2023,2024
1631157,1610612764,2023,2023
1642050,1610612744,2024,2024
1626179,1610612748,2023,2024
1626179,1610612766,2020,2023
1641712,1610612757,2023,2024
1626156,1610612747,2022,2024
1626156,1610612750,2020,2022
1626156,1610612751,2024,2024
1630346,1610612738,2021,2021
1630346,1610612740,2023,2023
1630346,1610612747,2022,2022
1630346,1610612750,2022,2022
1630346,1610612752,2024,2024
1627734,1610612754,2020,2021
1627734,1610612758,2021,2024
1642275,1610612766,2024,2024
1641766,1610612741,2023,2024
1630611,1610612744,2023,2024
1642259,1610612764,2024,2024
1631204,1610612765,2023,2024
1631248,1610612738,2024,2024
203471,1610612738,2021,2021
203471,1610612744,2024,2024
203471,1610612745,2021,2021
203471,1610612747,2020,2022
203471,1610612751,2023,2024
203471,1610612761,2023,2023
203471,1610612765,2024,2024
1630578,1610612745,2021,2024
1641729,1610612762,2023,2024
1629012,1610612739,2020,2021
1629012,1610612762,2022,2024
1629013,1610612751,2020,2020
1629013,1610612752,2024,2024
1629013,1610612756,2021,2022
1629013,1610612764,2023,2023
1630545,1610612750,2024,2024
1630549,1610612751,2021,2024
1631101,1610612757,2022,2024
1642347,1610612761,2024,2024
1641767,1610612754,2023,2024
1642263,1610612745,2024,2024
1627783,1610612754,2023,2024
1627783,1610612761,2020,2023
1627732,1610612746,2024,2024
1627732,1610612751,2022,2024
1627732,1610612755,2019,2020
1629014,1610612757,2020,2024
1642354,1610612766,2024,2024
1630579,1610612749,2024,2024
1630579,1610612752,2021,2024
203935,1610612738,2020,2022
203935,1610612763,2023,2024
203935,1610612764,2024,2024
1630696,1610612748,2022,2024
1630696,1610612751,2022,2022
1630188,1610612741,2024,2024
1630188,1610612754,2021,2023
1630188,1610612756,2020,2021
1642449,1610612765,2024,2024
1641890,1610612749,2024,2024
1631095,1610612745,2022,2024
1641733,1610612766,2023,2024
1631110,1610612759,2022,2024
1642285,1610612763,2024,2024
1630311,1610612744,2023,2024
1630531,1610612738,2023,2024
1630531,1610612755,2021,2023
1630531,1610612762,2024,2024
1641815,1610612748,2024,2024
1630205,1610612738,2023,2023
1630205,1610612739,2020,2022
1630205,1610612763,2023,2024
1630191,1610612765,2020,2024
1631124,1610612743,2023,2024
1629622,1610612739,2023,2024
1629622,1610612748,2020,2022
1630591,1610612753,2021,2024
1631306,1610612747,2022,2022
1631306,1610612748,2023,2023
1631306,1610612761,2024,2024
1631306,1610612765,2024,2024
1630256,1610612745,2020,2024
1628369,1610612738,2020,2024
1630678,1610612741,2022,2023
1630678,1610612754,2021,2022
1630678,1610612758,2024,2024
202066,1610612740,2021,2022
202066,1610612741,2020,2020
202066,1610612761,2023,2024
1631207,1610612741,2022,2024
1628464,1610612738,2020,2021
1628464,1610612740,2024,2024
1628464,1610612741,2020,2020
1628464,1610612745,2021,2021
1628464,1610612746,2023,2023
1628464,1610612754,2022,2023
1630560,1610612751,2021,2024
1641708,1610612745,2023,2024
1641709,1610612765,2023,2024
202691,1610612742,2024,2024
202691,1610612744,2018,2023
202684,1610612738,2020,2020
202684,1610612739,2019,2024
202684,1610612741,2021,2021
202684,1610612754,2021,2021
202684,1610612758,2021,2021
1630550,1610612739,2024,2024
1630550,1610612764,2024,2024
1630550,1610612766,2021,2023
1629680,1610612755,2020,2022
1629680,1610612757,2022,2024
1630214,1610612738,2023,2024
1630214,1610612763,2020,2023
1631166,1610612751,2024,2024
1641772,1610612739,2024,2024
1631210,1610612737,2024,2024
1631210,1610612752,2023,2024
1630167,1610612752,2020,2022
1630167,1610612754,2023,2024
1626157,1610612750,2020,2023
1626157,1610612752,2024,2024
1642422,1610612747,2024,2024
1631247,1610612739,2024,2024
1629018,1610612749,2024,2024
1629018,1610612757,2020,2020
1629018,1610612761,2020,2023
1631131,1610612754,2023,2023
1631131,1610612762,2024,2024
200782,1610612745,2020,2020
200782,1610612746,2023,2023
200782,1610612748,2021,2021
200782,1610612749,2020,2020
200782,1610612752,2024,2024
200782,1610612755,2022,2023
1626167,1610612754,2020,2024
1641816,1610612743,2023,2024
1642281,1610612739,2024,2024
1630649,1610612749,2024,2024
1630649,1610612765,2022,2023
202685,1610612740,2021,2023
202685,1610612758,2024,2024
202685,1610612763,2020,2020
202685,1610612764,2024,2024
1627832,1610612745,2023,2024
1627832,1610612761,2020,2022
1629020,1610612747,2022,2024
1629020,1610612750,2020,2021
1629020,1610612762,2022,2022
1630170,1610612759,2020,2024
1629216,1610612747,2023,2024
1629216,1610612748,2020,2022
1641774,1610612764,2023,2024
202696,1610612741,2020,2024
202696,1610612753,2020,2020
1629731,1610612739,2020,2024
1630532,1610612753,2021,2024
1629021,1610612738,2020,2020
1629021,1610612753,2020,2024
1629021,1610612764,2020,2020
1631133,1610612757,2022,2024
1641716,1610612754,2023,2024
1629022,1610612747,2022,2022
1629022,1610612751,2023,2023
1629022,1610612755,2024,2024
1629022,1610612759,2020,2021
1641717,1610612760,2023,2024
1630811,1610612737,2024,2024
1641775,1610612738,2023,2024
1642266,1610612761,2024,2024
1642276,1610612748,2024,2024
1629023,1610612742,2023,2024
1629023,1610612766,2020,2023
1631102,1610612745,2022,2022
1631102,1610612749,2023,2023
1631102,1610612756,2024,2024
1630322,1610612744,2024,2024
1630322,1610612760,2021,2023
1630322,1610612765,2024,2024
1630570,1610612751,2023,2024
1630570,1610612757,2021,2022
1641817,1610612752,2024,2024
1631212,1610612743,2022,2024
1642377,1610612763,2024,2024
1641705,1610612759,2023,2024
1631104,1610612759,2022,2024
201566,1610612743,2024,2024
201566,1610612746,2022,2023
201566,1610612747,2021,2022
201566,1610612764,2020,2020
1630762,1610612755,2024,2024
1629632,1610612741,2020,2024
1628401,1610612738,2021,2024
1628401,1610612759,2020,2021
1641727,1610612751,2023,2024
1641715,1610612745,2023,2024
1630598,1610612760,2021,2024
203952,1610612744,2020,2024
203952,1610612748,2024,2024
1631214,1610612748,2023,2023
1631214,1610612751,2022,2022
1631214,1610612765,2024,2024
1630314,1610612742,2023,2024
1630314,1610612757,2021,2021
1642262,1610612762,2024,2024
1629684,1610612738,2020,2022
1629684,1610612742,2023,2023
1629684,1610612766,2023,2024
1631114,1610612760,2022,2024
1631119,1610612760,2022,2024
1629026,1610612760,2020,2024
1631109,1610612766,2022,2024
1631466,1610612745,2023,2024
1631466,1610612757,2022,2022
1630172,1610612741,2020,2024
1630533,1610612751,2024,2024
1630533,1610612763,2021,2023
1629057,1610612738,2020,2022
1629057,1610612757,2023,2024
1631246,1610612763,2022,2024
1629627,1610612740,2019,2024
1630592,1610612751,2023,2024
1630164,1610612744,2020,2022
1630164,1610612754,2024,2024
1630164,1610612765,2022,2023
1631209,1610612754,2023,2023
1631209,1610612766,2024,2024
1626153,1610612737,2021,2021
1626153,1610612748,2023,2023
1626153,1610612749,2024,2024
1626153,1610612752,2024,2024
1626153,1610612758,2020,2020
1626153,1610612764,2022,2023
1626153,1610612765,2020,2020
1627824,1610612738,2017,2018
1627824,1610612755,2024,2024
1642385,1610612751,2024,2024
1642443,1610612741,2024,2024
1629027,1610612737,2020,2024
1627826,1610612746,2020,2024
1641783,1610612753,2024,2024
1628427,1610612743,2019,2024
203967,1610612743,2024,2024
203967,1610612744,2023,2023
203967,1610612756,2019,2022
203967,1610612760,2022,2022
