player_id,player_name,birth_date,position,is_active,weight,height,draft_year
1630173,Precious Achiuwa,1999-09-19,Forward,False,243.0,80,2020.0
203500,Steven Adams,1993-07-20,Center,False,265.0,83,2013.0
1628389,Bam Adebayo,1997-07-18,Center-Forward,False,255.0,81,2017.0
1630534,Ochai Agbaji,2000-04-20,Guard,False,215.0,77,2022.0
1630583,Santi Aldama,2001-01-10,Forward-Center,False,215.0,84,2021.0
1641725,Trey Alexander,2003-05-02,Guard,False,185.0,76,
1629638,Nickeil Alexander-Walker,1998-09-02,Guard,False,205.0,77,2019.0
1628960,Grayson Allen,1995-10-08,Guard,False,198.0,76,2018.0
1628386,Jarrett Allen,1998-04-21,Center,False,243.0,81,2017.0
1630631,Jose Alvarado,1998-04-12,Guard,False,179.0,72,
203937,Kyle Anderson,1993-09-20,Forward-Guard,False,230.0,81,2014.0
203507,Giannis Antetokounmpo,1994-12-06,Forward,False,243.0,83,2013.0
1630175,Cole Anthony,2000-05-15,Guard,False,185.0,74,2020.0
1628384,OG Anunoby,1997-07-17,Forward-Guard,False,240.0,79,2017.0
1642379,Taran Armstrong,2002-01-15,Guard,False,190.0,77,
1630166,Deni Avdija,2001-01-03,Forward,False,240.0,81,2020.0
1629028,Deandre Ayton,1998-07-23,Center,False,252.0,84,2018.0
1630542,Marcus Bagley,2001-10-23,Forward,False,217.0,78,
1628963,Marvin Bagley III,1999-03-14,Forward,False,235.0,82,2018.0
1631116,Patrick Baldwin Jr.,2002-11-18,Forward,False,220.0,81,2022.0
1630163,LaMelo Ball,2001-08-22,Guard,False,180.0,79,2020.0
1628366,Lonzo Ball,1997-10-27,Guard,False,190.0,78,2017.0
1628964,Mo Bamba,1998-05-12,Center,False,231.0,84,2018.0
1631094,Paolo Banchero,2002-11-12,Forward,False,250.0,82,2022.0
1630217,Desmond Bane,1998-06-25,Guard,False,215.0,77,2020.0
1630625,Dalano Banton,1999-11-07,Forward,False,203.0,80,2021.0
1631230,Dominick Barlow,2003-05-26,Forward,False,215.0,80,
203084,Harrison Barnes,1992-05-30,Forward,False,225.0,80,2012.0
1630567,Scottie Barnes,2001-08-01,Forward-Guard,False,237.0,79,2021.0
1629628,RJ Barrett,2000-06-14,Forward-Guard,False,214.0,78,2019.0
1629646,Charles Bassey,2000-10-28,Center-Forward,False,230.0,82,2021.0
1641734,Emoni Bates,2004-01-28,Forward,False,202.0,80,2023.0
1642419,Jamison Battle,2001-05-10,Forward,False,220.0,79,
201587,Nicolas Batum,1988-12-14,Guard-Forward,False,230.0,80,2008.0
1641878,Damion Baugh,2000-08-03,Guard,False,194.0,76,
203078,Bradley Beal,1993-06-28,Guard,False,207.0,76,2012.0
1627736,Malik Beasley,1996-11-26,Guard,False,187.0,76,2016.0
1630699,MarJon Beauchamp,2000-10-12,Forward,False,199.0,79,2022.0
1641736,Reece Beekman,2001-10-08,Guard,False,190.0,75,
1630180,Saddiq Bey,1999-04-09,Guard-Forward,False,215.0,79,2020.0
1629048,Goga Bitadze,1999-07-20,Center-Forward,False,250.0,82,2019.0
202687,Bismack Biyombo,1992-08-28,Center,False,255.0,80,2011.0
1641710,Anthony Black,2004-01-20,Guard,False,200.0,79,2023.0
203992,Bogdan Bogdanović,1992-08-18,Guard,False,225.0,77,2014.0
1629626,Bol Bol,1999-11-16,Center-Forward,False,220.0,87,2019.0
1641737,Adem Bona,2003-03-28,Forward,False,235.0,82,2024.0
1626164,Devin Booker,1996-10-30,Guard,False,206.0,78,2015.0
1630527,Brandon Boston,2001-11-28,Guard,False,188.0,78,2021.0
1628449,Chris Boucher,1993-01-11,Forward,False,200.0,81,
1631123,Jamaree Bouyea,1999-06-27,Guard,False,180.0,74,
1628396,Tony Bradley,1998-01-08,Center-Forward,False,248.0,83,2017.0
1631103,Malaki Branham,2003-05-12,Forward,False,180.0,76,2022.0
1631128,Christian Braun,2001-04-17,Guard,False,220.0,78,2022.0
1641779,Jalen Bridges,2001-05-14,Forward,False,225.0,80,
1628969,Mikal Bridges,1996-08-30,Guard-Forward,False,209.0,78,2018.0
1628970,Miles Bridges,1998-03-21,Forward,False,225.0,79,2018.0
1629052,Oshae Brissett,1998-06-20,Forward-Guard,False,210.0,79,
1627763,Malcolm Brogdon,1992-12-11,Guard,False,229.0,76,2016.0
1628415,Dillon Brooks,1996-01-22,Guard-Forward,False,225.0,78,2017.0
1631232,Keion Brooks Jr.,2000-08-07,Forward,False,210.0,79,
1628971,Bruce Brown,1996-08-15,Guard-Forward,False,202.0,76,2018.0
1627759,Jaylen Brown,1996-10-24,Guard-Forward,False,223.0,78,2016.0
1641738,Kobe Brown,2000-01-01,Forward,False,250.0,79,2023.0
1629650,Moses Brown,1999-10-13,Center,False,258.0,86,
1628973,Jalen Brunson,1996-08-31,Guard,False,190.0,74,2018.0
1628418,Thomas Bryant,1997-07-31,Center-Forward,False,248.0,82,2017.0
1641723,Kobe Bufkin,2003-09-21,Guard,False,195.0,76,2023.0
202692,Alec Burks,1991-07-20,Guard,False,214.0,77,2011.0
1630215,Jared Butler,2000-08-25,Guard,False,193.0,75,2021.0
202710,Jimmy Butler III,1989-09-14,Forward,False,230.0,79,2011.0
1641824,Matas Buzelis,2004-10-13,Forward,False,209.0,82,2024.0
1631288,Jamal Cain,1999-03-20,Forward,False,191.0,78,
203484,Kentavious Caldwell-Pope,1993-02-18,Guard,False,204.0,77,2013.0
1641739,Toumani Camara,2000-05-08,Forward,False,229.0,79,2023.0
203991,Clint Capela,1994-05-18,Center,False,256.0,82,2014.0
1642382,Branden Carlson,1999-06-14,Center,False,220.0,84,
1642267,Bub Carrington,2005-07-21,Guard,False,190.0,76,2024.0
1642269,Devin Carter,2002-03-18,Guard,False,195.0,74,2024.0
1628975,Jevon Carter,1995-09-14,Guard,False,200.0,73,2018.0
1628976,Wendell Carter Jr.,1999-04-16,Center-Forward,False,270.0,82,2018.0
1630618,D.J. Carton,2000-08-05,Guard,False,200.0,75,
1627936,Alex Caruso,1994-02-28,Guard,False,186.0,77,
1642264,Stephon Castle,2004-11-01,Guard,False,215.0,78,2024.0
1630658,Colin Castleton,2000-05-25,Center,False,250.0,82,
1630577,Julian Champagnie,2001-06-29,Forward,False,217.0,79,
1630551,Justin Champagnie,2001-06-29,Guard-Forward,False,206.0,78,
1642279,Ulrich Chomche,2005-12-30,Center,False,235.0,83,2024.0
1642353,Cam Christie,2005-07-24,Guard,False,190.0,78,2024.0
1631108,Max Christie,2003-02-10,Guard,False,190.0,77,2022.0
1630528,Josh Christopher,2001-12-08,Guard,False,215.0,76,2021.0
1631321,Sidy Cissoko,2004-04-02,Guard,False,200.0,78,2023.0
1641740,Jaylen Clark,2001-10-13,Guard,False,205.0,76,2023.0
1629634,Brandon Clarke,1996-09-19,Forward,False,215.0,80,2019.0
203903,Jordan Clarkson,1992-06-07,Guard,False,194.0,75,2014.0
1629651,Nic Claxton,1999-04-17,Center,False,215.0,83,2019.0
1642270,Donovan Clingan,2004-02-23,Center,False,280.0,86,2024.0
1641730,Noah Clowney,2004-07-14,Forward-Center,False,210.0,81,2023.0
1629599,Amir Coffey,1997-06-17,Guard-Forward,False,210.0,79,
1642268,Isaiah Collier,2004-10-08,Guard,False,210.0,75,2024.0
1628381,John Collins,1997-09-23,Forward-Center,False,226.0,81,2017.0
1641879,Yuri Collins,2001-03-07,Guard,False,190.0,72,
1628380,Zach Collins,1997-11-19,Forward-Center,False,250.0,83,2017.0
201144,Mike Conley,1987-10-11,Guard,False,175.0,72,2007.0
1626192,Pat Connaughton,1993-01-06,Guard,False,209.0,77,2015.0
1641731,Bilal Coulibaly,2004-07-26,Guard,False,195.0,80,2023.0
1641741,Ricky Council IV,2001-08-03,Guard,False,207.0,78,
1628470,Torrey Craig,1990-12-19,Forward,False,221.0,77,
1642384,Isaiah Crawford,2001-11-01,Forward,False,220.0,78,
203109,Jae Crowder,1990-07-06,Forward,False,235.0,78,2012.0
1630595,Cade Cunningham,2001-09-25,Guard,False,220.0,78,2021.0
203552,Seth Curry,1990-08-23,Guard,False,185.0,73,
201939,Stephen Curry,1988-03-14,Guard,False,185.0,74,2009.0
1642359,Pacome Dadiet,2005-07-27,Forward,False,210.0,80,2024.0
1630700,Dyson Daniels,2003-03-17,Guard,False,199.0,79,2022.0
1642368,N'Faly Dante,2001-10-19,Center,False,230.0,83,
203076,Anthony Davis,1993-03-11,Forward-Center,False,253.0,82,2012.0
1631098,Johnny Davis,2002-02-27,Guard,False,195.0,76,2022.0
1631120,JD Davison,2002-10-03,Guard,False,195.0,73,2022.0
201942,DeMar DeRozan,1989-08-07,Guard-Forward,False,220.0,78,2009.0
1642484,RayJ Dennis,2001-03-30,Guard,False,180.0,74,
1628978,Donte DiVincenzo,1997-01-31,Guard,False,203.0,76,2018.0
1631217,Moussa Diabaté,2002-01-21,Forward,False,210.0,81,2022.0
1641711,Gradey Dick,2003-11-20,Guard-Forward,False,200.0,78,2023.0
1631172,Ousmane Dieng,2003-05-21,Forward,False,185.0,81,2022.0
1642265,Rob Dillingham,2005-01-04,Guard,False,175.0,75,2024.0
203915,Spencer Dinwiddie,1993-04-06,Guard,False,215.0,77,2014.0
1629029,Luka Dončić,1999-02-28,Forward-Guard,False,230.0,78,2018.0
1629652,Luguentz Dort,1999-04-19,Guard,False,220.0,76,
1630245,Ayo Dosunmu,2000-01-17,Guard,False,200.0,77,2021.0
1630288,Jeff Dowtin Jr.,1997-05-10,Guard,False,177.0,75,
1628408,PJ Dozier,1996-10-25,Guard-Forward,False,205.0,78,
203083,Andre Drummond,1993-08-10,Center,False,279.0,83,2012.0
1630537,Chris Duarte,1997-06-13,Guard,False,190.0,77,2021.0
1642505,Alex Ducas,2000-12-11,Guard,False,220.0,79,
1630561,David Duke Jr.,1999-10-13,Guard,False,204.0,76,
1627739,Kris Dunn,1994-03-18,Guard,False,205.0,75,2016.0
1642346,Ryan Dunn,2003-01-07,Forward,False,216.0,80,2024.0
201142,Kevin Durant,1988-09-29,Forward,False,240.0,83,2007.0
1631105,Jalen Duren,2003-11-18,Center,False,250.0,82,2022.0
1631106,Tari Eason,2001-05-10,Forward,False,215.0,80,2022.0
1641744,Zach Edey,2002-05-14,Center,False,305.0,88,2024.0
1630162,Anthony Edwards,2001-08-05,Guard,False,225.0,76,2020.0
1642399,Jesse Edwards,2000-03-18,Center,False,236.0,84,
1642348,Justin Edwards,2003-12-16,Forward,False,203.0,79,
1630556,Kessler Edwards,2000-08-09,Forward,False,203.0,79,2021.0
1631165,Keon Ellis,2000-01-08,Guard,False,175.0,76,
203954,Joel Embiid,1994-03-16,Center-Forward,False,280.0,84,2014.0
1630623,Tyson Etienne,1999-09-17,Guard,False,200.0,74,
1629234,Drew Eubanks,1997-02-01,Forward-Center,False,245.0,82,
1641787,Tosan Evbuomwan,2001-02-16,Forward,False,217.0,79,
203957,Danté Exum,1995-07-13,Guard,False,214.0,77,2014.0
1628981,Bruno Fernando,1998-08-15,Forward-Center,False,240.0,81,2019.0
1642271,Kyle Filipowski,2003-11-07,Center,False,250.0,83,2024.0
1627827,Dorian Finney-Smith,1993-05-04,Forward,False,220.0,79,
1641745,Adam Flagler,1999-12-01,Guard,False,180.0,75,
1642280,Trentyn Flowers,2005-03-08,Forward,False,185.0,81,
1630201,Malachi Flynn,1998-05-09,Guard,False,185.0,73,2020.0
1631323,Simone Fontecchio,1995-12-09,Forward,False,209.0,79,
1628368,De'Aaron Fox,1997-12-20,Guard,False,185.0,75,2017.0
1642402,Enrique Freeman,2000-07-29,Forward,False,220.0,79,2024.0
1628365,Markelle Fultz,1998-05-29,Guard,False,209.0,76,2017.0
1642277,Johnny Furphy,2004-12-08,Guard,False,200.0,81,2024.0
1629655,Daniel Gafford,1998-10-01,Forward-Center,False,265.0,82,2019.0
1629636,Darius Garland,2000-01-26,Guard,False,192.0,73,2019.0
1630585,Marcus Garrett,1998-11-09,Guard,False,205.0,77,
1630568,Luka Garza,1998-12-27,Center,False,243.0,82,2021.0
1641718,Keyonte George,2003-11-08,Guard,False,185.0,76,2023.0
1642273,Kyshawn George,2003-12-12,Forward,False,200.0,80,2024.0
202331,Paul George,1990-05-02,Forward,False,220.0,80,2010.0
201959,Taj Gibson,1985-06-24,Forward,False,232.0,81,2009.0
1630581,Josh Giddey,2002-10-10,Guard,False,216.0,80,2021.0
1628983,Shai Gilgeous-Alexander,1998-07-12,Guard,False,195.0,78,2018.0
1630264,Anthony Gill,1992-10-17,Forward,False,230.0,80,
1631221,Collin Gillespie,1999-06-25,Guard,False,195.0,73,
203497,Rudy Gobert,1992-06-26,Center,False,258.0,85,2013.0
1630692,Jordan Goodwin,1998-10-23,Guard,False,215.0,77,
203932,Aaron Gordon,1995-09-16,Forward,False,235.0,80,2014.0
201569,Eric Gordon,1988-12-25,Guard,False,215.0,75,2008.0
1641789,Jazian Gortman,2003-03-14,Guard,False,184.0,74,
203924,Jerami Grant,1994-03-12,Forward,False,210.0,79,2014.0
1631260,AJ Green,1999-09-27,Guard,False,190.0,76,
203110,Draymond Green,1990-03-04,Forward,False,230.0,78,2012.0
1630224,Jalen Green,2002-02-09,Guard,False,186.0,76,2021.0
1629750,Javonte Green,1993-07-23,Guard,False,205.0,77,
201145,Jeff Green,1986-08-28,Forward,False,235.0,80,2007.0
1630182,Josh Green,2000-11-16,Guard,False,200.0,77,2020.0
1629656,Quentin Grimes,2000-05-08,Guard,False,210.0,76,2021.0
1631243,Mouhamed Gueye,2002-11-09,Forward,False,210.0,82,2023.0
1629060,Rui Hachimura,1998-02-08,Forward,False,230.0,80,2019.0
1630169,Tyrese Haliburton,2000-02-29,Guard,False,185.0,77,2020.0
1641790,PJ Hall,2002-02-21,Center,False,245.0,82,
203501,Tim Hardaway Jr.,1992-03-16,Guard-Forward,False,205.0,77,2013.0
201935,James Harden,1989-08-26,Guard,False,220.0,77,2009.0
1630702,Jaden Hardy,2002-07-05,Guard,False,198.0,75,2022.0
1641989,Elijah Harkless,2000-02-03,Guard,False,195.0,75,
1631199,Ron Harper Jr.,2000-04-12,Guard-Forward,False,233.0,76,
203914,Gary Harris,1994-09-14,Guard,False,210.0,76,2014.0
202699,Tobias Harris,1992-07-15,Forward,False,226.0,80,2011.0
1628404,Josh Hart,1995-03-06,Guard,False,215.0,76,2017.0
1628392,Isaiah Hartenstein,1998-05-05,Center-Forward,False,250.0,84,2017.0
1630573,Sam Hauser,1997-12-08,Forward,False,217.0,79,
1641722,Jordan Hawkins,2002-04-29,Guard,False,190.0,77,2023.0
1629637,Jaxson Hayes,2000-05-23,Center-Forward,False,220.0,84,2019.0
1630165,Killian Hayes,2001-07-27,Guard,False,195.0,77,2020.0
1630703,Scoot Henderson,2004-02-03,Guard,False,206.0,75,2023.0
1641707,Taylor Hendricks,2003-11-22,Forward,False,215.0,81,2023.0
1629639,Tyler Herro,2000-01-20,Guard,False,195.0,77,2019.0
1627741,Buddy Hield,1992-12-17,Guard,False,220.0,76,2016.0
1629312,Haywood Highsmith,1996-12-09,Forward,False,220.0,77,2018.0
1628988,Aaron Holiday,1996-09-30,Guard,False,185.0,72,2018.0
201950,Jrue Holiday,1990-06-12,Guard,False,205.0,76,2009.0
1641842,Ronald Holland II,2005-07-07,Forward,False,206.0,80,2024.0
1626158,Richaun Holmes,1993-10-15,Forward,False,235.0,81,2015.0
1641747,DaRon Holmes II,2002-08-15,Forward,False,225.0,82,2024.0
1631096,Chet Holmgren,2002-05-01,Center-Forward,False,208.0,85,2022.0
1641720,Jalen Hood-Schifino,2003-06-19,Guard,False,210.0,77,2023.0
201143,Al Horford,1986-06-03,Center-Forward,False,240.0,81,2007.0
1629659,Talen Horton-Tucker,2000-11-25,Guard,False,234.0,76,2019.0
1631216,Caleb Houstan,2003-01-09,Guard,False,205.0,80,2022.0
1641724,Jett Howard,2003-09-14,Guard,False,215.0,78,2023.0
1628989,Kevin Huerter,1998-08-27,Guard-Forward,False,198.0,79,2018.0
1630643,Jay Huff,1997-08-25,Center,False,240.0,85,
1630574,Ariel Hukporti,2002-04-12,Center,False,246.0,83,2024.0
1629631,De'Andre Hunter,1997-12-02,Forward-Guard,False,221.0,80,2019.0
1630538,Bones Hyland,2000-09-14,Guard,False,169.0,74,2021.0
1642345,Oso Ighodaro,2002-07-14,Forward,False,235.0,84,2024.0
204060,Joe Ingles,1987-10-02,Forward-Guard,False,220.0,80,
1627742,Brandon Ingram,1997-09-02,Forward,False,190.0,80,2016.0
1631127,Harrison Ingram,2002-11-27,Forward,False,230.0,77,2024.0
202681,Kyrie Irving,1992-03-23,Guard,False,195.0,74,2011.0
1628371,Jonathan Isaac,1997-10-03,Forward,False,230.0,82,2017.0
1631093,Jaden Ivey,2002-02-13,Guard,False,195.0,76,2022.0
1641713,GG Jackson,2004-12-17,Forward,False,210.0,81,2023.0
1630543,Isaiah Jackson,2002-01-10,Forward,False,205.0,81,2021.0
1631245,Quenton Jackson,1998-09-15,Guard,False,173.0,77,
202704,Reggie Jackson,1990-04-16,Guard,False,208.0,74,2011.0
1641748,Andre Jackson Jr.,2001-11-13,Guard,False,209.0,78,2023.0
1628991,Jaren Jackson Jr.,1999-09-15,Forward-Center,False,242.0,82,2018.0
1631218,Trayce Jackson-Davis,2000-02-22,Forward,False,245.0,81,2023.0
1642355,Bronny James,2004-10-06,Guard,False,210.0,75,2024.0
2544,LeBron James,1984-12-30,Forward,False,250.0,81,2003.0
1631170,Jaime Jaquez Jr.,2001-02-18,Guard,False,225.0,78,2023.0
1629610,DaQuan Jeffries,1997-08-30,Guard-Forward,False,222.0,77,
1641998,Trey Jemison III,1999-11-28,Center,False,270.0,83,
1642450,Daniss Jenkins,2001-08-17,Guard,False,165.0,75,
1629660,Ty Jerome,1997-07-08,Guard-Forward,False,195.0,77,2019.0
1630198,Isaiah Joe,1999-07-02,Guard,False,165.0,75,2020.0
1642358,AJ Johnson,2004-12-01,Guard,False,160.0,77,2024.0
1629661,Cameron Johnson,1996-03-03,Forward,False,210.0,80,2019.0
1630552,Jalen Johnson,2001-12-18,Forward,False,219.0,80,2021.0
201949,James Johnson,1987-02-20,Forward,False,240.0,79,2009.0
1629640,Keldon Johnson,1999-10-11,Forward-Guard,False,220.0,77,2019.0
1630553,Keon Johnson,2002-03-10,Guard,False,185.0,77,2021.0
1642352,Keshad Johnson,2001-06-23,Forward,False,225.0,79,
203999,Nikola Jokić,1995-02-19,Center,False,284.0,83,2014.0
1641732,Colby Jones,2002-05-28,Guard,False,207.0,78,2023.0
1641794,Dillon Jones,2001-10-29,Forward,False,235.0,77,2024.0
1630529,Herbert Jones,1998-10-06,Forward,False,206.0,79,2021.0
1642403,Isaac Jones,2000-07-11,Forward,False,245.0,81,
1630539,Kai Jones,2001-01-19,Center-Forward,False,221.0,83,2021.0
1630222,Mason Jones,1998-07-21,Guard,False,200.0,76,
1642461,Spencer Jones,2001-06-14,Forward,False,225.0,79,
1630200,Tre Jones,2000-01-08,Guard,False,185.0,73,2020.0
1626145,Tyus Jones,1996-05-10,Guard,False,196.0,73,2015.0
1627884,Derrick Jones Jr.,1997-02-15,Forward,False,210.0,78,
201599,DeAndre Jordan,1988-07-21,Center,False,265.0,83,2008.0
202709,Cory Joseph,1991-08-20,Guard,False,200.0,74,2011.0
1631107,Nikola Jović,2003-06-09,Forward,False,205.0,82,2022.0
1630548,Johnny Juzang,2001-03-17,Guard,False,226.0,77,
1642530,Yuki Kawamura,2001-05-02,Guard,False,159.0,68,
1630283,Kylor Kelley,1997-08-26,Center,False,230.0,84,
1628379,Luke Kennard,1996-06-24,Guard,False,206.0,77,2017.0
1631117,Walker Kessler,2001-07-26,Center,False,245.0,84,2022.0
1630296,Braxton Key,1997-02-14,Forward,False,225.0,80,
1630557,Corey Kispert,1999-03-03,Forward,False,224.0,78,2021.0
1628467,Maxi Kleber,1992-01-29,Forward,False,240.0,82,
1641752,Bobi Klintman,2003-03-06,Forward,False,225.0,81,2024.0
1642261,Dalton Knecht,2001-04-19,Forward,False,215.0,78,2024.0
1628995,Kevin Knox II,1999-08-11,Forward,False,215.0,80,2018.0
1642278,Tyler Kolek,2001-03-27,Guard,False,195.0,75,2024.0
1631132,Christian Koloko,2000-06-20,Center,False,225.0,84,2022.0
1629723,John Konchar,1996-03-22,Guard,False,210.0,77,
1628436,Luke Kornet,1995-07-15,Center-Forward,False,250.0,85,
1630249,Vít Krejčí,2000-06-19,Guard,False,195.0,80,2020.0
1630228,Jonathan Kuminga,2002-10-06,Forward,False,225.0,79,2021.0
1628398,Kyle Kuzma,1995-07-24,Forward,False,221.0,81,2017.0
1631222,Jake LaRavia,2001-11-03,Forward,False,235.0,79,2022.0
203897,Zach LaVine,1995-03-10,Guard,False,200.0,77,2014.0
1627746,Skal Labissiere,1996-03-18,Forward-Center,False,235.0,82,2016.0
1629111,Jock Landale,1995-10-25,Center,False,255.0,83,
1641796,Pelle Larsson,2001-02-23,Guard,False,215.0,77,2024.0
1630639,A.J. Lawson,2000-07-15,Guard,False,179.0,78,
1627747,Caris LeVert,1994-08-25,Guard,False,205.0,78,2016.0
1627814,Damion Lee,1992-10-21,Guard-Forward,False,210.0,78,
203458,Alex Len,1993-06-16,Center,False,250.0,84,2013.0
202695,Kawhi Leonard,1991-06-29,Forward,False,225.0,79,2011.0
1642502,Malevy Leons,1999-09-23,Forward,False,210.0,81,
1641721,Maxwell Lewis,2002-07-27,Forward,False,215.0,79,2023.0
1630604,E.J. Liddell,2000-12-18,Forward,False,240.0,78,2022.0
203081,Damian Lillard,1990-07-15,Guard,False,195.0,74,2012.0
1641726,Dereck Lively II,2004-02-12,Center,False,230.0,85,2023.0
1641753,Chris Livingston,2003-10-15,Forward,False,220.0,78,2023.0
1626172,Kevon Looney,1996-02-06,Forward,False,222.0,81,2015.0
201572,Brook Lopez,1988-04-01,Center,False,282.0,85,2008.0
201567,Kevin Love,1988-09-07,Forward-Center,False,251.0,80,2008.0
200768,Kyle Lowry,1986-03-25,Guard,False,196.0,72,2006.0
1641754,Seth Lundy,2000-04-02,Guard-Forward,False,220.0,76,2023.0
1626168,Trey Lyles,1995-11-05,Forward,False,234.0,81,2015.0
1630572,Sandro Mamukelashvili,1999-05-23,Forward-Center,False,240.0,81,2021.0
1629611,Terance Mann,1996-10-18,Guard-Forward,False,215.0,77,2019.0
1630544,Tre Mann,2001-02-03,Guard,False,178.0,75,2021.0
1628374,Lauri Markkanen,1997-05-22,Forward-Center,False,240.0,84,2017.0
1630230,Naji Marshall,1998-01-24,Forward,False,220.0,78,
1628997,Caleb Martin,1995-09-28,Forward,False,205.0,77,
1628998,Cody Martin,1995-09-28,Forward,False,205.0,78,2019.0
1641798,Jaylen Martin,2004-01-28,Guard,False,216.0,78,
1630231,KJ Martin,2001-01-06,Forward,False,215.0,78,2020.0
1631213,Tyrese Martin,1999-03-07,Forward,False,215.0,78,2022.0
1629726,Garrison Mathews,1996-10-24,Guard,False,215.0,78,
1631097,Bennedict Mathurin,2002-06-19,Guard-Forward,False,210.0,77,2022.0
1631255,Karlo Matković,2001-03-30,Forward-Center,False,231.0,82,2022.0
1630178,Tyrese Maxey,2000-11-04,Guard,False,200.0,74,2020.0
1630540,Miles McBride,2000-09-08,Guard,False,195.0,73,2021.0
1642272,Jared McCain,2004-02-20,Guard,False,195.0,75,2024.0
1630644,Mac McClung,1999-01-06,Guard,False,185.0,74,
203468,CJ McCollum,1991-09-19,Guard,False,190.0,75,2013.0
204456,T.J. McConnell,1992-03-25,Guard,False,190.0,73,2015.0
1641755,Kevin McCullar Jr.,2001-03-15,Guard,False,210.0,78,2024.0
1630183,Jaden McDaniels,2000-09-29,Forward,False,185.0,81,2020.0
1629667,Jalen McDaniels,1998-01-31,Forward,False,190.0,81,2019.0
203926,Doug McDermott,1992-01-03,Forward,False,225.0,78,2014.0
1631121,Bryce McGowens,2002-11-08,Guard,False,190.0,78,2022.0
1629162,Jordan McLaughlin,1996-04-09,Guard,False,185.0,72,
1629098,Jack McVeigh,1996-06-27,Guard-Forward,False,215.0,80,
1629001,De'Anthony Melton,1998-05-28,Guard,False,200.0,75,2018.0
1630241,Sam Merrill,1996-05-15,Guard,False,205.0,76,2020.0
203995,Vasilije Micić,1994-01-13,Guard,False,188.0,75,2014.0
203114,Khris Middleton,1991-08-12,Forward,False,222.0,79,2012.0
1641706,Brandon Miller,2002-11-22,Forward,False,200.0,79,2023.0
1641801,Emanuel Miller,2000-06-19,Forward,False,215.0,79,
1641757,Jordan Miller,2000-01-23,Guard,False,194.0,77,2023.0
1631159,Leonard Miller,2003-11-26,Forward,False,220.0,82,2023.0
201988,Patty Mills,1988-08-11,Guard,False,180.0,74,2009.0
1629003,Shake Milton,1996-09-26,Guard,False,205.0,77,2018.0
1631303,Justin Minaya,1999-03-26,Forward,False,205.0,77,
1642434,Riley Minix,2000-09-22,Forward,False,230.0,79,
1631169,Josh Minott,2002-11-25,Forward,False,205.0,80,2022.0
1642274,Yves Missi,2004-05-14,Center,False,235.0,83,2024.0
1642349,Ajay Mitchell,2002-06-25,Guard,False,190.0,77,2024.0
1630558,Davion Mitchell,1998-09-05,Guard,False,202.0,72,2021.0
1628378,Donovan Mitchell,1996-09-07,Guard,False,215.0,75,2017.0
1630596,Evan Mobley,2001-06-18,Center,False,215.0,83,2021.0
1642367,Jonathan Mogbo,2001-10-29,Forward,False,225.0,81,2024.0
1628370,Malik Monk,1998-02-04,Guard,False,200.0,75,2017.0
1630541,Moses Moody,2002-05-31,Guard,False,211.0,77,2021.0
1631386,Tazé Moore,1998-06-29,Guard,False,195.0,77,
1631111,Wendell Moore Jr.,2001-09-18,Guard,False,215.0,77,2022.0
1629630,Ja Morant,1999-08-10,Guard,False,174.0,74,2019.0
202693,Markieff Morris,1989-09-02,Forward,False,245.0,81,2011.0
1628420,Monté Morris,1995-06-27,Guard,False,183.0,74,2017.0
1630530,Trey Murphy III,2000-06-18,Forward,False,206.0,80,2021.0
1627749,Dejounte Murray,1996-09-19,Guard,False,180.0,76,2016.0
1627750,Jamal Murray,1997-02-23,Guard,False,215.0,76,2016.0
1631099,Keegan Murray,2000-08-19,Forward,False,225.0,80,2022.0
1631200,Kris Murray,2000-08-19,Forward,False,216.0,80,2023.0
1629004,Svi Mykhailiuk,1997-06-10,Guard-Forward,False,205.0,79,2018.0
1631250,Pete Nance,2000-02-19,Forward,False,225.0,82,
1626204,Larry Nance Jr.,1993-01-01,Forward-Center,False,245.0,80,2015.0
1629614,Andrew Nembhard,2000-01-16,Guard-Forward,False,191.0,76,2022.0
1630174,Aaron Nesmith,1999-10-16,Guard-Forward,False,215.0,78,2020.0
1641803,Tristen Newton,2001-04-26,Guard,False,190.0,77,2024.0
1627777,Georges Niang,1993-06-17,Forward,False,230.0,79,2016.0
1630227,Daishen Nix,2002-02-13,Guard,False,238.0,76,
1630192,Zeke Nnaji,2001-01-09,Forward-Center,False,240.0,81,2020.0
1641936,Miles Norris,2000-04-15,Forward,False,220.0,79,
1629669,Jaylen Nowell,1999-07-09,Guard,False,201.0,76,2019.0
203994,Jusuf Nurkić,1994-08-23,Center,False,290.0,84,2014.0
1626220,Royce O'Neale,1993-06-05,Forward,False,226.0,78,
1626143,Jahlil Okafor,1995-12-15,Center-Forward,False,270.0,82,2015.0
1629643,Chuma Okeke,1998-08-18,Forward,False,229.0,79,2019.0
1629006,Josh Okogie,1998-09-01,Guard,False,213.0,76,2018.0
1630168,Onyeka Okongwu,2000-12-11,Forward-Center,False,240.0,82,2020.0
1630171,Isaac Okoro,2001-01-26,Forward-Guard,False,225.0,77,2020.0
1642439,Quincy Olivari,2001-05-27,Guard,False,200.0,75,
203482,Kelly Olynyk,1991-04-19,Forward-Center,False,240.0,83,2013.0
1626162,Kelly Oubre Jr.,1995-12-09,Forward-Guard,False,203.0,80,2015.0
101108,Chris Paul,1985-05-06,Guard,False,175.0,72,2005.0
1626166,Cameron Payne,1994-08-08,Guard,False,183.0,75,2015.0
203901,Elfrid Payton,1994-02-22,Guard,False,195.0,75,2014.0
1627780,Gary Payton II,1992-12-01,Guard,False,195.0,74,
1641809,Drew Peterson,1999-11-09,Forward,False,205.0,81,
1641763,Julian Phillips,2003-11-05,Forward,False,198.0,80,2023.0
1629618,Jalen Pickett,1999-10-22,Guard,False,202.0,74,2023.0
1630590,Scotty Pippen Jr.,2000-11-10,Guard,False,170.0,73,
1631342,Daeqwon Plowden,1998-08-29,Guard-Forward,False,216.0,78,
203486,Mason Plumlee,1990-03-05,Forward-Center,False,254.0,82,2013.0
1641764,Brandin Podziemski,2003-02-25,Guard,False,205.0,76,2023.0
1627751,Jakob Poeltl,1995-10-15,Center,False,260.0,84,2016.0
1629673,Jordan Poole,1999-06-19,Guard,False,194.0,76,2019.0
1641854,Craig Porter Jr.,2000-02-26,Guard,False,180.0,73,
1629645,Kevin Porter Jr.,2000-05-04,Guard-Forward,False,203.0,76,2019.0
1629008,Michael Porter Jr.,1998-06-29,Forward,False,218.0,82,2018.0
1626171,Bobby Portis,1995-02-10,Forward,False,250.0,82,2015.0
204001,Kristaps Porziņģis,1995-08-02,Forward-Center,False,240.0,86,2015.0
1642366,Quinten Post,2000-03-21,Center,False,238.0,84,2024.0
1630695,Micah Potter,1998-04-06,Center,False,248.0,81,
203939,Dwight Powell,1991-07-20,Forward-Center,False,240.0,82,2014.0
1626181,Norman Powell,1993-05-25,Guard,False,215.0,76,2015.0
1627752,Taurean Prince,1994-03-22,Forward,False,218.0,78,2016.0
1630202,Payton Pritchard,1998-01-28,Guard,False,195.0,73,2020.0
1641765,Olivier-Maxence Prosper,2002-07-03,Forward,False,230.0,79,2023.0
1642389,Zyon Pullin,2001-03-03,Guard,False,206.0,76,
1630243,Trevelin Queen,1997-02-25,Guard,False,190.0,77,
1629674,Neemias Queta,1999-07-13,Center,False,248.0,84,2021.0
1630193,Immanuel Quickley,1999-06-17,Guard,False,190.0,74,2020.0
1631311,Lester Quinones,2000-11-16,Guard,False,208.0,76,
203944,Julius Randle,1994-11-29,Forward-Center,False,250.0,81,2014.0
1641871,Duop Reath,1996-06-26,Center,False,245.0,81,
1630559,Austin Reaves,1998-05-29,Guard,False,197.0,77,
1629629,Cam Reddish,1999-09-01,Forward-Guard,False,217.0,79,2019.0
1630194,Paul Reed,1999-06-14,Forward,False,210.0,81,2020.0
1642024,Alex Reese,1999-05-21,Forward-Center,False,245.0,81,
1641810,Antonio Reeves,2002-11-20,Guard,False,205.0,77,2024.0
1629675,Naz Reid,1999-08-26,Center-Forward,False,264.0,81,
1631197,Jared Rhoden,1999-08-27,Guard,False,210.0,77,
1630208,Nick Richards,1997-11-29,Center,False,245.0,84,2020.0
1626196,Josh Richardson,1993-09-15,Guard,False,200.0,77,2015.0
1642258,Zaccharie Risacher,2005-04-08,Forward,False,200.0,80,2024.0
1641857,Liam Robbins,1999-07-12,Center,False,250.0,84,
1629130,Duncan Robinson,1994-04-22,Forward,False,215.0,79,
1629011,Mitchell Robinson,1998-04-01,Center-Forward,False,240.0,84,2018.0
1631115,Orlando Robinson,2000-07-10,Center,False,235.0,82,
1630526,Jeremiah Robinson-Earl,2000-11-03,Forward,False,240.0,80,2021.0
1631223,David Roddy,2001-03-27,Forward,False,255.0,76,2022.0
1631157,Ryan Rollins,2002-07-03,Guard,False,180.0,75,2022.0
1642050,Jackson Rowe,1997-01-04,Forward,False,210.0,79,
1626179,Terry Rozier,1994-03-17,Guard,False,190.0,73,2015.0
1641712,Rayan Rupert,2004-05-31,Guard-Forward,False,195.0,78,2023.0
1626156,D'Angelo Russell,1996-02-23,Guard,False,193.0,75,2015.0
1630346,Matt Ryan,1997-04-17,Forward,False,215.0,78,
1627734,Domantas Sabonis,1996-05-03,Forward-Center,False,240.0,82,2016.0
1642275,Tidjane Salaün,2005-08-10,Forward,False,207.0,80,2024.0
1641766,Adama Sanogo,2002-02-12,Forward,False,245.0,81,
1630611,Gui Santos,2002-06-22,Forward,False,185.0,78,2022.0
1642259,Alex Sarr,2005-04-26,Center,False,205.0,84,2024.0
1631204,Marcus Sasser,2000-09-21,Guard,False,195.0,74,2023.0
1631248,Baylor Scheierman,2000-09-26,Guard,False,205.0,78,2024.0
203471,Dennis Schröder,1993-09-15,Guard,False,175.0,73,2013.0
1630578,Alperen Sengun,2002-07-25,Center,False,243.0,83,2021.0
1641729,Brice Sensabaugh,2003-10-30,Forward,False,235.0,77,2023.0
1629012,Collin Sexton,1999-01-04,Guard,False,190.0,75,2018.0
1629013,Landry Shamet,1997-03-13,Guard,False,190.0,76,2018.0
1630545,Terrence Shannon Jr.,2000-07-30,Guard-Forward,False,215.0,78,2024.0
1630549,Day'Ron Sharpe,2001-11-06,Center,False,265.0,81,2021.0
1631101,Shaedon Sharpe,2003-05-30,Guard,False,208.0,77,2022.0
1642347,Jamal Shead,2002-07-24,Guard,False,200.0,73,2024.0
1641767,Ben Sheppard,2001-07-16,Guard,False,190.0,78,2023.0
1642263,Reed Sheppard,2004-06-24,Guard,False,185.0,74,2024.0
1627783,Pascal Siakam,1994-04-02,Forward,False,245.0,80,2016.0
1627732,Ben Simmons,1996-07-20,Guard-Forward,False,240.0,82,2016.0
1629014,Anfernee Simons,1999-06-08,Guard,False,200.0,75,2018.0
1642354,KJ Simpson,2002-08-08,Guard,False,189.0,72,2024.0
1630579,Jericho Sims,1998-10-20,Center,False,250.0,82,2021.0
203935,Marcus Smart,1994-03-06,Guard,False,220.0,75,2014.0
1630696,Dru Smith,1997-12-30,Guard,False,203.0,74,
1630188,Jalen Smith,2000-03-16,Forward-Center,False,215.0,81,2020.0
1642449,Tolu Smith,2000-07-26,Forward,False,,83,
1641890,Tyler Smith,2004-11-02,Forward,False,224.0,81,2024.0
1631095,Jabari Smith Jr.,2003-05-13,Forward,False,220.0,82,2022.0
1641733,Nick Smith Jr.,2004-04-18,Guard,False,185.0,74,2023.0
1631110,Jeremy Sochan,2003-05-20,Forward,False,230.0,80,2022.0
1642285,Cam Spencer,2000-04-06,Guard,False,205.0,76,2024.0
1630311,Pat Spencer,1996-07-04,Guard,False,205.0,75,
1630531,Jaden Springer,2002-09-25,Guard,False,202.0,76,2021.0
1641815,Isaiah Stevens,2000-11-01,Guard,False,185.0,72,
1630205,Lamar Stevens,1997-07-09,Forward,False,230.0,79,
1630191,Isaiah Stewart,2001-05-22,Forward-Center,False,250.0,80,2020.0
1631124,Julian Strawther,2002-04-18,Guard,False,205.0,78,2023.0
1629622,Max Strus,1996-03-28,Guard-Forward,False,215.0,77,
1630591,Jalen Suggs,2001-06-03,Guard,False,205.0,77,2021.0
1631306,Cole Swider,1999-05-08,Forward,False,220.0,80,
1630256,Jae'Sean Tate,1995-10-28,Forward,False,230.0,76,
1628369,Jayson Tatum,1998-03-03,Forward-Guard,False,210.0,80,2017.0
1630678,Terry Taylor,1999-09-23,Forward,False,230.0,76,
202066,Garrett Temple,1986-05-08,Guard-Forward,False,195.0,77,
1631207,Dalen Terry,2002-07-12,Forward,False,195.0,79,2022.0
1628464,Daniel Theis,1992-04-04,Forward-Center,False,245.0,80,
1630560,Cam Thomas,2001-10-13,Guard,False,210.0,75,2021.0
1641708,Amen Thompson,2003-01-30,Guard-Forward,False,200.0,79,2023.0
1641709,Ausar Thompson,2003-01-30,Guard-Forward,False,205.0,78,2023.0
1630679,Ethan Thompson,1999-05-04,Guard,False,195.0,77,
202691,Klay Thompson,1990-02-08,Guard,False,220.0,77,2011.0
202684,Tristan Thompson,1991-03-13,Center-Forward,False,254.0,81,2011.0
1630550,JT Thor,2002-08-26,Forward,False,203.0,81,2021.0
1629680,Matisse Thybulle,1997-03-04,Guard-Forward,False,201.0,77,2019.0
1630214,Xavier Tillman,1999-01-12,Forward,False,245.0,79,2020.0
1631166,Drew Timme,2000-09-09,Forward,False,235.0,82,
1641772,Nae'Qwan Tomlin,2000-12-19,Forward,False,210.0,82,
1642260,Nikola Topić,2005-08-10,Guard,False,200.0,78,2024.0
1631210,Jacob Toppin,2000-05-08,Forward,False,200.0,80,
1630167,Obi Toppin,1998-03-04,Forward,False,220.0,81,2020.0
1626157,Karl-Anthony Towns,1995-11-15,Center-Forward,False,248.0,84,2015.0
1642422,Armel Traoré,2003-01-23,Forward,False,245.0,81,
1631247,Luke Travers,2001-09-03,Forward,False,207.0,79,2022.0
1629018,Gary Trent Jr.,1999-01-18,Guard,False,204.0,77,2018.0
1631131,Oscar Tshiebwe,1999-11-27,Forward-Center,False,255.0,80,
200782,P.J. Tucker,1985-05-05,Forward,False,245.0,77,2006.0
1626167,Myles Turner,1996-03-24,Center-Forward,False,250.0,83,2015.0
1641816,Hunter Tyson,2000-06-13,Forward,False,215.0,80,2023.0
1642281,Jaylon Tyson,2002-12-02,Guard-Forward,False,215.0,78,2024.0
1630649,Stanley Umude,1999-04-12,Guard,False,210.0,78,
202685,Jonas Valančiūnas,1992-05-06,Center,False,265.0,83,2011.0
1627832,Fred VanVleet,1994-02-25,Guard,False,197.0,72,
1629020,Jarred Vanderbilt,1999-04-03,Forward,False,214.0,80,2018.0
1630170,Devin Vassell,2000-08-23,Guard-Forward,False,200.0,77,2020.0
1629216,Gabe Vincent,1996-06-14,Guard,False,200.0,74,
1641774,Tristan Vukcevic,2003-03-11,Forward,False,220.0,84,2023.0
202696,Nikola Vučević,1990-10-24,Center,False,260.0,82,2011.0
1629731,Dean Wade,1996-11-20,Forward-Center,False,228.0,81,
1630532,Franz Wagner,2001-08-27,Forward,False,220.0,82,2021.0
1629021,Moritz Wagner,1997-04-26,Forward-Center,False,245.0,83,2018.0
1631133,Jabari Walker,2002-07-30,Forward,False,237.0,79,2022.0
1641716,Jarace Walker,2003-09-04,Forward,False,235.0,79,2023.0
1629022,Lonnie Walker IV,1998-12-14,Guard-Forward,False,204.0,76,2018.0
1641717,Cason Wallace,2003-11-07,Guard,False,195.0,75,2023.0
1630811,Keaton Wallace,1999-02-26,Guard,False,185.0,75,
1641775,Jordan Walsh,2004-03-03,Guard,False,205.0,78,2023.0
1642266,Ja'Kobe Walter,2004-09-04,Guard,False,180.0,77,2024.0
1642276,Kel'el Ware,2004-04-20,Center,False,230.0,84,2024.0
1629023,P.J. Washington,1998-08-23,Forward,False,230.0,78,2019.0
1631102,TyTy Washington Jr.,2001-11-15,Guard,False,195.0,75,2022.0
1630322,Lindy Waters III,1997-07-28,Forward,False,210.0,78,
1630570,Trendon Watford,2000-11-09,Guard-Forward,False,237.0,80,
1641817,Anton Watson,2000-10-06,Forward,False,225.0,80,2024.0
1631212,Peyton Watson,2002-09-11,Guard,False,200.0,79,2022.0
1642377,Jaylen Wells,2003-08-26,Forward,False,,80,2024.0
1641705,Victor Wembanyama,2004-01-04,Forward-Center,False,235.0,87,2023.0
1631104,Blake Wesley,2003-03-16,Guard,False,185.0,75,2022.0
201566,Russell Westbrook,1988-11-12,Guard,False,200.0,76,2008.0
1630762,Phillip Wheeler,2002-04-23,Forward,False,185.0,80,
1629632,Coby White,2000-02-16,Guard,False,195.0,77,2019.0
1628401,Derrick White,1994-07-02,Guard,False,190.0,76,2017.0
1641727,Dariq Whitehead,2004-08-01,Guard-Forward,False,220.0,78,2023.0
1641715,Cam Whitmore,2004-07-08,Forward,False,230.0,79,2023.0
1630598,Aaron Wiggins,1999-01-02,Guard,False,190.0,77,2021.0
203952,Andrew Wiggins,1995-02-23,Forward,False,197.0,79,2014.0
1631214,Alondes Williams,1999-06-19,Guard,False,210.0,76,
1630314,Brandon Williams,1999-11-22,Guard,False,190.0,73,
1642262,Cody Williams,2004-11-20,Forward,False,190.0,79,2024.0
1629684,Grant Williams,1998-11-30,Forward,False,236.0,78,2019.0
1631114,Jalen Williams,2001-04-14,Guard-Forward,False,211.0,77,2022.0
1631119,Jaylin Williams,2002-06-29,Forward,False,240.0,81,2022.0
1629026,Kenrich Williams,1994-12-02,Guard-Forward,False,210.0,78,
1631109,Mark Williams,2001-12-16,Center,False,240.0,84,2022.0
1631466,Nate Williams,1999-02-12,Guard,False,205.0,77,
1630172,Patrick Williams,2001-08-26,Forward,False,215.0,79,2020.0
1630533,Ziaire Williams,2001-09-12,Forward,False,185.0,81,2021.0
1629057,Robert Williams III,1997-10-17,Center-Forward,False,249.0,81,2018.0
1631246,Vince Williams Jr.,2000-08-30,Guard,False,205.0,76,2022.0
1629627,Zion Williamson,2000-07-06,Forward,False,284.0,78,2019.0
1630592,Jalen Wilson,2000-11-04,Forward,False,220.0,78,2023.0
1630164,James Wiseman,2001-03-31,Center,False,240.0,83,2020.0
1631209,Isaiah Wong,2001-01-28,Guard,False,185.0,75,2023.0
1626153,Delon Wright,1992-04-26,Guard,False,185.0,77,2015.0
1627824,Guerschon Yabusele,1995-12-17,Forward,False,265.0,80,2016.0
1642385,Cui Yongxi,2003-05-28,Forward,False,190.0,77,
1642443,Jahmir Young,2000-10-07,Guard,False,185.0,73,
1629027,Trae Young,1998-09-19,Guard,False,164.0,73,2018.0
1627826,Ivica Zubac,1997-03-18,Center,False,240.0,84,2016.0
1641783,Tristan da Silva,2001-05-15,Forward,False,217.0,80,2024.0
1628427,Vlatko Čančar,1997-04-10,Forward,False,236.0,80,2017.0
203967,Dario Šarić,1994-04-08,Forward-Center,False,225.0,82,2014.0
